run,model_type,sim_id,snap_idx,a,pos_mse,pk_ratio_k0.0245,cross_corr_k0.0245,pk_ratio_k0.0491,cross_corr_k0.0491,pk_ratio_k0.0736,cross_corr_k0.0736,pk_ratio_k0.0982,cross_corr_k0.0982,pk_ratio_k0.1227,cross_corr_k0.1227,pk_ratio_k0.1473,cross_corr_k0.1473,pk_ratio_k0.1718,cross_corr_k0.1718,pk_ratio_k0.1963,cross_corr_k0.1963,pk_ratio_k0.2209,cross_corr_k0.2209,pk_ratio_k0.2454,cross_corr_k0.2454,pk_ratio_k0.2700,cross_corr_k0.2700,pk_ratio_k0.2945,cross_corr_k0.2945,pk_ratio_k0.3191,cross_corr_k0.3191,pk_ratio_k0.3436,cross_corr_k0.3436,pk_ratio_k0.3682,cross_corr_k0.3682,pk_ratio_k0.3927,cross_corr_k0.3927,pk_ratio_k0.4172,cross_corr_k0.4172,pk_ratio_k0.4418,cross_corr_k0.4418,pk_ratio_k0.4663,cross_corr_k0.4663,pk_ratio_k0.4909,cross_corr_k0.4909,pk_ratio_k0.5154,cross_corr_k0.5154,pk_ratio_k0.5400,cross_corr_k0.5400,pk_ratio_k0.5645,cross_corr_k0.5645,pk_ratio_k0.5890,cross_corr_k0.5890,pk_ratio_k0.6136,cross_corr_k0.6136,pk_ratio_k0.6381,cross_corr_k0.6381,pk_ratio_k0.6627,cross_corr_k0.6627,pk_ratio_k0.6872,cross_corr_k0.6872,pk_ratio_k0.7118,cross_corr_k0.7118,pk_ratio_k0.7363,cross_corr_k0.7363,pk_ratio_k0.7609,cross_corr_k0.7609,pk_ratio_k0.7854,cross_corr_k0.7854,pk_ratio_k0.8099,cross_corr_k0.8099,pk_ratio_k0.8345,cross_corr_k0.8345,pk_ratio_k0.8590,cross_corr_k0.8590,pk_ratio_k0.8836,cross_corr_k0.8836,pk_ratio_k0.9081,cross_corr_k0.9081,pk_ratio_k0.9327,cross_corr_k0.9327,pk_ratio_k0.9572,cross_corr_k0.9572,pk_ratio_k0.9817,cross_corr_k0.9817,pk_ratio_k1.0063,cross_corr_k1.0063,pk_ratio_k1.0308,cross_corr_k1.0308,pk_ratio_k1.0554,cross_corr_k1.0554,pk_ratio_k1.0799,cross_corr_k1.0799,pk_ratio_k1.1045,cross_corr_k1.1045,pk_ratio_k1.1290,cross_corr_k1.1290,pk_ratio_k1.1536,cross_corr_k1.1536,pk_ratio_k1.1781,cross_corr_k1.1781,pk_ratio_k1.2026,cross_corr_k1.2026,pk_ratio_k1.2272,cross_corr_k1.2272,pk_ratio_k1.2517,cross_corr_k1.2517,pk_ratio_k1.2763,cross_corr_k1.2763,pk_ratio_k1.3008,cross_corr_k1.3008,pk_ratio_k1.3254,cross_corr_k1.3254,pk_ratio_k1.3499,cross_corr_k1.3499,pk_ratio_k1.3744,cross_corr_k1.3744,pk_ratio_k1.3990,cross_corr_k1.3990,pk_ratio_k1.4235,cross_corr_k1.4235,pk_ratio_k1.4481,cross_corr_k1.4481,pk_ratio_k1.4726,cross_corr_k1.4726,pk_ratio_k1.4972,cross_corr_k1.4972,pk_ratio_k1.5217,cross_corr_k1.5217,pk_ratio_k1.5463,cross_corr_k1.5463
LR (baseline),baseline,90,0,0.10000000149011612,4.493977598940546e-07,0.9996254444122314,0.9998854994773865,0.9990617632865906,0.9997053146362305,0.9986514449119568,0.9992579817771912,0.9980440735816956,0.9987941384315491,0.9962615370750427,0.9981729388237,0.9942708611488342,0.9970651865005493,0.9929865598678589,0.9962752461433411,0.9911174178123474,0.9951552748680115,0.988324761390686,0.9938918948173523,0.9844133257865906,0.9919801950454712,0.9814525246620178,0.9905533194541931,0.97708660364151,0.9892796277999878,0.9739027619361877,0.9870641231536865,0.9668521881103516,0.9851989150047302,0.9633350372314453,0.9820932745933533,0.9581326842308044,0.9804788827896118,0.9516065716743469,0.9778316617012024,0.941673994064331,0.9756510853767395,0.9343869090080261,0.9736071825027466,0.9278391599655151,0.9696324467658997,0.920340895652771,0.9658860564231873,0.909049928188324,0.9626139402389526,0.9001146554946899,0.958146333694458,0.8903138637542725,0.9555713534355164,0.8770977258682251,0.9515642523765564,0.8680773973464966,0.9489700198173523,0.8538540601730347,0.9426085352897644,0.8439573049545288,0.9375446438789368,0.8280658721923828,0.9325363039970398,0.8141347765922546,0.9286156296730042,0.7987405061721802,0.9233187437057495,0.7830944657325745,0.9168710708618164,0.767558753490448,0.9117809534072876,0.7530712485313416,0.9031569361686707,0.7329164147377014,0.8972403407096863,0.7173628807067871,0.8895083665847778,0.7000720500946045,0.8818004131317139,0.6817099452018738,0.8761687278747559,0.667487382888794,0.8690668344497681,0.6459504961967468,0.8621184825897217,0.6276235580444336,0.8506776094436646,0.610375165939331,0.8406906723976135,0.5932685732841492,0.8298660516738892,0.5677497982978821,0.8194341659545898,0.5569735765457153,0.8076529502868652,0.5368785858154297,0.7975856065750122,0.5120577812194824,0.7872158885002136,0.4934207797050476,0.7697193622589111,0.4831298887729645,0.7558958530426025,0.4593226909637451,0.7390446066856384,0.4405162036418915,0.7262316942214966,0.42722585797309875,0.7128151059150696,0.40599891543388367,0.6902653574943542,0.393058717250824,0.6735793352127075,0.3729779124259949,0.6577240824699402,0.3564904034137726,0.6389317512512207,0.34355106949806213,0.6142914891242981,0.32658520340919495,0.5993056297302246,0.31068089604377747,0.5780569911003113,0.298602819442749,0.5565332770347595,0.2818986177444458,0.5291668176651001,0.2734779417514801,0.5134268999099731,0.2618301212787628,0.49552714824676514
LR (baseline),baseline,90,12,0.3204081654548645,4.5797910388500895e-06,0.9991183876991272,0.999887228012085,0.9975573420524597,0.9997056722640991,0.9957286715507507,0.9992554783821106,0.9935571551322937,0.998789370059967,0.9887394309043884,0.9981902241706848,0.9844285249710083,0.9970822334289551,0.9797880053520203,0.9963133931159973,0.9730219841003418,0.9950768947601318,0.9662275910377502,0.993934690952301,0.9571855068206787,0.9919272661209106,0.9482969641685486,0.9904360175132751,0.9361589550971985,0.9887064099311829,0.9299570918083191,0.9869730472564697,0.9152557253837585,0.9849910140037537,0.9067135453224182,0.9819655418395996,0.8971908688545227,0.9803376793861389,0.8813035488128662,0.9772502779960632,0.8652932643890381,0.9748944640159607,0.8523012399673462,0.972217321395874,0.8380799889564514,0.9690701365470886,0.8250582814216614,0.9649546146392822,0.8056836724281311,0.9613226652145386,0.792137861251831,0.9571174383163452,0.7775632739067078,0.9525823593139648,0.7588489651679993,0.9497992396354675,0.743516743183136,0.946672797203064,0.7279799580574036,0.9394615292549133,0.7102910876274109,0.935286819934845,0.6934904456138611,0.9304372072219849,0.67781001329422,0.9238781929016113,0.6621912121772766,0.9186116456985474,0.6443469524383545,0.9123571515083313,0.6311908960342407,0.9061067700386047,0.6107878088951111,0.897926926612854,0.5942756533622742,0.8932961225509644,0.5841209888458252,0.8853910565376282,0.5654529333114624,0.8764716982841492,0.554190456867218,0.8710481524467468,0.5392491817474365,0.8636007905006409,0.5240544080734253,0.8553730845451355,0.5077595114707947,0.8478356599807739,0.49633553624153137,0.837553858757019,0.4835532605648041,0.8257019519805908,0.4680993854999542,0.8181517720222473,0.45809856057167053,0.8098512887954712,0.4438145160675049,0.7991490960121155,0.43138137459754944,0.7893990874290466,0.4170258343219757,0.7775560617446899,0.40730056166648865,0.7648879289627075,0.39539778232574463,0.7537387013435364,0.3805180788040161,0.7448194026947021,0.3728300631046295,0.7306130528450012,0.3613443970680237,0.7199699878692627,0.35027286410331726,0.7059786319732666,0.3407602906227112,0.6954317092895508,0.32837554812431335,0.6822939515113831,0.31755444407463074,0.6683362722396851,0.30827611684799194,0.6545854210853577,0.2980372905731201,0.6389491558074951,0.29017844796180725,0.6245599985122681,0.2828093469142914,0.6173117160797119,0.2756018340587616,0.6079189777374268,0.2674390375614166,0.5874387621879578
LR (baseline),baseline,90,24,0.5408163070678711,1.2417758625815623e-05,0.9990870356559753,0.99988853931427,0.9975035786628723,0.999704897403717,0.9956017136573792,0.9992552399635315,0.9935387969017029,0.998778223991394,0.988807201385498,0.9981969594955444,0.9853725433349609,0.9971129298210144,0.98065185546875,0.9963352680206299,0.973961591720581,0.9949911832809448,0.968468189239502,0.993994951248169,0.9605603814125061,0.9916459321975708,0.9523019194602966,0.9905472993850708,0.9407314658164978,0.9883500337600708,0.9371449947357178,0.9867674708366394,0.9220771193504333,0.9845939874649048,0.9174909591674805,0.9817742705345154,0.9089069366455078,0.9796481132507324,0.8959655165672302,0.976553738117218,0.882786214351654,0.9733805656433105,0.8752241134643555,0.970751166343689,0.8654323816299438,0.9678745865821838,0.8498983979225159,0.9633811116218567,0.8394045233726501,0.9595551490783691,0.8316457271575928,0.955427885055542,0.8186230063438416,0.950391411781311,0.8052790760993958,0.9475541710853577,0.7897118926048279,0.9438233375549316,0.7799140214920044,0.9357509613037109,0.7700119018554688,0.9309889674186707,0.7585361003875732,0.9274636507034302,0.7422915697097778,0.9205917119979858,0.7382756471633911,0.9158939719200134,0.7242916822433472,0.908879280090332,0.7139366269111633,0.902441680431366,0.6999208927154541,0.8963603973388672,0.693585216999054,0.8879050612449646,0.6875121593475342,0.8833726048469543,0.6737050414085388,0.8746649622917175,0.6651899218559265,0.8693707585334778,0.6552338004112244,0.8606223464012146,0.6472907662391663,0.8483909368515015,0.6350039839744568,0.8427399396896362,0.6296930313110352,0.8351658582687378,0.6175193786621094,0.8249505758285522,0.6154922842979431,0.8170825242996216,0.6069542765617371,0.8070980310440063,0.5999025106430054,0.7965748310089111,0.5897115468978882,0.7918733954429626,0.5767663717269897,0.7789957523345947,0.5730804800987244,0.7695107460021973,0.5635082125663757,0.7574362754821777,0.5567800998687744,0.7493283152580261,0.5485225915908813,0.7356313467025757,0.5471774339675903,0.7264878153800964,0.536601722240448,0.7153088450431824,0.5269200205802917,0.7060881853103638,0.5216750502586365,0.6982423663139343,0.5111902952194214,0.6831408143043518,0.504063069820404,0.6733049154281616,0.49938905239105225,0.6616484522819519,0.4895597994327545,0.6564587950706482,0.4841187298297882,0.6401792168617249,0.48801499605178833,0.6324541568756104,0.4732499420642853,0.617216944694519
LR (baseline),baseline,90,37,0.7795918583869934,2.1658343030139804e-05,0.9991656541824341,0.9998893141746521,0.9978262186050415,0.9997045993804932,0.9960784316062927,0.9992573261260986,0.9945508241653442,0.9987652897834778,0.9906361103057861,0.9981950521469116,0.988494873046875,0.9971557259559631,0.9846996665000916,0.9963560104370117,0.9789361357688904,0.9949476718902588,0.9747974276542664,0.9940531849861145,0.9695305824279785,0.9913678169250488,0.9625503420829773,0.9906309247016907,0.9533755779266357,0.9882584810256958,0.9524228572845459,0.9866769313812256,0.938869833946228,0.9843959212303162,0.9372141361236572,0.9817883372306824,0.9291154146194458,0.979250967502594,0.9218048453330994,0.9762377142906189,0.9096015691757202,0.972712516784668,0.9076655507087708,0.9699172973632812,0.8983281850814819,0.9669296145439148,0.8858004808425903,0.9623925089836121,0.88234543800354,0.9587532877922058,0.8779271841049194,0.9532032012939453,0.8675392866134644,0.948898434638977,0.8576788306236267,0.9448785781860352,0.8463468551635742,0.9418947696685791,0.8373668789863586,0.9348166584968567,0.8341604471206665,0.929654061794281,0.8254132866859436,0.9244233965873718,0.8103547692298889,0.9166388511657715,0.8053562641143799,0.912895143032074,0.7990767955780029,0.9056162238121033,0.7858265042304993,0.9002346396446228,0.7856621742248535,0.8930857181549072,0.7753762006759644,0.8887338638305664,0.768824577331543,0.8804223537445068,0.7574042081832886,0.8732787370681763,0.7510300278663635,0.8675679564476013,0.7469320893287659,0.8596136569976807,0.7421265840530396,0.8508791327476501,0.7351808547973633,0.8427978157997131,0.7287812232971191,0.8338260650634766,0.7211533784866333,0.8257953524589539,0.7077621817588806,0.8173490166664124,0.7047052383422852,0.8080386519432068,0.7044602632522583,0.7990489602088928,0.6996652483940125,0.7888139486312866,0.6864225268363953,0.7777385711669922,0.6812860369682312,0.7692561149597168,0.6719148755073547,0.7563872933387756,0.6659193634986877,0.7440274953842163,0.6640868782997131,0.7401071190834045,0.6536651849746704,0.7263087630271912,0.6437737941741943,0.71613609790802,0.6417856812477112,0.7047592401504517,0.6418362855911255,0.6932340264320374,0.6357992887496948,0.6878029108047485,0.6264817714691162,0.6712049841880798,0.6209285855293274,0.6581745743751526,0.618257999420166,0.6484682559967041,0.6138916015625,0.6382004618644714,0.6123294234275818,0.6241686344146729,0.5951942205429077,0.616832971572876
LR (baseline),baseline,90,49,1.0,2.8813212338718586e-05,0.9991998672485352,0.9998898506164551,0.9979792833328247,0.9997053146362305,0.996306836605072,0.9992589950561523,0.9951659440994263,0.9987547993659973,0.9913443326950073,0.9981870055198669,0.9898078441619873,0.9971869587898254,0.9863452315330505,0.9963719844818115,0.9816085696220398,0.9949317574501038,0.977921724319458,0.9940778613090515,0.9725274443626404,0.991266131401062,0.9664931893348694,0.9906275868415833,0.9581700563430786,0.9882974028587341,0.9587134718894958,0.9867821335792542,0.9468374252319336,0.9842807650566101,0.9457330107688904,0.9818153381347656,0.9373342990875244,0.9792011380195618,0.931251585483551,0.9765003323554993,0.9206799268722534,0.9728820323944092,0.9202475547790527,0.9703300595283508,0.90927654504776,0.9669936895370483,0.9002184867858887,0.9626520872116089,0.8964542746543884,0.9594966769218445,0.8906570672988892,0.9527541995048523,0.8825947642326355,0.9492583274841309,0.8748630285263062,0.9446382522583008,0.8649277687072754,0.9413973093032837,0.8559340238571167,0.935951292514801,0.853253185749054,0.9314122200012207,0.8433573842048645,0.9240504503250122,0.83182692527771,0.9186447262763977,0.8255553841590881,0.9130531549453735,0.818564236164093,0.9063771367073059,0.8041701316833496,0.9016428589820862,0.8046061992645264,0.8918676972389221,0.7950994372367859,0.8893603086471558,0.7846975326538086,0.8811753988265991,0.7804606556892395,0.8713583946228027,0.7683479189872742,0.8673430681228638,0.7650267481803894,0.8612420558929443,0.7592926621437073,0.8526619672775269,0.7488460540771484,0.8447472453117371,0.7465529441833496,0.8361505270004272,0.7342427372932434,0.8309292793273926,0.7274465560913086,0.8218777179718018,0.724086344242096,0.8133003115653992,0.7161147594451904,0.8052881360054016,0.707464873790741,0.8000772595405579,0.6982712745666504,0.7900071144104004,0.6934024095535278,0.7828168869018555,0.6879411339759827,0.7690958380699158,0.6830204725265503,0.761375367641449,0.6789844632148743,0.749282717704773,0.6626049280166626,0.7390459179878235,0.6618170738220215,0.729413628578186,0.6487526297569275,0.7203435301780701,0.6457123160362244,0.7131453156471252,0.6371462345123291,0.7027397751808167,0.633120596408844,0.6878016591072083,0.6230772137641907,0.674918532371521,0.6222966909408569,0.6689816117286682,0.6187986135482788,0.6583755612373352,0.6175339221954346,0.6472327709197998,0.6041401624679565,0.6392743587493896
LR (baseline),baseline,91,0,0.10000000149011612,4.520675247476902e-07,0.9996594786643982,0.9998193383216858,0.9992920160293579,0.9995723962783813,0.9984554052352905,0.999062716960907,0.9975650906562805,0.9985460042953491,0.996508002281189,0.9979868531227112,0.9947662353515625,0.9972633123397827,0.9925097227096558,0.9960386753082275,0.9908837080001831,0.9950870275497437,0.9879035949707031,0.9935909509658813,0.9848690032958984,0.9925690293312073,0.980351984500885,0.9914732575416565,0.9781337380409241,0.9890920519828796,0.9732071161270142,0.9870563745498657,0.9681704640388489,0.9852274656295776,0.9619930982589722,0.9833875298500061,0.9585206508636475,0.9806094765663147,0.9507876038551331,0.977434515953064,0.9441981315612793,0.9750795960426331,0.9377890229225159,0.9727151989936829,0.9269196391105652,0.96931391954422,0.9192101359367371,0.9668503403663635,0.9112493395805359,0.9630540609359741,0.9008569121360779,0.9583307504653931,0.8902454972267151,0.9550038576126099,0.8756674528121948,0.9516454339027405,0.8682922720909119,0.9466351270675659,0.8540213108062744,0.9435622692108154,0.8423275351524353,0.9386900067329407,0.8276060223579407,0.9349483251571655,0.8136988878250122,0.9267599582672119,0.7989766001701355,0.9233021140098572,0.7815233469009399,0.917658269405365,0.7697216868400574,0.9103271961212158,0.7506253123283386,0.9031543731689453,0.7343262434005737,0.8977112174034119,0.7219148278236389,0.8908057808876038,0.7001441121101379,0.8856348991394043,0.6853388547897339,0.8777274489402771,0.6657670736312866,0.869171679019928,0.6471020579338074,0.8574373126029968,0.628643810749054,0.8510196805000305,0.6149410605430603,0.8418170809745789,0.5875609517097473,0.8301107883453369,0.5713639259338379,0.8221843838691711,0.5544368624687195,0.8097818493843079,0.5367889404296875,0.7942982316017151,0.5187236666679382,0.7808589339256287,0.4974813759326935,0.7720081806182861,0.4803675413131714,0.7594060301780701,0.4608277976512909,0.7442294359207153,0.445792555809021,0.728638231754303,0.42419207096099854,0.710613489151001,0.4073358178138733,0.6966662406921387,0.38739460706710815,0.6697999835014343,0.3763373792171478,0.654265284538269,0.35575366020202637,0.6358252763748169,0.3441998064517975,0.6174835562705994,0.32633545994758606,0.5967164635658264,0.31143537163734436,0.5754941701889038,0.3012959361076355,0.5546323657035828,0.2808247208595276,0.5391965508460999,0.2705071270465851,0.5169134140014648,0.2615334093570709,0.49891600012779236
LR (baseline),baseline,91,12,0.3204081654548645,4.600749889505096e-06,0.9991025924682617,0.9998196959495544,0.9977141618728638,0.9995715022087097,0.9955844879150391,0.999065101146698,0.9928987622261047,0.9985857605934143,0.9894055128097534,0.9979098439216614,0.984178364276886,0.9972480535507202,0.9783206582069397,0.9961003065109253,0.9729686379432678,0.9950635433197021,0.9663802981376648,0.9933497309684753,0.9574738144874573,0.9925792217254639,0.9482132196426392,0.9911743402481079,0.9406617879867554,0.988914430141449,0.9290080070495605,0.9866781830787659,0.9174000024795532,0.9850463271141052,0.9049681425094604,0.982818067073822,0.8958102464675903,0.9806028604507446,0.8816598057746887,0.9773121476173401,0.8689056634902954,0.9741347432136536,0.8553931713104248,0.971641480922699,0.8352633118629456,0.9676440954208374,0.8221358060836792,0.9656233191490173,0.8059655427932739,0.9613583087921143,0.7924656867980957,0.956225574016571,0.7756156325340271,0.9536725878715515,0.7596173286437988,0.9493258595466614,0.7414653301239014,0.9448341727256775,0.7244753241539001,0.9388611316680908,0.7105870246887207,0.9361734986305237,0.6947780251502991,0.9304398894309998,0.6736748814582825,0.9232320785522461,0.6620290875434875,0.9176068305969238,0.6421610713005066,0.9114471077919006,0.628162682056427,0.904868483543396,0.6092486381530762,0.8988256454467773,0.5969311594963074,0.8902188539505005,0.5837568640708923,0.8860941529273987,0.5643286108970642,0.8760050535202026,0.5536455512046814,0.8680455088615417,0.541770339012146,0.8639701008796692,0.5253652930259705,0.8530994653701782,0.5128182768821716,0.8457657098770142,0.49489134550094604,0.8383488655090332,0.4810473620891571,0.8249515891075134,0.4693601429462433,0.8176491260528564,0.4569288492202759,0.8056656122207642,0.4443793296813965,0.7966926693916321,0.4302810728549957,0.7884751558303833,0.4207960069179535,0.7782743573188782,0.40791743993759155,0.7661927938461304,0.39655637741088867,0.7532770037651062,0.38054347038269043,0.7451242208480835,0.3703767657279968,0.7338374853134155,0.36324644088745117,0.7151378989219666,0.34901925921440125,0.703941822052002,0.34232261776924133,0.6934401392936707,0.3266299366950989,0.6821826696395874,0.32097867131233215,0.6662076115608215,0.31022071838378906,0.6555435657501221,0.3016538619995117,0.6418701410293579,0.2872086465358734,0.634128987789154,0.28150004148483276,0.6154985427856445,0.2760513722896576,0.6081076264381409,0.26506122946739197,0.5986570715904236
LR (baseline),baseline,91,24,0.5408163070678711,1.2461890946724452e-05,0.9990738034248352,0.9998197555541992,0.9976755976676941,0.9995712041854858,0.9955306649208069,0.99906986951828,0.9927724599838257,0.998630940914154,0.9893850684165955,0.9978377223014832,0.9845432639122009,0.9971793293952942,0.9790710806846619,0.9961153864860535,0.974560558795929,0.9950188994407654,0.9684863090515137,0.9931713342666626,0.960782527923584,0.9924840927124023,0.9525801539421082,0.9908367395401001,0.9452338814735413,0.9886317849159241,0.9347158074378967,0.9866786599159241,0.9257269501686096,0.9847151637077332,0.9152014851570129,0.9824051260948181,0.9086853861808777,0.9801821708679199,0.8978110551834106,0.976374626159668,0.8881118893623352,0.9737040996551514,0.8768687844276428,0.9706549048423767,0.8595845103263855,0.9664881229400635,0.8530532121658325,0.9638895988464355,0.841342568397522,0.9601445198059082,0.8307373523712158,0.9552282691001892,0.8159557580947876,0.9513305425643921,0.8087412714958191,0.9466577172279358,0.7940811514854431,0.942232608795166,0.7838013768196106,0.9379630088806152,0.7714141607284546,0.9314813017845154,0.7623407244682312,0.9263321161270142,0.7506000399589539,0.9209950566291809,0.7391233444213867,0.9139612317085266,0.7264215350151062,0.9073476791381836,0.7187414765357971,0.9012311100959778,0.7070627212524414,0.8969946503639221,0.6972612142562866,0.8870906829833984,0.6828622221946716,0.8815722465515137,0.6726930141448975,0.8767096400260925,0.6687006950378418,0.8668011426925659,0.65924471616745,0.8589966297149658,0.6510559916496277,0.8500388264656067,0.6404268741607666,0.8430299758911133,0.6296294331550598,0.8358994126319885,0.623609185218811,0.8236930966377258,0.612411618232727,0.8171074986457825,0.6062435507774353,0.8072264790534973,0.5988547801971436,0.796678900718689,0.588819146156311,0.7903544902801514,0.5780215859413147,0.7781060338020325,0.5702106356620789,0.7670135498046875,0.56267249584198,0.7565483450889587,0.5577147006988525,0.7463839650154114,0.5503962635993958,0.7377075552940369,0.5471084713935852,0.7236416935920715,0.5357336401939392,0.7155728340148926,0.5345617532730103,0.7049607038497925,0.5184100270271301,0.6960729956626892,0.5133984684944153,0.6827391982078552,0.5095468759536743,0.667999267578125,0.5055457353591919,0.6555343270301819,0.4914533197879791,0.650078296661377,0.4914454221725464,0.6370939016342163,0.48751726746559143,0.629148542881012,0.4746748208999634,0.6160435080528259
LR (baseline),baseline,91,37,0.7795918583869934,2.166356898669619e-05,0.999198317527771,0.9998196363449097,0.9979938268661499,0.9995715022087097,0.996143639087677,0.9990761280059814,0.9936316013336182,0.9986680150032043,0.9908826351165771,0.9977867007255554,0.9872128963470459,0.9971101880073547,0.9832884669303894,0.9960727095603943,0.9797900915145874,0.9949461221694946,0.9749133586883545,0.9931156635284424,0.9696422219276428,0.9922098517417908,0.9638079404830933,0.9905960559844971,0.9566715359687805,0.9883981347084045,0.948609471321106,0.9865317940711975,0.9431249499320984,0.9843546152114868,0.9338928461074829,0.9825134873390198,0.9304627776145935,0.9795921444892883,0.9207870364189148,0.9760270118713379,0.9131218194961548,0.9737221598625183,0.9046462774276733,0.9704539775848389,0.8938053250312805,0.9662304520606995,0.8912072777748108,0.9630876183509827,0.8826203346252441,0.9600755572319031,0.8742831945419312,0.9563013315200806,0.8625478148460388,0.9503239989280701,0.8565584421157837,0.9469761252403259,0.8470354676246643,0.9418922662734985,0.8427243828773499,0.9379768371582031,0.8299745917320251,0.9317880868911743,0.8250431418418884,0.9265296459197998,0.8163992762565613,0.9201117157936096,0.8062808513641357,0.9141992926597595,0.7993412613868713,0.9094082713127136,0.7896686792373657,0.9037479162216187,0.7799610495567322,0.8972989916801453,0.7757866978645325,0.8888624906539917,0.7602079510688782,0.8810864686965942,0.7554061412811279,0.8770477175712585,0.7467963099479675,0.8708242774009705,0.7465367317199707,0.8603084683418274,0.7414580583572388,0.8527728319168091,0.7312384843826294,0.8490910530090332,0.7216099500656128,0.8407542109489441,0.7183850407600403,0.8313694000244141,0.7087013721466064,0.8228715658187866,0.7017475962638855,0.8127586841583252,0.6917652487754822,0.8016910552978516,0.6859410405158997,0.7956433892250061,0.6781401038169861,0.7879385352134705,0.668952465057373,0.7764946818351746,0.6690058708190918,0.7680290937423706,0.6643667221069336,0.7573239803314209,0.654283344745636,0.7484356760978699,0.6475816369056702,0.7386742234230042,0.6435522437095642,0.7256155014038086,0.6343098282814026,0.7172067761421204,0.6360734105110168,0.7053725123405457,0.6261796355247498,0.6930116415023804,0.6164834499359131,0.6888638734817505,0.6119756698608398,0.6742117404937744,0.6079614162445068,0.6626988053321838,0.6015986800193787,0.6515651941299438,0.6007278561592102,0.6460477709770203,0.5921708345413208,0.6415388584136963
LR (baseline),baseline,91,49,1.0,2.8773654776159674e-05,0.999264121055603,0.9998195171356201,0.9981323480606079,0.9995708465576172,0.9964256286621094,0.9990817904472351,0.9939612746238708,0.9986926317214966,0.9915677905082703,0.9977633953094482,0.9884925484657288,0.9970651268959045,0.9852827787399292,0.9960426092147827,0.9818159937858582,0.9949041604995728,0.9773203134536743,0.9931275844573975,0.973579466342926,0.9920231103897095,0.9685285687446594,0.9904922842979431,0.9619014263153076,0.9882138967514038,0.9544580578804016,0.9863442778587341,0.9507687091827393,0.9840264320373535,0.9416008591651917,0.9825626611709595,0.9389366507530212,0.9792918562889099,0.9300680756568909,0.9757727980613708,0.9240491986274719,0.9735552668571472,0.9147845506668091,0.9704577922821045,0.9068455696105957,0.9661985635757446,0.9043194651603699,0.9629251956939697,0.8967707753181458,0.9597756266593933,0.8873085975646973,0.9563453197479248,0.8817864060401917,0.9514070749282837,0.8717125654220581,0.9465296864509583,0.8638491630554199,0.9419776201248169,0.8580800294876099,0.938491940498352,0.8471201658248901,0.9317728281021118,0.8404814600944519,0.9271026849746704,0.8355666995048523,0.9192667603492737,0.8224042057991028,0.9144248962402344,0.8184515833854675,0.9088664054870605,0.8123700022697449,0.9039883017539978,0.8024259209632874,0.8968697786331177,0.7929434180259705,0.891097366809845,0.7831844687461853,0.8835743069648743,0.771720826625824,0.8781229257583618,0.7677577137947083,0.8749825358390808,0.7636209726333618,0.8644981980323792,0.7574307918548584,0.8558759093284607,0.7428514361381531,0.8503661751747131,0.7362185120582581,0.8429703712463379,0.7282447814941406,0.8345808982849121,0.71794593334198,0.8244108557701111,0.7089256048202515,0.816990315914154,0.6995514035224915,0.8070657253265381,0.6924445629119873,0.8002921938896179,0.6848175525665283,0.7905994057655334,0.6788265109062195,0.7790365815162659,0.6677252650260925,0.773909866809845,0.6630499958992004,0.7614914178848267,0.6533088684082031,0.7517229914665222,0.6438093781471252,0.7398073673248291,0.6368395686149597,0.730330765247345,0.6310193538665771,0.7219303846359253,0.6257394552230835,0.7085224986076355,0.6133089661598206,0.6996890902519226,0.6075055599212646,0.6915966868400574,0.6042295098304749,0.6768831014633179,0.6013877987861633,0.6625528931617737,0.5900018811225891,0.6544957160949707,0.5845834016799927,0.6470080018043518,0.5779514908790588,0.6332376599311829
LR (baseline),baseline,92,0,0.10000000149011612,4.52115784810303e-07,0.9997312426567078,0.9998868703842163,0.9994413256645203,0.9995930790901184,0.9982907176017761,0.999127209186554,0.997256875038147,0.998645544052124,0.9965965151786804,0.9982331991195679,0.9944716691970825,0.9974054098129272,0.9922896027565002,0.9962033629417419,0.9901120662689209,0.9950385689735413,0.9882194995880127,0.9938932657241821,0.9840391874313354,0.9923088550567627,0.9811655282974243,0.9908866882324219,0.9772956371307373,0.9889741539955139,0.9729132652282715,0.9876461029052734,0.9695172309875488,0.9852348566055298,0.9635448455810547,0.982971727848053,0.9576706886291504,0.9803547263145447,0.9509347081184387,0.9778358936309814,0.9435110688209534,0.9754986763000488,0.9357516765594482,0.9730398654937744,0.927787184715271,0.9694573283195496,0.9187080264091492,0.9668210744857788,0.9105599522590637,0.9632843732833862,0.9013364315032959,0.9593855142593384,0.8889259099960327,0.9560242295265198,0.8789311051368713,0.9513159394264221,0.8648914694786072,0.9466362595558167,0.8537826538085938,0.9424756169319153,0.8412516117095947,0.9377095699310303,0.825046956539154,0.9332162737846375,0.8126328587532043,0.928183913230896,0.7979611158370972,0.9235415458679199,0.7810832858085632,0.9174975752830505,0.766637921333313,0.9124683141708374,0.7492340207099915,0.902573823928833,0.7311593294143677,0.896880030632019,0.7144821286201477,0.8894641399383545,0.6950733661651611,0.8836727738380432,0.6834456324577332,0.8751018643379211,0.6616737842559814,0.8678363561630249,0.6430935263633728,0.8576170802116394,0.6226813197135925,0.8502638339996338,0.6072173714637756,0.8404542207717896,0.5890686511993408,0.8304969668388367,0.5699478387832642,0.8183001279830933,0.5489451885223389,0.8083005547523499,0.5314552783966064,0.7953401207923889,0.5086197257041931,0.7847603559494019,0.49036234617233276,0.7711395621299744,0.4778728187084198,0.7561792731285095,0.4572911560535431,0.7401565313339233,0.4361342191696167,0.7231327891349792,0.4204777777194977,0.7139214873313904,0.40303975343704224,0.6916253566741943,0.3881269097328186,0.6738319993019104,0.3660588264465332,0.6568018198013306,0.35112178325653076,0.639140248298645,0.3371795415878296,0.6189669370651245,0.31789666414260864,0.5956218242645264,0.303735613822937,0.5744971632957458,0.28830263018608093,0.550754964351654,0.2775793671607971,0.5440697073936462,0.2677670121192932,0.5146976113319397,0.2530968189239502,0.49639520049095154
LR (baseline),baseline,92,12,0.3204081654548645,4.610325959220063e-06,0.9992679357528687,0.9998871088027954,0.9980189800262451,0.9995971918106079,0.9956090450286865,0.9991261959075928,0.992580771446228,0.9986339211463928,0.9898011684417725,0.9981735944747925,0.9842686653137207,0.9974239468574524,0.978335440158844,0.9961868524551392,0.9713183045387268,0.9948218464851379,0.9665572047233582,0.9939181208610535,0.956573486328125,0.9923303127288818,0.9472383856773376,0.990675151348114,0.9392498135566711,0.989017903804779,0.9288485050201416,0.9878023266792297,0.9178853034973145,0.9846470355987549,0.9075114130973816,0.9823184013366699,0.8947859406471252,0.9795757532119751,0.8799545168876648,0.9776076674461365,0.8659510016441345,0.9742816090583801,0.8531997799873352,0.9723541140556335,0.8393216133117676,0.9687604904174805,0.8217443227767944,0.9656726121902466,0.805808424949646,0.9619990587234497,0.7910587191581726,0.9581103920936584,0.7778021097183228,0.9535093903541565,0.7584307789802551,0.9500228762626648,0.741780698299408,0.9439694285392761,0.7295453548431396,0.9397122859954834,0.7122764587402344,0.9359946250915527,0.6939778923988342,0.9303202033042908,0.6797842979431152,0.9253926277160645,0.6626277565956116,0.9181109070777893,0.6457010507583618,0.9120481014251709,0.6316129565238953,0.9065123796463013,0.6147381663322449,0.8982514142990112,0.5974445939064026,0.8924750685691833,0.58306884765625,0.8852716684341431,0.5641244649887085,0.8786773085594177,0.5562734603881836,0.8709754943847656,0.5386826395988464,0.8625739216804504,0.5245020389556885,0.8526633381843567,0.5148022770881653,0.843547523021698,0.49963322281837463,0.8332276940345764,0.48544853925704956,0.8251631259918213,0.4712662398815155,0.8151758909225464,0.4596577286720276,0.8043943047523499,0.44396504759788513,0.795998752117157,0.43190309405326843,0.7884973883628845,0.4184983968734741,0.7755915522575378,0.40729254484176636,0.766907274723053,0.3998589515686035,0.7540143132209778,0.387035071849823,0.7407779097557068,0.37302523851394653,0.7307887673377991,0.36210396885871887,0.721068263053894,0.3500487804412842,0.706608235836029,0.34085750579833984,0.6925684809684753,0.3335109353065491,0.6817257404327393,0.319330632686615,0.6631816625595093,0.31391218304634094,0.65278160572052,0.299650639295578,0.640350878238678,0.2915860414505005,0.626800537109375,0.2879200577735901,0.6188101768493652,0.27735862135887146,0.6050527095794678,0.27298352122306824,0.5904689431190491
LR (baseline),baseline,92,24,0.5408163070678711,1.2495642295107245e-05,0.9992890357971191,0.9998871088027954,0.9980272650718689,0.9996011257171631,0.9956244230270386,0.9991252422332764,0.9923871159553528,0.9986235499382019,0.9905161261558533,0.9981067180633545,0.9851119518280029,0.9974431395530701,0.9792308211326599,0.9961663484573364,0.972402811050415,0.9945594072341919,0.9681483507156372,0.9939109086990356,0.9601625204086304,0.9923558235168457,0.9510014057159424,0.990497887134552,0.9436478018760681,0.989064633846283,0.9363301396369934,0.987815260887146,0.9259706139564514,0.9845974445343018,0.9177774786949158,0.9819853901863098,0.9064695835113525,0.9792681336402893,0.8974658846855164,0.9772061109542847,0.8831385374069214,0.9737973213195801,0.8767446875572205,0.9707174897193909,0.8654810190200806,0.9680348634719849,0.8495773673057556,0.9636759161949158,0.8399519920349121,0.9600143432617188,0.8261972069740295,0.9559470415115356,0.8184556365013123,0.9511702060699463,0.799150288105011,0.9481645822525024,0.7927738428115845,0.9424713253974915,0.7845785021781921,0.9376128315925598,0.7694104909896851,0.9335840940475464,0.7597593665122986,0.9269567131996155,0.7491381764411926,0.9226483702659607,0.7354605793952942,0.9175406694412231,0.7223681807518005,0.9107984304428101,0.7158809900283813,0.9028292894363403,0.7044838666915894,0.897599995136261,0.6907604336738586,0.8896328210830688,0.6812348961830139,0.8851339221000671,0.6714320182800293,0.877805233001709,0.659640371799469,0.8693855404853821,0.6539044380187988,0.8614233136177063,0.6409242153167725,0.8547316789627075,0.6377048492431641,0.8459874391555786,0.625860333442688,0.8396296501159668,0.6127176284790039,0.8270367383956909,0.604644775390625,0.8215156197547913,0.5935238599777222,0.8122109770774841,0.5893043875694275,0.8000016212463379,0.582714855670929,0.794084370136261,0.5746428370475769,0.7805448174476624,0.5677300691604614,0.7731164693832397,0.562579870223999,0.7646754384040833,0.550072431564331,0.7477795481681824,0.5446817874908447,0.7458665370941162,0.5369816422462463,0.7324597835540771,0.5323132276535034,0.7243950963020325,0.5191501975059509,0.7131602764129639,0.5139757990837097,0.6994346380233765,0.5056512951850891,0.6926364898681641,0.5034515857696533,0.6757486462593079,0.48958683013916016,0.6694874167442322,0.4874373972415924,0.6605173945426941,0.48092415928840637,0.6486065983772278,0.47544044256210327,0.640048623085022,0.4750973582267761,0.6328338384628296
LR (baseline),baseline,92,37,0.7795918583869934,2.1806950826430693e-05,0.9994521141052246,0.999886691570282,0.9983674883842468,0.9996039867401123,0.9963191151618958,0.9991241693496704,0.9933491945266724,0.9986199140548706,0.992650032043457,0.9980496168136597,0.9881927967071533,0.9974445104598999,0.9837002158164978,0.996140718460083,0.9779441356658936,0.9943618178367615,0.9747153520584106,0.993872880935669,0.969174325466156,0.992294430732727,0.9619283676147461,0.9903319478034973,0.9563590884208679,0.98896324634552,0.9512673616409302,0.9875921607017517,0.9457117915153503,0.9845673441886902,0.937775194644928,0.9819361567497253,0.9283952116966248,0.9793165922164917,0.9248783588409424,0.9767473936080933,0.9120274782180786,0.9737393856048584,0.9091739058494568,0.9710003137588501,0.9002429842948914,0.9671794176101685,0.8928806185722351,0.9634198546409607,0.8848446607589722,0.9586352705955505,0.8746356964111328,0.9547845721244812,0.8697454929351807,0.9513077735900879,0.8577040433883667,0.9470738172531128,0.853064239025116,0.9432910084724426,0.8456860780715942,0.9368236064910889,0.8359904885292053,0.9327347278594971,0.8305227160453796,0.9265280365943909,0.8210180401802063,0.9207286238670349,0.8096215724945068,0.9166964292526245,0.8030616641044617,0.9107751250267029,0.7978358864784241,0.9034384489059448,0.7904678583145142,0.8970025181770325,0.7819231748580933,0.888210117816925,0.7739264369010925,0.8843229413032532,0.76776522397995,0.8758185505867004,0.7573137283325195,0.8714811205863953,0.7537353038787842,0.8604531288146973,0.741257905960083,0.8533064723014832,0.7427805066108704,0.8458576202392578,0.7343877553939819,0.8384101986885071,0.7236967086791992,0.8312752842903137,0.7148752212524414,0.825239896774292,0.7066344618797302,0.8162915110588074,0.7029644846916199,0.8036206364631653,0.6963690519332886,0.7957905530929565,0.6858091354370117,0.7863924503326416,0.6858694553375244,0.7753870487213135,0.6730114221572876,0.7658777236938477,0.6667588949203491,0.7561224699020386,0.6648346781730652,0.7500366568565369,0.6522899866104126,0.7396395206451416,0.6517999172210693,0.7284188270568848,0.6423599720001221,0.7187620997428894,0.6430361866950989,0.7089013457298279,0.6358755826950073,0.6967887282371521,0.6285093426704407,0.6793643832206726,0.6255270838737488,0.6751325130462646,0.6099230051040649,0.6630409359931946,0.6131950616836548,0.6504453420639038,0.612545907497406,0.6382420659065247,0.5995346903800964,0.6350087523460388
LR (baseline),baseline,92,49,1.0,2.8998700145166367e-05,0.9995042681694031,0.9998865127563477,0.9985032677650452,0.9996059536933899,0.9966404438018799,0.9991217851638794,0.9938377737998962,0.9986242055892944,0.9936795234680176,0.9980161786079407,0.9893674254417419,0.9974347949028015,0.9854974150657654,0.9961317777633667,0.980454683303833,0.9942885637283325,0.9771779179573059,0.9938185811042786,0.9724293351173401,0.9921709299087524,0.9660229086875916,0.990182638168335,0.9616224765777588,0.9888790845870972,0.9565065503120422,0.9873477816581726,0.9529909491539001,0.9845728278160095,0.9451369047164917,0.9817361235618591,0.9363353252410889,0.979245126247406,0.9345066547393799,0.9763707518577576,0.9234281182289124,0.9737977981567383,0.9194634556770325,0.9715426564216614,0.9141499996185303,0.9667447209358215,0.9072108268737793,0.9632338881492615,0.8983743786811829,0.9581595659255981,0.8870455026626587,0.9544166326522827,0.8857428431510925,0.9511033296585083,0.8751790523529053,0.9464149475097656,0.8714085817337036,0.9437338709831238,0.8606266975402832,0.9372137784957886,0.856579065322876,0.9314514994621277,0.851822018623352,0.9279954433441162,0.8447661399841309,0.92032790184021,0.8344763517379761,0.9161723256111145,0.8286787867546082,0.9113973379135132,0.8242306709289551,0.9044955372810364,0.8128498792648315,0.8972151875495911,0.8088750243186951,0.8902920484542847,0.8056359887123108,0.887191653251648,0.7969517707824707,0.8775572776794434,0.7812196016311646,0.8724792003631592,0.7765662670135498,0.8641823530197144,0.7666054368019104,0.8549377918243408,0.764216423034668,0.8467394709587097,0.7566592693328857,0.8405555486679077,0.746338963508606,0.833411693572998,0.746210515499115,0.8254014849662781,0.7354001998901367,0.8157608509063721,0.732307493686676,0.8052171468734741,0.7229146957397461,0.79549640417099,0.7181214690208435,0.7904131412506104,0.7123653292655945,0.7795461416244507,0.7025908827781677,0.7700976133346558,0.6939888000488281,0.7634563446044922,0.6916555166244507,0.7508710026741028,0.6843701601028442,0.7417228817939758,0.6778854131698608,0.7297828793525696,0.6721516847610474,0.7208920121192932,0.6600492000579834,0.7123268842697144,0.6555954813957214,0.7001129984855652,0.6533699035644531,0.6873550415039062,0.6456670761108398,0.6787571907043457,0.638267993927002,0.6676780581474304,0.6381310820579529,0.656485378742218,0.6319875121116638,0.6436377763748169,0.626226544380188,0.638237714767456
LR (baseline),baseline,93,0,0.10000000149011612,4.4951013933314243e-07,1.0000044107437134,0.9998575448989868,0.9992031455039978,0.9997034668922424,0.9984999895095825,0.9993232488632202,0.9975543022155762,0.9987578988075256,0.9963083863258362,0.997945249080658,0.9941557049751282,0.9972173571586609,0.9927946329116821,0.9961940050125122,0.9900432229042053,0.9955626130104065,0.9877774715423584,0.9939612150192261,0.9849522709846497,0.9924164414405823,0.9805987477302551,0.9907630085945129,0.977351725101471,0.9894633293151855,0.9733333587646484,0.9867686629295349,0.9690384864807129,0.984960675239563,0.9635113477706909,0.9830799102783203,0.957648754119873,0.9793869256973267,0.9507234692573547,0.9784050583839417,0.9436553716659546,0.975561797618866,0.9361798167228699,0.9727681875228882,0.9283664226531982,0.9689367413520813,0.9183149933815002,0.9672145247459412,0.9096691012382507,0.9619805812835693,0.8998235464096069,0.959173858165741,0.889936089515686,0.9554466009140015,0.8780704140663147,0.9503927230834961,0.8651966452598572,0.9463226795196533,0.8525635004043579,0.9429746270179749,0.8436606526374817,0.9379932284355164,0.825036346912384,0.9343109726905823,0.8125949501991272,0.9265276789665222,0.8022423386573792,0.9224910140037537,0.7832676768302917,0.9172856211662292,0.7650654911994934,0.9106566905975342,0.7505396008491516,0.9041141271591187,0.7278510928153992,0.8965911269187927,0.7184603214263916,0.890018880367279,0.6966968178749084,0.8831266760826111,0.679106593132019,0.8765498399734497,0.660780668258667,0.8659955859184265,0.6427562236785889,0.8595530986785889,0.6280909776687622,0.8491623401641846,0.6034833788871765,0.8394426703453064,0.5888856649398804,0.8335531949996948,0.5684403777122498,0.8202092051506042,0.5491539835929871,0.81023770570755,0.5316234827041626,0.795963704586029,0.5144059658050537,0.7864072322845459,0.4954284429550171,0.7687250375747681,0.47853171825408936,0.7577807903289795,0.4539857804775238,0.7396712303161621,0.4408326745033264,0.7256699800491333,0.4225044846534729,0.7123055458068848,0.4037214517593384,0.6991481781005859,0.3891679644584656,0.6728641986846924,0.3702239394187927,0.6560190320014954,0.3554725646972656,0.6362372636795044,0.3400058448314667,0.6194227337837219,0.3242197036743164,0.5991788506507874,0.3060135841369629,0.5872315764427185,0.293283611536026,0.5554177761077881,0.28222087025642395,0.5383244156837463,0.26681679487228394,0.5142663717269897,0.254936546087265,0.5007021427154541
LR (baseline),baseline,93,12,0.3204081654548645,4.580813310894882e-06,0.9995206594467163,0.9998562335968018,0.9977361559867859,0.9997050166130066,0.9955578446388245,0.9993087649345398,0.9929845929145813,0.9987517595291138,0.988831102848053,0.9979636073112488,0.9840594530105591,0.9971207976341248,0.9789943099021912,0.9961169958114624,0.9722173810005188,0.9956057667732239,0.965179979801178,0.994032084941864,0.9582123160362244,0.9923707246780396,0.9474441409111023,0.9906973242759705,0.9399327635765076,0.9890345931053162,0.9289564490318298,0.9869657754898071,0.920207679271698,0.9844309687614441,0.9075046181678772,0.9822723865509033,0.8946293592453003,0.9784772396087646,0.8817116618156433,0.9775741696357727,0.866753101348877,0.9736823439598083,0.8543766140937805,0.9720461368560791,0.83747398853302,0.9674841165542603,0.822425127029419,0.9651765823364258,0.8075768947601318,0.9612606763839722,0.7944582104682922,0.9574275612831116,0.7763963341712952,0.9533340930938721,0.7616584897041321,0.948267936706543,0.7453850507736206,0.9437061548233032,0.7290809750556946,0.9397636651992798,0.7121203541755676,0.9334290623664856,0.6958571076393127,0.9276808500289917,0.677446186542511,0.9230676889419556,0.6643276214599609,0.9175184369087219,0.6471964716911316,0.9119892120361328,0.630387544631958,0.9062751531600952,0.6161890625953674,0.8988508582115173,0.5998761653900146,0.8906494975090027,0.5827792882919312,0.8851704001426697,0.5689043998718262,0.8781765699386597,0.5549679398536682,0.8697643280029297,0.542556881904602,0.8605237603187561,0.5257534980773926,0.8520120978355408,0.515367329120636,0.8453698754310608,0.4978589415550232,0.8387565016746521,0.48463571071624756,0.8283059000968933,0.4689386188983917,0.8161660432815552,0.45854291319847107,0.806473970413208,0.44654494524002075,0.7960638999938965,0.4353496730327606,0.7884336709976196,0.4238670766353607,0.7759383320808411,0.4086058735847473,0.7656873464584351,0.39829906821250916,0.7524364590644836,0.3870083689689636,0.7428067326545715,0.3723837733268738,0.7327315807342529,0.3634147047996521,0.7147431969642639,0.35502031445503235,0.7052515149116516,0.3447454273700714,0.6921385526657104,0.3351300358772278,0.6804112195968628,0.32158076763153076,0.6706506013870239,0.3125266432762146,0.6505817770957947,0.3048396706581116,0.6436220407485962,0.2941626310348511,0.6257692575454712,0.28446462750434875,0.6127181053161621,0.2757587134838104,0.5969591736793518,0.27264106273651123,0.5887042284011841
LR (baseline),baseline,93,24,0.5408163070678711,1.2430191418388858e-05,0.9994874000549316,0.9998551607131958,0.9977741241455078,0.9997059106826782,0.9954537153244019,0.999293327331543,0.9931954145431519,0.9987460970878601,0.9886941313743591,0.9979867935180664,0.985112190246582,0.9970448613166809,0.9798727035522461,0.996040940284729,0.9737828969955444,0.9954904913902283,0.9665250778198242,0.994083046913147,0.961372435092926,0.9924584031105042,0.9528251886367798,0.9906006455421448,0.9458236694335938,0.9888730049133301,0.9366521239280701,0.9872897863388062,0.9305408000946045,0.984527051448822,0.9173308610916138,0.9817507863044739,0.9082028865814209,0.9786124229431152,0.9003063440322876,0.9768450856208801,0.8883700966835022,0.9720441102981567,0.8785387873649597,0.9709558486938477,0.8641481995582581,0.9663681387901306,0.8550387620925903,0.9632768034934998,0.846457839012146,0.9584088921546936,0.8314530253410339,0.9555083513259888,0.824785590171814,0.9511946439743042,0.8116785883903503,0.9468526244163513,0.7995702624320984,0.9426426291465759,0.7893428802490234,0.9372025728225708,0.7757589221000671,0.9294991493225098,0.7661586999893188,0.9256424903869629,0.7573762536048889,0.920945405960083,0.7429397106170654,0.9142953157424927,0.7317231893539429,0.9094938635826111,0.720132052898407,0.9010995030403137,0.7114551663398743,0.8974769115447998,0.7043757438659668,0.8872298002243042,0.6919549107551575,0.883371889591217,0.6855852603912354,0.8743834495544434,0.675022542476654,0.8659647107124329,0.6689968705177307,0.8595864176750183,0.6522712707519531,0.8525146842002869,0.6538693308830261,0.8431363105773926,0.6449664831161499,0.834175169467926,0.6357238292694092,0.8278485536575317,0.6285059452056885,0.817777693271637,0.6220629811286926,0.8106812238693237,0.6139841079711914,0.8003889918327332,0.6052318215370178,0.789766252040863,0.6003350615501404,0.7788943648338318,0.5921364426612854,0.7711957097053528,0.5820335745811462,0.7607731223106384,0.5764930248260498,0.7506817579269409,0.5697968006134033,0.7411606907844543,0.5618445873260498,0.7302937507629395,0.555633008480072,0.7231627702713013,0.5517635345458984,0.7064415216445923,0.5425207614898682,0.7008672952651978,0.5386261343955994,0.6877381205558777,0.5247601270675659,0.6780756711959839,0.5237953066825867,0.6646487712860107,0.5188129544258118,0.6569188237190247,0.50821852684021,0.644743800163269,0.5035316348075867,0.6385492086410522,0.504932701587677,0.6295363306999207
LR (baseline),baseline,93,37,0.7795918583869934,2.1712987290811725e-05,0.9995565414428711,0.9998542666435242,0.9981299042701721,0.9997056722640991,0.9960750341415405,0.999280571937561,0.9942565560340881,0.9987435936927795,0.9902159571647644,0.9980151653289795,0.9880815148353577,0.9970188736915588,0.9838882684707642,0.9959825873374939,0.9787616729736328,0.9953089356422424,0.9717246294021606,0.9940439462661743,0.9688544869422913,0.992469847202301,0.9628617763519287,0.9904903173446655,0.9560865163803101,0.9888405799865723,0.9496652483940125,0.9874317049980164,0.9458913207054138,0.9849511981010437,0.9335624575614929,0.9818236827850342,0.9290553331375122,0.9791283011436462,0.9244516491889954,0.9766318798065186,0.9171622395515442,0.9727340340614319,0.9070523381233215,0.9712468385696411,0.898145854473114,0.9666520953178406,0.8939204812049866,0.9639863967895508,0.8871166110038757,0.9588194489479065,0.8756994605064392,0.9552813172340393,0.8725839257240295,0.9512773752212524,0.861388623714447,0.9463673830032349,0.8543012738227844,0.9431968927383423,0.846675455570221,0.9369381070137024,0.8380866646766663,0.9310070276260376,0.831030547618866,0.9266061782836914,0.8224042057991028,0.9201483130455017,0.8093274831771851,0.9133744835853577,0.8010911345481873,0.9117009043693542,0.7910200953483582,0.9036455154418945,0.7859514951705933,0.8981523513793945,0.774679958820343,0.8888485431671143,0.7665729522705078,0.8835615515708923,0.7616368532180786,0.8756871223449707,0.753483772277832,0.870089054107666,0.7491216659545898,0.8659039735794067,0.7395421862602234,0.8569889664649963,0.7360008358955383,0.8491626977920532,0.7292609810829163,0.8409331440925598,0.7187026143074036,0.8313301801681519,0.7118053436279297,0.8245847225189209,0.7115556597709656,0.8162933588027954,0.7014445662498474,0.8075188994407654,0.6936904788017273,0.8001545071601868,0.6943730115890503,0.790424108505249,0.6817454099655151,0.7781335115432739,0.6770472526550293,0.7674655318260193,0.6712096929550171,0.7613617777824402,0.6647698879241943,0.7477847933769226,0.656401515007019,0.7412691712379456,0.6546660661697388,0.7356395721435547,0.6512954831123352,0.724155068397522,0.6402682065963745,0.713836669921875,0.6392608880996704,0.7017682790756226,0.6284247636795044,0.6897773742675781,0.6253504753112793,0.683075487613678,0.6188480257987976,0.6695401668548584,0.6156490445137024,0.6588046550750732,0.6181743144989014,0.6520806550979614,0.605430543422699,0.6438131928443909
LR (baseline),baseline,93,49,1.0,2.8926187951583415e-05,0.9995906949043274,0.9998536705970764,0.9983224272727966,0.9997041821479797,0.9964631795883179,0.9992731213569641,0.9948371052742004,0.998742401599884,0.990924060344696,0.9980292916297913,0.9894270896911621,0.9970172643661499,0.9857599139213562,0.9959527254104614,0.9808315634727478,0.9951868653297424,0.9741440415382385,0.9939866065979004,0.971226155757904,0.9923989176750183,0.9670916795730591,0.9903786182403564,0.9601973295211792,0.9887140393257141,0.9541441798210144,0.9873514771461487,0.9511927366256714,0.9850277900695801,0.9395944476127625,0.9819428324699402,0.9354005455970764,0.9791088104248047,0.9318536520004272,0.9760224223136902,0.9247374534606934,0.9730198979377747,0.9161977767944336,0.9711623191833496,0.9061362147331238,0.9664337038993835,0.9037262201309204,0.963690996170044,0.8960776925086975,0.9595802426338196,0.8876265287399292,0.9543265700340271,0.8795140385627747,0.9500752687454224,0.8734002709388733,0.9465387463569641,0.8674940466880798,0.9421366453170776,0.8584166765213013,0.9361762404441833,0.852628767490387,0.9319512248039246,0.8451330661773682,0.927549421787262,0.8373104929924011,0.9204971790313721,0.8339736461639404,0.9132468700408936,0.8216360807418823,0.9108682870864868,0.8121665716171265,0.9051273465156555,0.8067179918289185,0.8988049030303955,0.7948144674301147,0.8891775012016296,0.7874715924263,0.8816981315612793,0.7782150506973267,0.8769581913948059,0.7785148620605469,0.8699606657028198,0.7703191637992859,0.8634169697761536,0.7582249641418457,0.8579745292663574,0.7551286816596985,0.8478276133537292,0.7474266886711121,0.8382262587547302,0.7351260781288147,0.8313978910446167,0.7298910021781921,0.822770357131958,0.7223034501075745,0.8147845268249512,0.7065677046775818,0.8045771718025208,0.6979553699493408,0.7991247177124023,0.7031394243240356,0.7881495952606201,0.6905950903892517,0.7767568826675415,0.680234968662262,0.7670394778251648,0.6729491949081421,0.7578439712524414,0.6626761555671692,0.7451803684234619,0.6614546179771423,0.7363260388374329,0.6506328582763672,0.7276751399040222,0.6468687057495117,0.7173264622688293,0.6302703022956848,0.7074176669120789,0.6333279609680176,0.6934899091720581,0.6251856088638306,0.6844364404678345,0.6134372353553772,0.6744166612625122,0.6092274188995361,0.6587401032447815,0.6002263426780701,0.6553582549095154,0.5891122221946716,0.6415084600448608,0.5869943499565125,0.629975438117981
LR (baseline),baseline,94,0,0.10000000149011612,4.482032522901136e-07,0.9999513030052185,0.9998354911804199,0.9992413520812988,0.9995860457420349,0.9984837770462036,0.9993695020675659,0.9979344606399536,0.9986332058906555,0.9962803721427917,0.998231828212738,0.994716227054596,0.9970704317092896,0.9927279353141785,0.9963645339012146,0.9901236295700073,0.9952664971351624,0.9873442053794861,0.9942415356636047,0.985126793384552,0.9927187561988831,0.9809603095054626,0.9907018542289734,0.9773740172386169,0.9895215630531311,0.9716229438781738,0.9869670271873474,0.9675473570823669,0.9851752519607544,0.9634656310081482,0.9835335612297058,0.9585176706314087,0.9799736738204956,0.9513322710990906,0.9783838391304016,0.9427654147148132,0.9750642776489258,0.937465250492096,0.9718282222747803,0.9278985261917114,0.9689117074012756,0.9217811822891235,0.965810239315033,0.911324143409729,0.9622206091880798,0.8989576697349548,0.9592459201812744,0.889969527721405,0.9563842415809631,0.8792323470115662,0.95157390832901,0.8684966564178467,0.947733998298645,0.8547468185424805,0.9446419477462769,0.8407461643218994,0.9375513195991516,0.8304155468940735,0.9332588911056519,0.8156968951225281,0.9273576736450195,0.8006281852722168,0.9239720702171326,0.7828677892684937,0.9177424311637878,0.770430862903595,0.9118631482124329,0.7506911754608154,0.9041204452514648,0.7357257604598999,0.8972077965736389,0.7226244807243347,0.8907162547111511,0.702727198600769,0.8850358128547668,0.6813525557518005,0.8732745051383972,0.6678382754325867,0.8680816888809204,0.6445870995521545,0.8600407242774963,0.6319541931152344,0.8495157361030579,0.6119440793991089,0.8428027629852295,0.5920311808586121,0.8319182395935059,0.5701916813850403,0.820054292678833,0.5531234741210938,0.80891352891922,0.5339745879173279,0.7939884662628174,0.5221958756446838,0.7858174443244934,0.5042698979377747,0.7700885534286499,0.48134568333625793,0.762199878692627,0.4636184871196747,0.7418286204338074,0.43793055415153503,0.7243125438690186,0.42739182710647583,0.7099905610084534,0.40814951062202454,0.6956997513771057,0.3966507613658905,0.6698704361915588,0.3764699697494507,0.6573907136917114,0.3586117923259735,0.6375202536582947,0.343127578496933,0.6197402477264404,0.3290717601776123,0.6004566550254822,0.3114233911037445,0.5770323872566223,0.2947155237197876,0.5553006529808044,0.2890969514846802,0.5395501852035522,0.27397239208221436,0.5219067335128784,0.2632283568382263,0.49858003854751587
LR (baseline),baseline,94,12,0.3204081654548645,4.56033876616857e-06,0.9994308352470398,0.9998356103897095,0.9978306293487549,0.9995881915092468,0.9957287311553955,0.999381422996521,0.9932297468185425,0.9986291527748108,0.9889006614685059,0.9982806444168091,0.9840887784957886,0.9970154762268066,0.9789839386940002,0.996264636516571,0.9722166061401367,0.9952433109283447,0.9649569392204285,0.9941651225090027,0.9575969576835632,0.9925673604011536,0.9485759139060974,0.9908564686775208,0.9389950633049011,0.9891273379325867,0.9270887970924377,0.9869407415390015,0.9161970019340515,0.9848512411117554,0.90777188539505,0.9832491874694824,0.8941814303398132,0.9798586368560791,0.8817440271377563,0.9778323173522949,0.8626466393470764,0.9743927717208862,0.8527989387512207,0.9709252715110779,0.8383069634437561,0.9686265587806702,0.8226291537284851,0.9648712277412415,0.8044072985649109,0.9610400795936584,0.7936179637908936,0.9578866362571716,0.7774955034255981,0.9540282487869263,0.7595288753509521,0.9489420652389526,0.7460759282112122,0.9441346526145935,0.7271575927734375,0.9395179748535156,0.709271252155304,0.9344502091407776,0.6951425075531006,0.9294655323028564,0.6768869757652283,0.9248475432395935,0.6644542217254639,0.9184280037879944,0.6434909701347351,0.9139946699142456,0.6307400465011597,0.9054785966873169,0.6159394383430481,0.899215817451477,0.596197783946991,0.8928695321083069,0.5867297053337097,0.888685405254364,0.5671073198318481,0.8773198127746582,0.5533439517021179,0.8697752952575684,0.5367662310600281,0.862786591053009,0.5227251648902893,0.852796196937561,0.512086033821106,0.8482210636138916,0.49672284722328186,0.8367769122123718,0.48429393768310547,0.8270775079727173,0.4709007143974304,0.8171688318252563,0.4590429961681366,0.8111988306045532,0.4438157081604004,0.7982320785522461,0.4338708221912384,0.7866063117980957,0.42632466554641724,0.7796725630760193,0.4084821939468384,0.7688232064247131,0.39342954754829407,0.7527585029602051,0.38274115324020386,0.7436613440513611,0.3716680407524109,0.7316710352897644,0.36150598526000977,0.723235547542572,0.3512522876262665,0.708980917930603,0.33792439103126526,0.695960521697998,0.32733312249183655,0.6857282519340515,0.31783515214920044,0.66864413022995,0.31013351678848267,0.6602931618690491,0.29918673634529114,0.6420072913169861,0.2912631630897522,0.630696177482605,0.28249603509902954,0.6163734197616577,0.2757640480995178,0.6031684279441833,0.2667120397090912,0.5911538600921631
LR (baseline),baseline,94,24,0.5408163070678711,1.237804644915741e-05,0.999447762966156,0.9998353719711304,0.9978434443473816,0.9995911121368408,0.9957647323608398,0.9993913173675537,0.9933603405952454,0.998628556728363,0.9894185066223145,0.998294472694397,0.984534502029419,0.9969861507415771,0.980170488357544,0.9961662292480469,0.9740774631500244,0.9951894879341125,0.9675363302230835,0.9940414428710938,0.9594768285751343,0.9924336075782776,0.9528618454933167,0.990959882736206,0.9453644752502441,0.9887798428535461,0.9353150129318237,0.987112283706665,0.9246747493743896,0.9844260215759277,0.9166896343231201,0.9829396605491638,0.9072638750076294,0.979583740234375,0.8978403806686401,0.9771410226821899,0.8853514194488525,0.9733772277832031,0.8752148151397705,0.9702997207641602,0.8638455867767334,0.9677249193191528,0.8516248464584351,0.9637986421585083,0.8424372673034668,0.9600928425788879,0.8357993364334106,0.9568729996681213,0.8210180401802063,0.951921284198761,0.8058246970176697,0.9472017288208008,0.7951013445854187,0.9425960779190063,0.7858697175979614,0.9378995299339294,0.7753439545631409,0.9307535886764526,0.764378011226654,0.9269000887870789,0.7537448406219482,0.9210472106933594,0.7431579232215881,0.9138846397399902,0.7343135476112366,0.9106419682502747,0.7230947613716125,0.9008520245552063,0.713283121585846,0.8962777256965637,0.698718249797821,0.8892669081687927,0.6948925256729126,0.8831777572631836,0.6839349865913391,0.8746340274810791,0.6735804080963135,0.8673974275588989,0.6671237349510193,0.8599775433540344,0.6549563407897949,0.8519382476806641,0.6485700607299805,0.8438164591789246,0.641671359539032,0.835742712020874,0.6255378127098083,0.8248704075813293,0.6275185346603394,0.8154786229133606,0.6119650602340698,0.8062358498573303,0.6103693246841431,0.7989665865898132,0.5988890528678894,0.7865362167358398,0.5942420959472656,0.7775796055793762,0.5867966413497925,0.76429283618927,0.5754444003105164,0.755300760269165,0.5704266428947449,0.750198245048523,0.556343138217926,0.7327529788017273,0.5531456470489502,0.726158857345581,0.5484622716903687,0.7137024402618408,0.5397424101829529,0.7070218920707703,0.5330673456192017,0.6938616633415222,0.528403639793396,0.6804337501525879,0.5141095519065857,0.6703465580940247,0.5090354681015015,0.6614360809326172,0.5068403482437134,0.6534595489501953,0.5020778775215149,0.6401945948600769,0.49517616629600525,0.6323924660682678,0.4894349277019501,0.625662088394165
LR (baseline),baseline,94,37,0.7795918583869934,2.157319977413863e-05,0.9995655417442322,0.9998353123664856,0.9981815218925476,0.9995943307876587,0.9964646697044373,0.9993997812271118,0.9943692684173584,0.9986370801925659,0.9913462996482849,0.9982889294624329,0.9872552752494812,0.9969869256019592,0.9836959838867188,0.9960948824882507,0.9793295860290527,0.9951390027999878,0.973854660987854,0.9939349293708801,0.9667632579803467,0.9923240542411804,0.9628143310546875,0.9909552931785583,0.9580122232437134,0.9888007044792175,0.951226532459259,0.9872211217880249,0.940367579460144,0.9843115210533142,0.934324324131012,0.9826969504356384,0.9291363954544067,0.9795871376991272,0.9173043966293335,0.9768486618995667,0.9143436551094055,0.9729423522949219,0.90413498878479,0.9700877666473389,0.8962226510047913,0.9668225646018982,0.8858658075332642,0.9636247158050537,0.8854305744171143,0.9594215154647827,0.8759335279464722,0.9565162062644958,0.8641398549079895,0.951701283454895,0.8558346629142761,0.9467004537582397,0.8449738621711731,0.9418378472328186,0.8373878002166748,0.9385244250297546,0.8281213045120239,0.9316959381103516,0.8242568373680115,0.9274988770484924,0.8144444823265076,0.9217329621315002,0.8070963621139526,0.9132856726646423,0.7966389060020447,0.9090685248374939,0.7844178676605225,0.9040389060974121,0.7840617299079895,0.8977231979370117,0.7681980729103088,0.8887920379638672,0.7652137875556946,0.8824888467788696,0.76259446144104,0.8757309913635254,0.7473675608634949,0.867870569229126,0.7380748391151428,0.8620548844337463,0.7307650446891785,0.8557367920875549,0.7248665690422058,0.8470556139945984,0.7199923992156982,0.837476372718811,0.708966076374054,0.8298977017402649,0.7004892826080322,0.8213646411895752,0.6928958892822266,0.8079398274421692,0.680389404296875,0.8029225468635559,0.6755558252334595,0.7964256405830383,0.6729446053504944,0.7842758297920227,0.6629030108451843,0.7710914611816406,0.6528409719467163,0.7668354511260986,0.6457985639572144,0.7581623792648315,0.6390224695205688,0.7418830394744873,0.6259503364562988,0.7305595278739929,0.6208519339561462,0.7192595601081848,0.6183022260665894,0.7061784267425537,0.6153774857521057,0.6994196176528931,0.6067121624946594,0.690258800983429,0.6068747043609619,0.6735548377037048,0.5912826061248779,0.6681807041168213,0.5906370878219604,0.653285026550293,0.5820498466491699,0.6494613885879517,0.5748608112335205,0.6363727450370789,0.5668011903762817,0.6248841881752014
LR (baseline),baseline,94,49,1.0,2.868125739041716e-05,0.9996110796928406,0.9998353719711304,0.9983202815055847,0.9995958209037781,0.9968107342720032,0.9994049072265625,0.9947746396064758,0.9986433982849121,0.9919118285179138,0.9982773065567017,0.9882020354270935,0.9969984292984009,0.984895646572113,0.9960564374923706,0.9809688329696655,0.995112955570221,0.97618567943573,0.9938490986824036,0.9696424007415771,0.9922300577163696,0.9656961560249329,0.9908803701400757,0.961575984954834,0.9889838695526123,0.956747829914093,0.9871609807014465,0.9447599053382874,0.9842497706413269,0.9392855763435364,0.98238205909729,0.9338207840919495,0.9797707200050354,0.921284019947052,0.9767833352088928,0.9206794500350952,0.9729609489440918,0.9115292429924011,0.9699137806892395,0.9048424959182739,0.9663556814193726,0.8943414688110352,0.9634796380996704,0.8933793306350708,0.9586771726608276,0.882476806640625,0.955643892288208,0.8760101199150085,0.9508770704269409,0.8659744262695312,0.9460479617118835,0.8556967973709106,0.9410976767539978,0.8464167714118958,0.9373389482498169,0.8410450220108032,0.9311638474464417,0.8339906334877014,0.9280962347984314,0.8237874507904053,0.9215731024742126,0.8209747672080994,0.9140285849571228,0.8076194524765015,0.9087108373641968,0.7985186576843262,0.9038634896278381,0.789566695690155,0.8975982069969177,0.782066285610199,0.8906975984573364,0.7727725505828857,0.8830265998840332,0.770148515701294,0.875599205493927,0.7588297128677368,0.8681045174598694,0.7507373094558716,0.8620893955230713,0.7431723475456238,0.852846086025238,0.7349844574928284,0.8485586643218994,0.7250624299049377,0.8376702666282654,0.724139928817749,0.8315967321395874,0.7139214277267456,0.8235969543457031,0.7075608968734741,0.8140631318092346,0.6975098848342896,0.8037415742874146,0.6871564984321594,0.7962651252746582,0.6804730296134949,0.7832421064376831,0.6743626594543457,0.7725306749343872,0.6676841974258423,0.7670023441314697,0.6573437452316284,0.7573283910751343,0.6425905823707581,0.7459591031074524,0.6426486372947693,0.7336134314537048,0.6315682530403137,0.7252674102783203,0.6224042177200317,0.710969865322113,0.6170030236244202,0.7025453448295593,0.6099695563316345,0.6910692453384399,0.6071523427963257,0.6772031188011169,0.5975309014320374,0.6673293113708496,0.5991317629814148,0.6559532284736633,0.5867837071418762,0.646992564201355,0.582800567150116,0.6323733925819397,0.5830257534980774,0.6219388842582703
cnn electric-dream,cnn,90,0,0.10000000149011612,4.493977598940546e-07,0.9996253252029419,0.9998854994773865,0.9990619421005249,0.9997053146362305,0.9986516833305359,0.9992578029632568,0.9980434775352478,0.9987941980361938,0.9962619543075562,0.9981725811958313,0.9942711591720581,0.9970657229423523,0.9929876327514648,0.9962755441665649,0.9911174178123474,0.9951550364494324,0.9883242249488831,0.9938915967941284,0.9844130873680115,0.9919807314872742,0.9814542531967163,0.9905526638031006,0.9770863056182861,0.9892796277999878,0.9739041924476624,0.9870640635490417,0.9668521285057068,0.9851991534233093,0.9633347988128662,0.9820932745933533,0.9581331610679626,0.9804797768592834,0.9516056180000305,0.9778319001197815,0.9416743516921997,0.9756510257720947,0.9343894124031067,0.9736064672470093,0.9278392195701599,0.9696328043937683,0.9203423261642456,0.9658854603767395,0.9090495705604553,0.9626142382621765,0.900114893913269,0.958145022392273,0.8903125524520874,0.9555715322494507,0.8770979642868042,0.9515626430511475,0.8680790066719055,0.9489681124687195,0.8538540005683899,0.942608654499054,0.8439580798149109,0.9375445246696472,0.828065812587738,0.9325363636016846,0.8141342401504517,0.928615927696228,0.7987417578697205,0.9233180284500122,0.7830955982208252,0.9168739914894104,0.7675588726997375,0.911781370639801,0.7530743479728699,0.9031555652618408,0.732917308807373,0.8972399830818176,0.7173633575439453,0.8895056247711182,0.7000715136528015,0.881798267364502,0.6817110180854797,0.8761659860610962,0.6674860119819641,0.8690646290779114,0.6459504961967468,0.862116277217865,0.627623975276947,0.850679337978363,0.610375165939331,0.8406917452812195,0.593268871307373,0.8298649787902832,0.5677490830421448,0.8194344639778137,0.5569744110107422,0.8076519966125488,0.5368799567222595,0.7975847125053406,0.5120584964752197,0.7872160077095032,0.493420273065567,0.7697190642356873,0.4831303060054779,0.75589519739151,0.4593234956264496,0.7390439510345459,0.4405157268047333,0.7262309193611145,0.42722538113594055,0.7128161787986755,0.40599843859672546,0.6902648210525513,0.3930593729019165,0.6735801100730896,0.37297943234443665,0.6577253937721252,0.356489360332489,0.6389318704605103,0.34355077147483826,0.6142916083335876,0.3265869617462158,0.5993031859397888,0.3106807470321655,0.5780566930770874,0.29860255122184753,0.5565333962440491,0.281898558139801,0.5291674733161926,0.2734786570072174,0.5134277939796448,0.2618297338485718,0.49552783370018005
cnn electric-dream,cnn,90,12,0.3204081654548645,3.429353455430828e-06,1.0001201629638672,0.9999508261680603,1.0002819299697876,0.9998398423194885,1.0010871887207031,0.9995790123939514,1.0003560781478882,0.9993398189544678,1.0017231702804565,0.9990204572677612,1.0022897720336914,0.9984205365180969,1.002402663230896,0.9980310797691345,0.9997543096542358,0.9973986148834229,1.001781940460205,0.9968188405036926,1.0019874572753906,0.9958081245422363,0.9993033409118652,0.995084822177887,0.9968757033348083,0.9944203495979309,0.9990778565406799,0.9934015274047852,0.9959762096405029,0.9926598072052002,0.9968908429145813,0.9911835789680481,0.9983741641044617,0.9904625415802002,0.9929121136665344,0.9889197945594788,0.9855417013168335,0.9878583550453186,0.9849868416786194,0.9864487051963806,0.9832876324653625,0.9848693609237671,0.9819109439849854,0.9829248785972595,0.972713053226471,0.9810517430305481,0.9682676792144775,0.9791805148124695,0.9627624750137329,0.9764530658721924,0.9572772979736328,0.9748732447624207,0.9470377564430237,0.972670316696167,0.9417614936828613,0.9690639972686768,0.9292804598808289,0.9666808247566223,0.9226772785186768,0.9636994004249573,0.9123181104660034,0.9593086838722229,0.9000421762466431,0.9556676149368286,0.8878296613693237,0.9523124694824219,0.8830052614212036,0.9481534361839294,0.8621933460235596,0.9422106742858887,0.8472879528999329,0.9387122988700867,0.8433783054351807,0.9328437447547913,0.8203409910202026,0.926876962184906,0.8177165389060974,0.9230535626411438,0.7995581030845642,0.9180699586868286,0.7851064205169678,0.9112731218338013,0.7658909559249878,0.9045916795730591,0.756408154964447,0.8974834680557251,0.7448908090591431,0.8889573216438293,0.7272706627845764,0.8834357857704163,0.7161317467689514,0.8764142990112305,0.7000523805618286,0.8685426115989685,0.6861568689346313,0.8592215180397034,0.6692021489143372,0.8500890135765076,0.6607983708381653,0.8414066433906555,0.6452306509017944,0.8340441584587097,0.6267388463020325,0.8252051472663879,0.619091272354126,0.8147093653678894,0.6057567000389099,0.8054446578025818,0.593635618686676,0.7941033244132996,0.58437579870224,0.7862563133239746,0.5657826066017151,0.7765682935714722,0.5538080930709839,0.7654338479042053,0.5434572100639343,0.7547634840011597,0.529589056968689,0.7400085926055908,0.5213956832885742,0.7319856882095337,0.5133112072944641,0.7252770662307739,0.503053605556488,0.715700626373291,0.49440470337867737,0.7011299133300781
cnn electric-dream,cnn,90,24,0.5408163070678711,7.731934601906687e-06,0.9998130202293396,0.9999803900718689,1.001184105873108,0.999912440776825,1.0025488138198853,0.9997686147689819,1.0014790296554565,0.999649167060852,1.005104422569275,0.9994702935218811,1.007805585861206,0.9991903901100159,1.0086361169815063,0.998962938785553,1.0071496963500977,0.9986620545387268,1.0124154090881348,0.9984251260757446,1.0144603252410889,0.9978403449058533,1.013012170791626,0.997569739818573,1.0106325149536133,0.997198224067688,1.0184670686721802,0.9966025352478027,1.01735258102417,0.996337354183197,1.0222822427749634,0.9956952929496765,1.0255763530731201,0.9952591061592102,1.0265693664550781,0.9946085214614868,1.017694354057312,0.9937605857849121,1.0263583660125732,0.9930034279823303,1.026010513305664,0.9924443960189819,1.0275508165359497,0.9909833073616028,1.026574969291687,0.9902745485305786,1.0279817581176758,0.9895215034484863,1.0261834859848022,0.9878285527229309,1.0260708332061768,0.9871882796287537,1.0214868783950806,0.9855266809463501,1.0233076810836792,0.9838616251945496,1.0236883163452148,0.9824550151824951,1.0146616697311401,0.9809036254882812,1.0119564533233643,0.9788231253623962,1.0120112895965576,0.9770765900611877,1.008536696434021,0.9747048020362854,1.0101736783981323,0.9720122814178467,1.0007025003433228,0.9697026610374451,0.9914423823356628,0.966665506362915,0.9946025013923645,0.9652001857757568,0.982103705406189,0.9609436392784119,0.9831640124320984,0.9588465094566345,0.9785619974136353,0.9555721282958984,0.9762099981307983,0.9517300724983215,0.9594067931175232,0.9486238956451416,0.9606705904006958,0.945555567741394,0.9494836926460266,0.9418812394142151,0.9480128288269043,0.9387118816375732,0.9444056153297424,0.9341201186180115,0.9393096566200256,0.9299095869064331,0.9273948669433594,0.9257473349571228,0.9140505790710449,0.9224127531051636,0.9211509227752686,0.9169933199882507,0.9023662209510803,0.9141643643379211,0.8999308347702026,0.9097447395324707,0.8917721509933472,0.9039404392242432,0.8953898549079895,0.8991835713386536,0.8906022906303406,0.8944219350814819,0.8775133490562439,0.889963686466217,0.8731968998908997,0.886333703994751,0.8596933484077454,0.8787750005722046,0.8497704863548279,0.8743734359741211,0.8446570038795471,0.8701278567314148,0.8379027843475342,0.8645803332328796,0.832128643989563,0.8619537353515625,0.8275343775749207,0.8558083772659302,0.8183932900428772,0.8510333895683289
cnn electric-dream,cnn,90,37,0.7795918583869934,1.2701932064373977e-05,0.9988518357276917,0.9999921917915344,1.0011447668075562,0.9999561905860901,1.0023258924484253,0.9998850226402283,1.0008291006088257,0.9998285174369812,1.0053826570510864,0.9997069835662842,1.0090962648391724,0.9995806813240051,1.0089375972747803,0.9994138479232788,1.0082815885543823,0.9992663264274597,1.014190435409546,0.9991267919540405,1.015486478805542,0.9988011121749878,1.0140774250030518,0.9985697865486145,1.0085101127624512,0.9982587099075317,1.0200692415237427,0.9978859424591064,1.0181244611740112,0.9975723028182983,1.0240203142166138,0.9970538020133972,1.022400975227356,0.9966558218002319,1.0267884731292725,0.9962714314460754,1.019049048423767,0.9954946637153625,1.0277858972549438,0.9947931170463562,1.0257049798965454,0.9942415952682495,1.025405764579773,0.9924331903457642,1.0254758596420288,0.9921299815177917,1.0305474996566772,0.9914174675941467,1.0276612043380737,0.9900571703910828,1.0305073261260986,0.988900363445282,1.0220837593078613,0.9878841638565063,1.0257607698440552,0.9866939187049866,1.0261826515197754,0.9849960803985596,1.018162727355957,0.9833634495735168,1.0139825344085693,0.9822512865066528,1.0155233144760132,0.9803869724273682,1.0065782070159912,0.9783996343612671,1.0059185028076172,0.9758449792861938,1.0083231925964355,0.9745703935623169,0.9978071451187134,0.9723496437072754,0.9992988109588623,0.9706758856773376,0.9910761117935181,0.9678624868392944,0.9877373576164246,0.9652608036994934,0.9810492992401123,0.96269291639328,0.9804611802101135,0.9602349996566772,0.9724017381668091,0.9569126963615417,0.9686469435691833,0.9548742175102234,0.965505063533783,0.9525533318519592,0.955627977848053,0.948358416557312,0.9517831206321716,0.9455115795135498,0.9453417658805847,0.9414293169975281,0.9395653009414673,0.9374381899833679,0.9335819482803345,0.9350886344909668,0.9319311380386353,0.9314289689064026,0.9179218411445618,0.9273184537887573,0.9073306918144226,0.9229974150657654,0.9004666209220886,0.9200769662857056,0.9050686955451965,0.9161714315414429,0.8869951367378235,0.9113848805427551,0.8818054795265198,0.9065958857536316,0.8715440630912781,0.9026491641998291,0.875717043876648,0.8975116610527039,0.8574190735816956,0.892132580280304,0.8578324913978577,0.88885897397995,0.8545213341712952,0.8849302530288696,0.8511536717414856,0.8788931369781494,0.8429365754127502,0.8713499307632446,0.8283941149711609,0.8696984052658081
cnn electric-dream,cnn,90,49,1.0,1.6872716514626518e-05,0.9980125427246094,0.999994158744812,1.0008223056793213,0.9999708533287048,1.0016363859176636,0.9999240636825562,0.9999341368675232,0.9998766779899597,1.0045301914215088,0.9997497200965881,1.008436679840088,0.9996313452720642,1.0074328184127808,0.9994183778762817,1.0070713758468628,0.9992484450340271,1.0133076906204224,0.9990505576133728,1.0128196477890015,0.9986820816993713,1.0110366344451904,0.998314380645752,1.0029208660125732,0.9978315234184265,1.015173077583313,0.9975300431251526,1.0133845806121826,0.9968665838241577,1.0204633474349976,0.9959782361984253,1.013870120048523,0.9953866600990295,1.0158449411392212,0.9946301579475403,1.0111415386199951,0.9936465620994568,1.0166516304016113,0.9925387501716614,1.0148327350616455,0.9916753768920898,1.014503836631775,0.9892100095748901,1.0079751014709473,0.9885708093643188,1.0166890621185303,0.9875820875167847,1.0121989250183105,0.9854823350906372,1.0167244672775269,0.9841347932815552,1.0063419342041016,0.9824981093406677,1.010210394859314,0.9807414412498474,1.010696291923523,0.978807270526886,1.0048836469650269,0.9760716557502747,0.995597243309021,0.9748464226722717,0.9995929002761841,0.9721439480781555,0.9898450970649719,0.9695924520492554,0.9883619546890259,0.9661329388618469,0.9812296628952026,0.9650062918663025,0.9751687049865723,0.9618766903877258,0.9777050018310547,0.9580774307250977,0.9737610220909119,0.9561352133750916,0.966071605682373,0.9529361724853516,0.957011878490448,0.9498118162155151,0.9536876082420349,0.9467422962188721,0.9370797872543335,0.9437251091003418,0.9416611790657043,0.9396994709968567,0.9309180974960327,0.9368247389793396,0.9284052848815918,0.9341374635696411,0.923075258731842,0.9291344285011292,0.9058220982551575,0.9261605143547058,0.8962676525115967,0.920229434967041,0.8944567441940308,0.9162779450416565,0.8911275863647461,0.911450982093811,0.880128026008606,0.906883180141449,0.8786911964416504,0.90363609790802,0.8656005263328552,0.8967188596725464,0.8575382232666016,0.8931436538696289,0.8531012535095215,0.8892544507980347,0.8398683071136475,0.8822923898696899,0.828952431678772,0.8763099908828735,0.8268687129020691,0.8724564909934998,0.8105625510215759,0.8644359111785889,0.8029694557189941,0.8619027137756348,0.8023861646652222,0.8582391738891602,0.7922534346580505,0.8482949137687683,0.7820783257484436,0.8432851433753967,0.7776867747306824,0.8386381268501282
cnn electric-dream,cnn,91,0,0.10000000149011612,4.520675247476902e-07,0.9996595978736877,0.9998194575309753,0.9992918372154236,0.9995722770690918,0.9984554648399353,0.9990629553794861,0.9975650310516357,0.9985461831092834,0.9965081810951233,0.9979865550994873,0.9947651624679565,0.9972630739212036,0.9925090670585632,0.9960379600524902,0.9908835887908936,0.9950863122940063,0.987903892993927,0.9935908913612366,0.9848675727844238,0.9925695061683655,0.9803512692451477,0.9914745092391968,0.9781332015991211,0.9890928864479065,0.9732069969177246,0.9870565533638,0.9681705832481384,0.9852275252342224,0.9619936943054199,0.9833871126174927,0.9585216045379639,0.9806084632873535,0.9507861733436584,0.9774351119995117,0.944196879863739,0.9750787615776062,0.9377878904342651,0.972716212272644,0.9269192814826965,0.9693148136138916,0.919209897518158,0.9668497443199158,0.9112495183944702,0.9630533456802368,0.9008564352989197,0.958331823348999,0.8902444243431091,0.9550043940544128,0.875666618347168,0.9516447186470032,0.8682924509048462,0.9466359615325928,0.8540220856666565,0.94356369972229,0.8423295617103577,0.9386914372444153,0.8276048898696899,0.9349488019943237,0.813697099685669,0.9267580509185791,0.7989768981933594,0.9233006834983826,0.7815244197845459,0.9176605343818665,0.7697218060493469,0.9103258848190308,0.7506238222122192,0.9031551480293274,0.7343259453773499,0.8977129459381104,0.7219153642654419,0.8908056020736694,0.7001452445983887,0.8856360912322998,0.685339093208313,0.8777293562889099,0.6657650470733643,0.8691719174385071,0.6471025943756104,0.8574360609054565,0.6286425590515137,0.8510182499885559,0.6149407029151917,0.84181809425354,0.5875622630119324,0.8301115036010742,0.5713638663291931,0.8221848607063293,0.5544366836547852,0.8097809553146362,0.5367885828018188,0.7942979335784912,0.5187239646911621,0.7808600068092346,0.4974810481071472,0.7720080614089966,0.4803658425807953,0.7594056725502014,0.46082818508148193,0.7442312240600586,0.44579246640205383,0.7286382913589478,0.4241909682750702,0.7106133699417114,0.40733447670936584,0.6966661214828491,0.3873932361602783,0.6698000431060791,0.3763378858566284,0.6542645692825317,0.35575321316719055,0.6358233094215393,0.3442007005214691,0.617479681968689,0.32633450627326965,0.5967177152633667,0.31143632531166077,0.5754925012588501,0.30129554867744446,0.5546330213546753,0.2808249294757843,0.5391973257064819,0.2705073356628418,0.5169161558151245,0.2615338861942291,0.4989176094532013
cnn electric-dream,cnn,91,12,0.3204081654548645,3.4125123420380987e-06,0.9991880059242249,0.9998943209648132,1.0000911951065063,0.9997738599777222,0.9993555545806885,0.9995627403259277,0.9995073676109314,0.9993102550506592,1.002109169960022,0.9989281892776489,1.000580906867981,0.9985814690589905,1.000947117805481,0.9979683756828308,1.0004855394363403,0.9974325299263,1.0025956630706787,0.9966849684715271,1.0012801885604858,0.9962923526763916,1.0007914304733276,0.9957998991012573,1.0024584531784058,0.9947327375411987,1.0000940561294556,0.9936190843582153,0.9998461604118347,0.9927225708961487,0.996660590171814,0.9917854070663452,0.9996258020401001,0.9908280968666077,0.9953836798667908,0.9892292022705078,0.9942482709884644,0.9876863360404968,0.9954681396484375,0.9865776896476746,0.98293137550354,0.9845996499061584,0.9819424748420715,0.9835313558578491,0.9788094162940979,0.9814152717590332,0.9757322072982788,0.978744387626648,0.9683224558830261,0.9770742654800415,0.9605389833450317,0.9750956892967224,0.954082727432251,0.9725130796432495,0.9426171183586121,0.969034731388092,0.9362104535102844,0.9676097631454468,0.9287282824516296,0.9640059471130371,0.9163141250610352,0.9602013826370239,0.9077338576316833,0.9563583731651306,0.8929855227470398,0.9526630640029907,0.885019838809967,0.9479372501373291,0.8664467930793762,0.9444099068641663,0.8574521541595459,0.9380671381950378,0.8482038974761963,0.9346284866333008,0.8303847908973694,0.9276900887489319,0.8236364722251892,0.923069179058075,0.8102494478225708,0.918684184551239,0.7911109328269958,0.9112756252288818,0.7771499752998352,0.9061386585235596,0.7594311237335205,0.898551881313324,0.746122419834137,0.8908628821372986,0.7348161339759827,0.8836865425109863,0.7209746241569519,0.8758787512779236,0.7077457904815674,0.8681783080101013,0.6925535202026367,0.8601059913635254,0.679992139339447,0.8527066111564636,0.6641970872879028,0.8449457883834839,0.6534448266029358,0.8348444700241089,0.6322538256645203,0.8264606595039368,0.6222047209739685,0.8184422850608826,0.6138706803321838,0.8039549589157104,0.5982465744018555,0.7946629524230957,0.5898439884185791,0.7849005460739136,0.5732256770133972,0.7776320576667786,0.5634069442749023,0.7634028792381287,0.5497588515281677,0.755984902381897,0.5442736148834229,0.7417477369308472,0.5233645439147949,0.7390866279602051,0.5146266222000122,0.7239894270896912,0.5110047459602356,0.7172573208808899,0.4950524568557739,0.7111724019050598
cnn electric-dream,cnn,91,24,0.5408163070678711,7.677140274608973e-06,0.998691737651825,0.9999434351921082,1.000075340270996,0.9998897314071655,0.9998525977134705,0.9998060464859009,1.0012335777282715,0.9996761083602905,1.0049911737442017,0.9994188547134399,1.0040526390075684,0.9992688894271851,1.0059770345687866,0.9988852143287659,1.0061748027801514,0.9986546039581299,1.0129207372665405,0.998371958732605,1.0116539001464844,0.9981530904769897,1.0160906314849854,0.9978832006454468,1.0154470205307007,0.9973768591880798,1.017513394355774,0.9969115257263184,1.0187360048294067,0.9963419437408447,1.0205364227294922,0.9960213303565979,1.0270962715148926,0.9954719543457031,1.0271128416061401,0.9945944547653198,1.029462456703186,0.9938567280769348,1.0286818742752075,0.9931454062461853,1.0248767137527466,0.9922844767570496,1.0308650732040405,0.9915115237236023,1.0333925485610962,0.9906185269355774,1.0312492847442627,0.9892436861991882,1.0340543985366821,0.9879152178764343,1.0350209474563599,0.9868327379226685,1.0281544923782349,0.9854027628898621,1.029196858406067,0.9836544394493103,1.0247615575790405,0.9821158051490784,1.0280998945236206,0.9805800318717957,1.020858645439148,0.9790530800819397,1.019680380821228,0.976542055606842,1.0115110874176025,0.9744092226028442,1.011155605316162,0.9716073274612427,1.005262851715088,0.9705054759979248,0.997032105922699,0.9667034149169922,0.9934585690498352,0.9646116495132446,0.9902369976043701,0.9615813493728638,0.9900568723678589,0.9583650231361389,0.9785124063491821,0.9549856185913086,0.9754815101623535,0.9517360329627991,0.968955934047699,0.9483816027641296,0.9632104635238647,0.9454027414321899,0.9604604244232178,0.941293478012085,0.9479222297668457,0.9384918212890625,0.9434431791305542,0.9333677887916565,0.9434434771537781,0.9298738837242126,0.9322172403335571,0.9260044097900391,0.9201786518096924,0.9199156761169434,0.9142956733703613,0.9164837598800659,0.9064516425132751,0.9111883640289307,0.9024595022201538,0.9068622589111328,0.8990805149078369,0.9030903577804565,0.8960440158843994,0.8967574238777161,0.8862195014953613,0.8910858035087585,0.8830133080482483,0.8885941505432129,0.8730210661888123,0.8826663494110107,0.8585209250450134,0.8753248453140259,0.855215847492218,0.8719598650932312,0.8507826328277588,0.8647799491882324,0.8366777300834656,0.8626390695571899,0.8347657918930054,0.8565312623977661,0.8331831097602844,0.8522748947143555,0.8139146566390991,0.8460460901260376
cnn electric-dream,cnn,91,37,0.7795918583869934,1.2613577382580843e-05,0.9974613785743713,0.9999766945838928,0.9992882013320923,0.9999560117721558,0.9996115565299988,0.9999186992645264,1.0012879371643066,0.9998559355735779,1.0049031972885132,0.9996929168701172,1.0039920806884766,0.9996287822723389,1.0061124563217163,0.999309778213501,1.0046716928482056,0.9992466568946838,1.0149849653244019,0.9991064667701721,1.0115071535110474,0.9989492893218994,1.0197666883468628,0.998710572719574,1.014296054840088,0.9983066320419312,1.0170592069625854,0.9981001019477844,1.0161877870559692,0.9975561499595642,1.0209394693374634,0.997383713722229,1.0258795022964478,0.9966347217559814,1.027363896369934,0.9960900545120239,1.0278308391571045,0.995486855506897,1.0255004167556763,0.9947516918182373,1.0249741077423096,0.9941568374633789,1.0318857431411743,0.9934086203575134,1.0366332530975342,0.9925921559333801,1.0277563333511353,0.9915993809700012,1.0336192846298218,0.9901405572891235,1.0330263376235962,0.9890347123146057,1.0297681093215942,0.9874952435493469,1.028781771659851,0.9865803122520447,1.0237059593200684,0.9847452640533447,1.0252429246902466,0.9833735227584839,1.028380274772644,0.9824055433273315,1.0239568948745728,0.9804470539093018,1.0195320844650269,0.9781094789505005,1.0169670581817627,0.9757736921310425,1.006605863571167,0.9742867946624756,1.0043139457702637,0.9718000292778015,1.005725622177124,0.9698309898376465,0.995378315448761,0.9676241874694824,0.996253490447998,0.9644647240638733,0.9913216233253479,0.9615169167518616,0.986785888671875,0.9600537419319153,0.9752961993217468,0.9567088484764099,0.9725194573402405,0.9545499682426453,0.9706111550331116,0.9512022733688354,0.9575831890106201,0.948022186756134,0.9557545185089111,0.944267988204956,0.9552315473556519,0.9412683248519897,0.9485487937927246,0.9383417963981628,0.9366176724433899,0.9344781041145325,0.930965006351471,0.930914044380188,0.921913206577301,0.9261048436164856,0.9210046529769897,0.9231709241867065,0.9083725214004517,0.919131338596344,0.9012385010719299,0.9136987924575806,0.9000698924064636,0.9111629128456116,0.8945377469062805,0.9073169231414795,0.8937911987304688,0.9039201736450195,0.8822932243347168,0.8969207406044006,0.8731393218040466,0.8940324187278748,0.8706894516944885,0.8888376355171204,0.8657479882240295,0.8842745423316956,0.8672991991043091,0.8807169795036316,0.8529215455055237,0.8762901425361633,0.8437288999557495,0.8724645376205444
cnn electric-dream,cnn,91,49,1.0,1.6774527466623113e-05,0.9963924884796143,0.9999906420707703,0.9985766410827637,0.9999772310256958,0.9992303252220154,0.9999323487281799,1.0007261037826538,0.9998931884765625,1.0036044120788574,0.999752938747406,1.0029503107070923,0.9996625781059265,1.0046887397766113,0.9993153810501099,1.001706838607788,0.9992673993110657,1.0132766962051392,0.9989957809448242,1.0090662240982056,0.9988902807235718,1.0182265043258667,0.9984604120254517,1.011243224143982,0.9978923797607422,1.0129643678665161,0.9976280331611633,1.0104864835739136,0.9968658089637756,1.0159655809402466,0.9966382384300232,1.0185017585754395,0.9953657388687134,1.021820306777954,0.9946564435958862,1.018617033958435,0.9937673211097717,1.0184489488601685,0.9926702976226807,1.0173875093460083,0.9919255971908569,1.0216537714004517,0.9906232357025146,1.0282620191574097,0.9893983602523804,1.0163710117340088,0.9881693720817566,1.022476315498352,0.9867449402809143,1.0198922157287598,0.9850686192512512,1.022511601448059,0.9831064939498901,1.0142494440078735,0.9820657968521118,1.0106401443481445,0.9799325466156006,1.0098272562026978,0.9781447052955627,1.0186092853546143,0.9770278930664062,1.0073703527450562,0.9740573167800903,1.0041652917861938,0.9722132086753845,1.0038914680480957,0.9690361022949219,0.9980130195617676,0.9666887521743774,0.9882164597511292,0.9640394449234009,0.9904903769493103,0.9611968994140625,0.9799432754516602,0.959261417388916,0.9875509142875671,0.9569795727729797,0.977272093296051,0.9530767798423767,0.9745509624481201,0.9502323865890503,0.963716983795166,0.9466403126716614,0.9585333466529846,0.9448596239089966,0.9536860585212708,0.9408072233200073,0.9403812289237976,0.9370936751365662,0.9351733326911926,0.9326391816139221,0.9267809987068176,0.9282655119895935,0.9238901138305664,0.9269649982452393,0.9119822978973389,0.9219574332237244,0.9155548810958862,0.9175475239753723,0.8997319340705872,0.9135434627532959,0.8991243839263916,0.9105956554412842,0.891101598739624,0.9049127101898193,0.8774213790893555,0.9012418389320374,0.8709444999694824,0.8944728970527649,0.866300642490387,0.8924990892410278,0.8650774359703064,0.8862226605415344,0.8557541966438293,0.88187175989151,0.8424746990203857,0.8748658299446106,0.8360871076583862,0.8710411190986633,0.8395898938179016,0.8655167818069458,0.8267154693603516,0.8603348135948181,0.826373815536499,0.8549725413322449,0.8131757974624634,0.8501496911048889
cnn electric-dream,cnn,92,0,0.10000000149011612,4.52115784810303e-07,0.9997314214706421,0.999887228012085,0.999441385269165,0.9995930790901184,0.9982905387878418,0.9991273283958435,0.9972566962242126,0.9986456036567688,0.996596097946167,0.9982333183288574,0.9944709539413452,0.9974055886268616,0.9922891855239868,0.9962030053138733,0.9901115894317627,0.9950380921363831,0.9882196187973022,0.9938932657241821,0.9840388298034668,0.9923092722892761,0.9811643362045288,0.9908869862556458,0.9772958755493164,0.9889733791351318,0.9729130864143372,0.9876461625099182,0.9695187211036682,0.9852355718612671,0.9635475277900696,0.9829710125923157,0.9576699733734131,0.9803558588027954,0.9509350657463074,0.9778358340263367,0.9435111880302429,0.9754992723464966,0.9357505440711975,0.9730400443077087,0.9277880787849426,0.9694578647613525,0.9187090396881104,0.966820478439331,0.9105600714683533,0.963285505771637,0.9013357162475586,0.9593858122825623,0.888924777507782,0.9560258984565735,0.8789318203926086,0.9513153433799744,0.8648893237113953,0.946634829044342,0.8537792563438416,0.9424762725830078,0.8412513732910156,0.9377099871635437,0.8250479698181152,0.9332185387611389,0.8126322627067566,0.9281834959983826,0.7979615926742554,0.923542857170105,0.7810810804367065,0.9174991250038147,0.7666383981704712,0.9124694466590881,0.7492351531982422,0.902574896812439,0.7311589121818542,0.8968774676322937,0.7144820690155029,0.8894647359848022,0.6950744390487671,0.8836706876754761,0.6834455132484436,0.875099241733551,0.6616746187210083,0.8678356409072876,0.6430951952934265,0.8576176762580872,0.6226815581321716,0.8502609729766846,0.607218861579895,0.8404539227485657,0.5890675783157349,0.8304972052574158,0.5699478387832642,0.8183018565177917,0.5489455461502075,0.8083015084266663,0.5314555764198303,0.7953397631645203,0.5086207389831543,0.7847622036933899,0.49036237597465515,0.7711392045021057,0.4778732359409332,0.75617915391922,0.4572918117046356,0.7401573657989502,0.43613409996032715,0.7231318950653076,0.42047807574272156,0.713921308517456,0.40303942561149597,0.6916248202323914,0.3881276249885559,0.6738324165344238,0.36605924367904663,0.6568003296852112,0.351122111082077,0.639137864112854,0.33718141913414,0.6189660429954529,0.3178969919681549,0.5956206917762756,0.30373460054397583,0.5744979381561279,0.28830280900001526,0.550753653049469,0.2775788903236389,0.5440713167190552,0.26776769757270813,0.5146982669830322,0.25309669971466064,0.49639376997947693
cnn electric-dream,cnn,92,12,0.3204081654548645,3.444641151872929e-06,1.0007548332214355,0.9999396204948425,1.0011708736419678,0.9997760653495789,1.0017880201339722,0.999506413936615,1.0000629425048828,0.9992632865905762,1.0028830766677856,0.998995304107666,1.0013796091079712,0.9986801743507385,0.9990134239196777,0.9979472160339355,1.0015671253204346,0.9972288608551025,1.0013039112091064,0.9968392848968506,1.001652717590332,0.9961801171302795,0.9987205862998962,0.9952325224876404,1.000840187072754,0.9944140911102295,0.9996851682662964,0.9940740466117859,0.9984699487686157,0.9925331473350525,0.9980088472366333,0.9913378357887268,0.994265615940094,0.9898777604103088,0.9909164905548096,0.9891788959503174,0.9887335896492004,0.9875139594078064,0.9846663475036621,0.9867729544639587,0.9837962985038757,0.9847515225410461,0.9746108651161194,0.983055591583252,0.9742980003356934,0.9813330769538879,0.96702641248703,0.9795683026313782,0.9673557877540588,0.9767293334007263,0.9554484486579895,0.974967360496521,0.9468554258346558,0.9717235565185547,0.9459353089332581,0.9695302844047546,0.9336934089660645,0.9669848680496216,0.9196417331695557,0.9634531140327454,0.9131325483322144,0.9599122405052185,0.9005885720252991,0.9559306502342224,0.892430305480957,0.9516940116882324,0.8803552985191345,0.9480674266815186,0.866435706615448,0.9432703256607056,0.8509560227394104,0.9387307167053223,0.8406279683113098,0.9329749941825867,0.8202043175697327,0.927463173866272,0.8182641863822937,0.9228030443191528,0.797230064868927,0.9166198372840881,0.7843652963638306,0.9092910289764404,0.7748901844024658,0.9031594395637512,0.7578703165054321,0.8939975500106812,0.7388942837715149,0.8875610828399658,0.7263428568840027,0.8817398548126221,0.7170493602752686,0.8724285364151001,0.6970718502998352,0.8647591471672058,0.6834381818771362,0.8578607439994812,0.6679894328117371,0.849175214767456,0.6542015075683594,0.8430837988853455,0.6464559435844421,0.8320191502571106,0.6335344314575195,0.8210248351097107,0.6157001852989197,0.8147098422050476,0.601834774017334,0.806511640548706,0.5885445475578308,0.7962149977684021,0.5778166651725769,0.7817721366882324,0.5690273642539978,0.773569643497467,0.5506798028945923,0.7589978575706482,0.5448060631752014,0.7511953711509705,0.5277066826820374,0.7419074177742004,0.5161815285682678,0.7315648794174194,0.5140417218208313,0.7243096232414246,0.49934667348861694,0.7151831984519958,0.4976688623428345,0.7042301893234253
cnn electric-dream,cnn,92,24,0.5408163070678711,7.75390708440682e-06,1.0014368295669556,0.999970018863678,1.0018259286880493,0.9998797178268433,1.0035111904144287,0.9997349977493286,1.0020403861999512,0.9996069073677063,1.0069832801818848,0.9994274973869324,1.006435751914978,0.9993548393249512,1.0038968324661255,0.9989265203475952,1.0084106922149658,0.9984939098358154,1.0094525814056396,0.9983875155448914,1.0143686532974243,0.9980867505073547,1.011137843132019,0.9975898265838623,1.0176008939743042,0.9972549676895142,1.0189014673233032,0.9971200227737427,1.019835352897644,0.9963334798812866,1.0221245288848877,0.9957160949707031,1.0216901302337646,0.9948968887329102,1.024641752243042,0.9945024251937866,1.0239036083221436,0.9937950968742371,1.0259839296340942,0.993226945400238,1.0264437198638916,0.9923369288444519,1.0198928117752075,0.991092324256897,1.0293720960617065,0.990546703338623,1.0252690315246582,0.9894766211509705,1.0318504571914673,0.9877522587776184,1.0218149423599243,0.9869384169578552,1.0260529518127441,0.9854685664176941,1.0265700817108154,0.9842643141746521,1.021435260772705,0.9827839136123657,1.0173910856246948,0.9808177351951599,1.016955018043518,0.9788857698440552,1.0105907917022705,0.9765974879264832,1.0097547769546509,0.9752892255783081,1.0067837238311768,0.9720669984817505,1.0034419298171997,0.9695378541946411,0.9972596764564514,0.9676722884178162,0.9890434741973877,0.9660530686378479,0.9893687963485718,0.9619281888008118,0.9839552044868469,0.9591816663742065,0.9779955744743347,0.95621258020401,0.9735568761825562,0.9534050822257996,0.9751217365264893,0.9504271149635315,0.9655307531356812,0.9461653232574463,0.9541512727737427,0.9406783580780029,0.9466245174407959,0.939078152179718,0.9379928708076477,0.9354275465011597,0.9366140365600586,0.92960125207901,0.9332695603370667,0.9273686408996582,0.9264935255050659,0.9223077893257141,0.9174835681915283,0.9189976453781128,0.9152766466140747,0.914767324924469,0.9063208699226379,0.9090936183929443,0.9000002145767212,0.9058623313903809,0.8910325169563293,0.9011099338531494,0.8973000049591064,0.8976248502731323,0.8827450275421143,0.8913697600364685,0.8765075206756592,0.8858689665794373,0.8701860308647156,0.8817657828330994,0.8659054636955261,0.874495267868042,0.8518964648246765,0.8716676235198975,0.8480252027511597,0.8662431836128235,0.8442619442939758,0.8616387844085693,0.8399814963340759,0.8577314615249634,0.8396924734115601,0.8523829579353333
cnn electric-dream,cnn,92,37,0.7795918583869934,1.2742590115522034e-05,1.0014311075210571,0.9999889731407166,1.0013691186904907,0.9999454021453857,1.0033082962036133,0.9998793601989746,1.0025134086608887,0.9998016953468323,1.0078052282333374,0.9996975660324097,1.0074734687805176,0.9996666312217712,1.0043238401412964,0.9994778037071228,1.0081039667129517,0.9992283582687378,1.009509801864624,0.9991601705551147,1.013445496559143,0.9988453984260559,1.0121337175369263,0.9986541867256165,1.0189450979232788,0.9983246922492981,1.0164328813552856,0.9982933402061462,1.0224429368972778,0.9976779222488403,1.0214203596115112,0.9971670508384705,1.0226352214813232,0.9968810081481934,1.0277626514434814,0.9962864518165588,1.0249508619308472,0.9954760074615479,1.024081826210022,0.9950160384178162,1.0257399082183838,0.9943408966064453,1.0201160907745361,0.993774950504303,1.0294692516326904,0.9928632378578186,1.024093508720398,0.9917806386947632,1.029215931892395,0.9905511140823364,1.0221186876296997,0.9898554086685181,1.0248416662216187,0.9884067177772522,1.0274238586425781,0.9873780012130737,1.0222538709640503,0.9862790107727051,1.0188679695129395,0.9850906133651733,1.0170481204986572,0.9830483794212341,1.0173232555389404,0.9810975790023804,1.0145556926727295,0.979551374912262,1.014102578163147,0.9777600169181824,1.0166265964508057,0.974937379360199,1.0066263675689697,0.9738128781318665,1.0061438083648682,0.9718339443206787,1.002288579940796,0.9686674475669861,0.9972357153892517,0.9677545428276062,0.9968734383583069,0.9649834036827087,0.9840759038925171,0.9622271656990051,0.9902769327163696,0.9601988792419434,0.984753429889679,0.9577178955078125,0.972141683101654,0.9529074430465698,0.9654017090797424,0.9503200054168701,0.9592527747154236,0.9478226900100708,0.9637263417243958,0.9429014921188354,0.9540588855743408,0.9411426186561584,0.9455420970916748,0.9369509816169739,0.9400908946990967,0.9343680143356323,0.9341980814933777,0.9300228357315063,0.9211483001708984,0.9267405271530151,0.9165982007980347,0.9227240085601807,0.9067093729972839,0.919944167137146,0.9039614200592041,0.913934588432312,0.9009935259819031,0.9107397198677063,0.8922622203826904,0.9075448513031006,0.8793107271194458,0.9015663862228394,0.8813455104827881,0.8976016640663147,0.8787874579429626,0.8933737277984619,0.864187479019165,0.888837456703186,0.8679544925689697,0.8825677633285522,0.8609013557434082,0.8781231641769409,0.8498461842536926,0.8746880292892456
cnn electric-dream,cnn,92,49,1.0,1.6936366591835395e-05,1.001329779624939,0.9999963641166687,1.0007678270339966,0.9999725818634033,1.0025553703308105,0.9999367594718933,1.0025399923324585,0.9998646378517151,1.0075044631958008,0.9997752904891968,1.0070912837982178,0.9996803402900696,1.0028961896896362,0.9995718598365784,1.0062658786773682,0.9993423819541931,1.0076497793197632,0.9991927742958069,1.008609652519226,0.9987296462059021,1.009771466255188,0.9985349774360657,1.015489935874939,0.9980403184890747,1.0085304975509644,0.9978833198547363,1.0173976421356201,0.9971346855163574,1.0163161754608154,0.9963274598121643,1.0163887739181519,0.9960432052612305,1.022312045097351,0.9952217936515808,1.0185941457748413,0.9941567182540894,1.014651894569397,0.9931159019470215,1.0180509090423584,0.9923188090324402,1.0115851163864136,0.9915193915367126,1.0165224075317383,0.990321159362793,1.0085105895996094,0.9892661571502686,1.0119596719741821,0.9876126646995544,1.0067991018295288,0.9859562516212463,1.0056177377700806,0.983912467956543,1.0066452026367188,0.9827251434326172,1.0029044151306152,0.9809020161628723,0.9969515204429626,0.9793586134910583,0.9925289750099182,0.9772233366966248,0.9922298789024353,0.974626898765564,0.9874377846717834,0.9722620844841003,0.9915243983268738,0.9706161022186279,0.9868367910385132,0.9671210646629333,0.9762993454933167,0.9654168486595154,0.981500506401062,0.9627980589866638,0.9748753905296326,0.958151638507843,0.9596195220947266,0.9577112793922424,0.9618609547615051,0.9542806148529053,0.9528397917747498,0.950606107711792,0.9516496658325195,0.9474316835403442,0.9450598955154419,0.9457545876502991,0.9313971996307373,0.9405195116996765,0.9190536737442017,0.9360195994377136,0.9159097075462341,0.9350713491439819,0.9154473543167114,0.9307985901832581,0.9115639328956604,0.9246079325675964,0.9012027978897095,0.9199292659759521,0.8891375660896301,0.9154667258262634,0.8911099433898926,0.9117926955223083,0.8746728897094727,0.9059430956840515,0.8730121850967407,0.901033341884613,0.8594822287559509,0.8978864550590515,0.8542006015777588,0.8901819586753845,0.8461371064186096,0.8870232701301575,0.8344917893409729,0.8823662996292114,0.8252725601196289,0.8753262758255005,0.8268346786499023,0.8710735440254211,0.8146286606788635,0.8660787343978882,0.813369631767273,0.860105574131012,0.8087246417999268,0.8550679087638855,0.80241858959198,0.8496996164321899,0.7951691150665283,0.844001054763794
cnn electric-dream,cnn,93,0,0.10000000149011612,4.4951013933314243e-07,1.0000042915344238,0.999857485294342,0.9992027282714844,0.9997034072875977,0.9984999895095825,0.9993234276771545,0.9975545406341553,0.9987582564353943,0.9963078498840332,0.9979454874992371,0.9941580295562744,0.9972178339958191,0.992794394493103,0.9961937069892883,0.9900432825088501,0.9955620765686035,0.9877784252166748,0.9939616918563843,0.9849526286125183,0.9924155473709106,0.9805986881256104,0.9907631874084473,0.9773502945899963,0.9894617795944214,0.9733331203460693,0.9867697358131409,0.9690394401550293,0.9849599599838257,0.963510274887085,0.983079731464386,0.9576497673988342,0.9793869853019714,0.9507222175598145,0.9784057140350342,0.9436556696891785,0.9755604267120361,0.936180055141449,0.9727687835693359,0.9283663034439087,0.9689360857009888,0.918313205242157,0.9672151207923889,0.9096677303314209,0.9619808793067932,0.8998235464096069,0.9591732025146484,0.8899363279342651,0.955446183681488,0.8780702948570251,0.9503932595252991,0.8651951551437378,0.9463233947753906,0.8525652885437012,0.9429754614830017,0.8436601758003235,0.9379920363426208,0.8250333666801453,0.9343124032020569,0.8125947117805481,0.9265263676643372,0.8022446632385254,0.9224905967712402,0.7832717895507812,0.9172880053520203,0.765064001083374,0.9106547236442566,0.7505396008491516,0.9041135907173157,0.7278510332107544,0.8965904116630554,0.7184632420539856,0.890021562576294,0.696697473526001,0.8831257224082947,0.6791086196899414,0.8765508532524109,0.6607810258865356,0.8659940958023071,0.642755925655365,0.8595529794692993,0.6280912160873413,0.8491602540016174,0.603483259677887,0.8394420146942139,0.5888863801956177,0.8335532546043396,0.5684404969215393,0.8202109932899475,0.5491538047790527,0.8102376461029053,0.5316244959831238,0.7959622740745544,0.5144057273864746,0.7864064574241638,0.495428204536438,0.7687250375747681,0.4785325229167938,0.7577802538871765,0.45398515462875366,0.7396702766418457,0.4408327639102936,0.7256708145141602,0.4225042462348938,0.7123066186904907,0.4037211537361145,0.6991485953330994,0.389168918132782,0.6728637218475342,0.3702234625816345,0.6560198664665222,0.35547176003456116,0.6362383365631104,0.3400050401687622,0.619422435760498,0.3242189884185791,0.5991799831390381,0.30601370334625244,0.5872335433959961,0.2932835519313812,0.555418074131012,0.2822202444076538,0.5383229851722717,0.26681703329086304,0.5142676830291748,0.25493621826171875,0.5007021427154541
cnn electric-dream,cnn,93,12,0.3204081654548645,3.424986971367616e-06,1.000531792640686,0.9999166131019592,1.0011622905731201,0.9998360872268677,1.0021764039993286,0.9996272325515747,1.0023525953292847,0.9993507862091064,1.0029349327087402,0.9989312887191772,1.0008766651153564,0.9984803199768066,1.0036169290542603,0.9979953765869141,0.999996542930603,0.9977916479110718,1.0025206804275513,0.9970042109489441,1.0024402141571045,0.9963144063949585,0.9983413219451904,0.9954624772071838,1.0008920431137085,0.9946998357772827,0.9958655834197998,0.9936716556549072,0.9992433786392212,0.9924920201301575,0.9980539679527283,0.9916270971298218,0.9963241219520569,0.9898566603660583,0.9943270683288574,0.9892709255218506,0.9866639375686646,0.9875234961509705,0.9864745140075684,0.9867976307868958,0.9814062118530273,0.9846352934837341,0.9776646494865417,0.9834226965904236,0.9708605408668518,0.9811611175537109,0.9683969020843506,0.9794285893440247,0.9612820148468018,0.9773330688476562,0.9563673734664917,0.9742891788482666,0.9494391679763794,0.9718494415283203,0.9394372701644897,0.9698627591133118,0.9292688369750977,0.9658381938934326,0.9204666614532471,0.963241457939148,0.9060799479484558,0.959199845790863,0.8978018164634705,0.9559913277626038,0.8869739174842834,0.9528234004974365,0.8705506324768066,0.9483605623245239,0.862930417060852,0.9434671401977539,0.8471506237983704,0.938556969165802,0.8299272060394287,0.9333898425102234,0.819115936756134,0.9288068413734436,0.806117594242096,0.9235101938247681,0.7931006550788879,0.9159585237503052,0.7776699662208557,0.9097372889518738,0.7691425681114197,0.9041525721549988,0.749521017074585,0.8994573950767517,0.7320172190666199,0.8922244906425476,0.713196873664856,0.8836965560913086,0.70363450050354,0.8758580088615417,0.6882069110870361,0.8663041591644287,0.6787336468696594,0.8613414168357849,0.666741132736206,0.8533182740211487,0.6470963358879089,0.844641387462616,0.6347472071647644,0.8333935141563416,0.6241356730461121,0.826002299785614,0.6009302735328674,0.8169107437133789,0.5953029990196228,0.8038986325263977,0.5850729942321777,0.797209620475769,0.5695303678512573,0.7846338748931885,0.5612488389015198,0.7761449813842773,0.5443270802497864,0.7693101167678833,0.5317643880844116,0.7527331709861755,0.5247686505317688,0.7482002973556519,0.50923091173172,0.7329500317573547,0.4983650743961334,0.7240607142448425,0.48675987124443054,0.7123173475265503,0.4833980202674866,0.7053541541099548
cnn electric-dream,cnn,93,24,0.5408163070678711,7.748547432129271e-06,1.0003598928451538,0.9999507665634155,1.0023503303527832,0.9999118447303772,1.0043326616287231,0.9997921586036682,1.005094051361084,0.9996728301048279,1.0069708824157715,0.9994549751281738,1.0055493116378784,0.9992334246635437,1.0119085311889648,0.9989416003227234,1.0057882070541382,0.9988806843757629,1.013066291809082,0.9985560178756714,1.0146186351776123,0.9982463717460632,1.010819435119629,0.9978959560394287,1.0157126188278198,0.9974863529205322,1.0135995149612427,0.9969333410263062,1.0209057331085205,0.9964542388916016,1.0200989246368408,0.9961166381835938,1.0233057737350464,0.9953538775444031,1.026681900024414,0.9947500228881836,1.0208523273468018,0.993941605091095,1.023440957069397,0.9935017824172974,1.028252124786377,0.9924131631851196,1.0265562534332275,0.991605281829834,1.0302833318710327,0.990109920501709,1.0221929550170898,0.9895929098129272,1.027702808380127,0.9884785413742065,1.0267080068588257,0.9870423674583435,1.023682713508606,0.9863037467002869,1.0233447551727295,0.9842312335968018,1.0192703008651733,0.9824276566505432,1.0170975923538208,0.9805976152420044,1.0112066268920898,0.9794538021087646,1.0104191303253174,0.9767722487449646,0.9983917474746704,0.9750667810440063,0.9952362179756165,0.9721126556396484,0.9988780617713928,0.9708662033081055,0.9960752129554749,0.9678632616996765,0.9849108457565308,0.9650686979293823,0.9824955463409424,0.961651623249054,0.9772197008132935,0.9589471817016602,0.968964695930481,0.9564906358718872,0.9642812609672546,0.9521103501319885,0.9682389497756958,0.9495923519134521,0.9625216126441956,0.9456885457038879,0.94728684425354,0.9435168504714966,0.9424529075622559,0.939215898513794,0.9379872679710388,0.9355338215827942,0.9357989430427551,0.9322090744972229,0.9248677492141724,0.926727294921875,0.915507972240448,0.9234656691551208,0.9144171476364136,0.9183312058448792,0.8976850509643555,0.9142335653305054,0.8984472155570984,0.9109726548194885,0.8926035761833191,0.9070265889167786,0.8802387714385986,0.9015220403671265,0.8730373978614807,0.8974977731704712,0.8670843243598938,0.8885717391967773,0.8622506260871887,0.8873783349990845,0.854229211807251,0.8801919221878052,0.8443014621734619,0.8770566582679749,0.8414847254753113,0.870541512966156,0.8278668522834778,0.8636943697929382,0.8259239792823792,0.8632165789604187,0.8114867210388184,0.8580504655838013,0.8110466599464417,0.8518217206001282
cnn electric-dream,cnn,93,37,0.7795918583869934,1.2801705452147871e-05,0.9994674921035767,0.9999746680259705,1.002484679222107,0.9999604225158691,1.0049306154251099,0.9998918771743774,1.0046052932739258,0.9998341202735901,1.0086134672164917,0.99969881772995,1.007681131362915,0.9996228814125061,1.0136253833770752,0.9993672370910645,1.0060011148452759,0.9993071556091309,1.0143043994903564,0.9990495443344116,1.0181448459625244,0.9987420439720154,1.0105082988739014,0.9985451698303223,1.0138845443725586,0.9981123208999634,1.0122570991516113,0.9974963665008545,1.0220777988433838,0.9972876310348511,1.0177780389785767,0.9966976642608643,1.0248403549194336,0.9961709380149841,1.024328589439392,0.9951954483985901,1.0181477069854736,0.9945222735404968,1.0170681476593018,0.9936832785606384,1.0271955728530884,0.9928242564201355,1.0280072689056396,0.9917386770248413,1.0296118259429932,0.9904119372367859,1.0234031677246094,0.9892626404762268,1.0273677110671997,0.9880343079566956,1.025880217552185,0.9869048595428467,1.021009922027588,0.9854514002799988,1.0291502475738525,0.983260989189148,1.0112088918685913,0.9826741218566895,1.0177017450332642,0.9794824719429016,1.014495611190796,0.9778758883476257,1.0064083337783813,0.9763175249099731,0.994949221611023,0.9737148284912109,0.9946876764297485,0.9714978933334351,0.9923864006996155,0.9699951410293579,0.9923620223999023,0.9677000641822815,0.981267511844635,0.9646818041801453,0.9713658094406128,0.9617717266082764,0.969781756401062,0.958677351474762,0.9672780632972717,0.95589280128479,0.9621037840843201,0.9528201222419739,0.9635687470436096,0.9492724537849426,0.9575546383857727,0.9462996125221252,0.9484087824821472,0.9445626735687256,0.9406073689460754,0.9404377341270447,0.936601996421814,0.93670654296875,0.9237378835678101,0.9331182241439819,0.9184549450874329,0.9295154809951782,0.9189831018447876,0.9256070852279663,0.9067613482475281,0.9199057221412659,0.9061299562454224,0.9178581237792969,0.8994877338409424,0.9135858416557312,0.8910363912582397,0.9075330495834351,0.8814606070518494,0.9034067988395691,0.8739616870880127,0.9006142020225525,0.8654342889785767,0.8945547938346863,0.8646702170372009,0.8925385475158691,0.8528305292129517,0.8855741024017334,0.8438367247581482,0.881187379360199,0.8431240916252136,0.875608503818512,0.8333562612533569,0.871717631816864,0.8366526365280151,0.8678430914878845,0.8218730688095093,0.8620885610580444,0.816529393196106,0.8570416569709778
cnn electric-dream,cnn,93,49,1.0,1.715569851512555e-05,0.9986169934272766,0.9999860525131226,1.0022586584091187,0.9999768733978271,1.0048351287841797,0.9999182224273682,1.0031183958053589,0.9998369812965393,1.008734941482544,0.9996863603591919,1.0088229179382324,0.9996029138565063,1.0126796960830688,0.9992309212684631,1.005282998085022,0.9990773797035217,1.013273000717163,0.9985961318016052,1.0189346075057983,0.9980490803718567,1.0097357034683228,0.997581958770752,1.0105584859848022,0.9969078898429871,1.0076795816421509,0.9958703517913818,1.0196514129638672,0.9953982830047607,1.0149540901184082,0.9941049814224243,1.0209609270095825,0.9933644533157349,1.019527554512024,0.9915415644645691,1.0094349384307861,0.9903052449226379,1.0099680423736572,0.9886159300804138,1.0162922143936157,0.987448513507843,1.0219807624816895,0.9855341911315918,1.0174691677093506,0.9836999177932739,1.0146260261535645,0.981340765953064,1.012641191482544,0.9797265529632568,1.0156844854354858,0.9778879880905151,1.0122880935668945,0.9750998020172119,1.0232467651367188,0.9728783369064331,1.003476619720459,0.9706135392189026,1.0073261260986328,0.967169463634491,1.0054131746292114,0.9636309742927551,1.0030732154846191,0.961581289768219,0.9912838935852051,0.9567932486534119,0.9943958520889282,0.9551716446876526,0.9868653416633606,0.9511914849281311,0.9889616370201111,0.9482642412185669,0.976348340511322,0.9440239071846008,0.96920245885849,0.9404022693634033,0.9575151801109314,0.9363729357719421,0.9603223204612732,0.9326280951499939,0.9531369805335999,0.9290710091590881,0.9439076781272888,0.9221616983413696,0.936758816242218,0.9180209636688232,0.9294435381889343,0.9146535396575928,0.9344447255134583,0.9101632237434387,0.9184920191764832,0.9067583680152893,0.903616726398468,0.9005606174468994,0.9028111100196838,0.8982069492340088,0.9036509990692139,0.8935327529907227,0.8798601627349854,0.8898793458938599,0.8843494057655334,0.8836407661437988,0.8733669519424438,0.8806566596031189,0.862125813961029,0.8711625337600708,0.8559198379516602,0.8662427663803101,0.8534870743751526,0.8611371517181396,0.847970187664032,0.856113612651825,0.8367332220077515,0.8517707586288452,0.8445194363594055,0.8447708487510681,0.8378112316131592,0.8395354747772217,0.8325667381286621,0.8309398293495178,0.8128366470336914,0.8249719738960266,0.8226749897003174,0.822083055973053,0.8128392696380615,0.8177521228790283,0.8085268139839172,0.8120605945587158
cnn electric-dream,cnn,94,0,0.10000000149011612,4.482032522901136e-07,0.9999509453773499,0.9998354911804199,0.9992415308952332,0.9995854496955872,0.9984836578369141,0.9993693232536316,0.9979348182678223,0.9986333847045898,0.9962805509567261,0.9982313513755798,0.9947165250778198,0.9970705509185791,0.9927278757095337,0.9963650107383728,0.9901229739189148,0.9952669739723206,0.9873434901237488,0.9942411184310913,0.985126793384552,0.9927191734313965,0.9809611439704895,0.9907026290893555,0.9773741364479065,0.9895213842391968,0.9716218709945679,0.986966609954834,0.9675461053848267,0.9851758480072021,0.9634647369384766,0.9835336804389954,0.9585187435150146,0.979972779750824,0.9513314962387085,0.9783843755722046,0.9427652955055237,0.9750645756721497,0.9374648332595825,0.9718291759490967,0.9278985857963562,0.9689117074012756,0.9217799305915833,0.9658119082450867,0.9113235473632812,0.9622213244438171,0.8989594578742981,0.959246039390564,0.8899704813957214,0.956386148929596,0.8792316913604736,0.9515728950500488,0.868495762348175,0.9477364420890808,0.8547483086585999,0.9446414709091187,0.8407468795776367,0.9375496506690979,0.8304153084754944,0.9332600831985474,0.8156960010528564,0.9273577928543091,0.8006271719932556,0.9239733815193176,0.7828676104545593,0.9177426695823669,0.7704331278800964,0.9118611216545105,0.7506919503211975,0.9041202068328857,0.7357259392738342,0.8972079753875732,0.7226228713989258,0.890715479850769,0.7027269005775452,0.8850361108779907,0.681352436542511,0.8732728958129883,0.6678388714790344,0.8680816888809204,0.644585907459259,0.8600396513938904,0.6319552659988403,0.8495109677314758,0.6119467616081238,0.8428027033805847,0.5920327305793762,0.8319174647331238,0.5701917409896851,0.8200545907020569,0.553122878074646,0.8089132905006409,0.5339741706848145,0.7939884662628174,0.5221956372261047,0.7858171463012695,0.5042691826820374,0.7700889706611633,0.4813454747200012,0.762198805809021,0.4636174440383911,0.7418303489685059,0.4379310607910156,0.7243131995201111,0.4273912012577057,0.7099925875663757,0.40815091133117676,0.6956999897956848,0.39665085077285767,0.6698721647262573,0.37647032737731934,0.6573892831802368,0.3586110472679138,0.6375212073326111,0.3431278169155121,0.6197394132614136,0.329072505235672,0.6004554629325867,0.31142330169677734,0.5770310759544373,0.29471567273139954,0.5553023815155029,0.2890963852405548,0.5395509600639343,0.2739720344543457,0.5219073295593262,0.26322799921035767,0.4985809624195099
cnn electric-dream,cnn,94,12,0.3204081654548645,3.3866601825138787e-06,1.000099778175354,0.9999043941497803,1.0007774829864502,0.9997886419296265,0.9996085166931152,0.9996759295463562,1.0016475915908813,0.9992405772209167,1.0018641948699951,0.9990952610969543,1.0009233951568604,0.9984464049339294,1.001953363418579,0.9980702996253967,1.0015337467193604,0.9975492358207703,1.0024144649505615,0.9971043467521667,1.002516508102417,0.9962766766548157,1.0027047395706177,0.995530366897583,1.0018310546875,0.9946740865707397,1.0003572702407837,0.9936807751655579,0.998133659362793,0.9926871657371521,1.0015201568603516,0.9919993281364441,0.9973650574684143,0.9905288219451904,0.9989742636680603,0.9896493554115295,0.9903683662414551,0.9881969094276428,0.9901013374328613,0.9863615036010742,0.9879583120346069,0.985292911529541,0.9834674000740051,0.9836353659629822,0.9767306447029114,0.9815525412559509,0.9762696623802185,0.9796882271766663,0.9703139066696167,0.9778520464897156,0.9609730839729309,0.9753216505050659,0.9581969976425171,0.9725567102432251,0.9484786987304688,0.9700796008110046,0.9385342001914978,0.9668688774108887,0.9280282855033875,0.963458240032196,0.9174536466598511,0.9609509706497192,0.9115931391716003,0.9572923183441162,0.8962629437446594,0.9537736773490906,0.8866719603538513,0.948513388633728,0.8741429448127747,0.944442093372345,0.8587375283241272,0.9407000541687012,0.8511706590652466,0.9359280467033386,0.8329983949661255,0.9292660355567932,0.8210676312446594,0.9240856766700745,0.8014044165611267,0.9182296991348267,0.7911679148674011,0.9115192890167236,0.7801746726036072,0.9065283536911011,0.7635073065757751,0.8982964158058167,0.7516513466835022,0.8923505544662476,0.7381765246391296,0.8842312693595886,0.7214442491531372,0.8783299326896667,0.7074137330055237,0.869454026222229,0.692344069480896,0.860701858997345,0.6906830668449402,0.8550270199775696,0.6644087433815002,0.8454623818397522,0.6485026478767395,0.8343327641487122,0.6358084678649902,0.8269692063331604,0.6205933094024658,0.8172908425331116,0.6096134781837463,0.8091053366661072,0.5997792482376099,0.8003296852111816,0.5833807587623596,0.7890479564666748,0.5694295763969421,0.7819454073905945,0.5559686422348022,0.7680699825286865,0.5514959096908569,0.7604513168334961,0.534345805644989,0.7464843988418579,0.5299103260040283,0.7386502027511597,0.5150336623191833,0.7259809970855713,0.5086174607276917,0.7153230309486389,0.49744683504104614,0.7086665630340576
cnn electric-dream,cnn,94,24,0.5408163070678711,7.62701438361546e-06,1.0003410577774048,0.9999486804008484,1.0016552209854126,0.9999033808708191,1.000826358795166,0.9998406767845154,1.0034617185592651,0.9995962977409363,1.0059340000152588,0.9995377063751221,1.0064343214035034,0.9992395639419556,1.0078333616256714,0.9990098476409912,1.0088945627212524,0.9987393617630005,1.0135940313339233,0.9985461831092834,1.0136874914169312,0.9981067180633545,1.0155571699142456,0.9978066086769104,1.0192967653274536,0.9972972273826599,1.0203725099563599,0.9969459772109985,1.0206973552703857,0.9964290857315063,1.0235450267791748,0.9959693551063538,1.0221275091171265,0.9955160617828369,1.028464913368225,0.9950876235961914,1.0254902839660645,0.994088888168335,1.0300482511520386,0.9933679103851318,1.0309149026870728,0.9928316473960876,1.027758240699768,0.9918690919876099,1.0311155319213867,0.9909575581550598,1.0335369110107422,0.9897452592849731,1.0339785814285278,0.9889499545097351,1.0308283567428589,0.9875742197036743,1.0278836488723755,0.9859131574630737,1.0286129713058472,0.984591543674469,1.0321683883666992,0.982408344745636,1.0222864151000977,0.9812249541282654,1.0216457843780518,0.9791715741157532,1.0182366371154785,0.977153480052948,1.0192844867706299,0.9753773808479309,1.0156038999557495,0.9727457165718079,1.0039619207382202,0.9706094264984131,1.00066077709198,0.9681916236877441,0.994133710861206,0.9655970335006714,0.9925374984741211,0.9625014662742615,0.9888564944267273,0.9601802825927734,0.9844744801521301,0.9569873213768005,0.9792845249176025,0.953386664390564,0.9723795652389526,0.9503009915351868,0.971947968006134,0.9459218978881836,0.9526627063751221,0.9425762891769409,0.9628706574440002,0.9386717677116394,0.9448419809341431,0.9350916743278503,0.9492674469947815,0.931073009967804,0.9362861514091492,0.926496684551239,0.9359313249588013,0.9225658178329468,0.9251662492752075,0.9165647625923157,0.9211456179618835,0.9127282500267029,0.9163928627967834,0.9092605113983154,0.9085618257522583,0.9039648771286011,0.8969827890396118,0.900646448135376,0.8907411098480225,0.8945090174674988,0.8863627910614014,0.8907878398895264,0.88222336769104,0.8858762383460999,0.8775795102119446,0.8804851174354553,0.8624048233032227,0.8762325048446655,0.8567305207252502,0.8732784390449524,0.8503656387329102,0.8691773414611816,0.8443672060966492,0.8627650141716003,0.8380149006843567,0.8596556186676025,0.8322964310646057,0.8560186624526978
cnn electric-dream,cnn,94,37,0.7795918583869934,1.2560457435029093e-05,1.0001455545425415,0.9999788999557495,1.001569151878357,0.9999649524688721,1.0008649826049805,0.9999261498451233,1.0027732849121094,0.9997966885566711,1.0073121786117554,0.9997465014457703,1.0080740451812744,0.9996427893638611,1.0087785720825195,0.9994797706604004,1.009775161743164,0.9992718696594238,1.0161209106445312,0.9991248846054077,1.0120189189910889,0.9987595677375793,1.017170786857605,0.9985201358795166,1.0214266777038574,0.9981034994125366,1.0198012590408325,0.9978583455085754,1.0211143493652344,0.9974998235702515,1.0266139507293701,0.9968056082725525,1.0178366899490356,0.9966023564338684,1.0216403007507324,0.9960942268371582,1.0269782543182373,0.9950875639915466,1.0254312753677368,0.9946080446243286,1.0247023105621338,0.9938850998878479,1.0287582874298096,0.9929800629615784,1.027916669845581,0.9917935729026794,1.0254433155059814,0.9906288385391235,1.029365062713623,0.9899937510490417,1.0330305099487305,0.9887524247169495,1.0256829261779785,0.987604022026062,1.0245018005371094,0.9857351183891296,1.0260522365570068,0.9843143224716187,1.02114999294281,0.9835282564163208,1.0163812637329102,0.9808931350708008,1.0187350511550903,0.9789546132087708,1.0151417255401611,0.9771835803985596,1.0076438188552856,0.9758651256561279,1.0071619749069214,0.9734463691711426,0.9996554851531982,0.9708213210105896,1.0014749765396118,0.9690314531326294,0.9906067252159119,0.9658238887786865,0.9853718280792236,0.9632470011711121,0.9781717658042908,0.9599301815032959,0.9847480654716492,0.9573999643325806,0.9654552936553955,0.9547203183174133,0.9650058150291443,0.9517177939414978,0.9542152285575867,0.9490092396736145,0.9523593783378601,0.9448246955871582,0.9446589350700378,0.941646933555603,0.9309021830558777,0.9398446083068848,0.9278952479362488,0.9361568093299866,0.9178836345672607,0.9312399625778198,0.9155849814414978,0.9273585081100464,0.9058436155319214,0.9226645827293396,0.8979832530021667,0.9181089997291565,0.8916117548942566,0.9146517515182495,0.8738160133361816,0.9111600518226624,0.8712037205696106,0.9066444635391235,0.8714685440063477,0.9005269408226013,0.8658254742622375,0.8974817991256714,0.8569946885108948,0.8919978737831116,0.8609655499458313,0.8900630474090576,0.849859893321991,0.8852216601371765,0.8398084044456482,0.8806069493293762,0.8356883525848389,0.87747722864151,0.8186665773391724,0.8723500967025757,0.8224878907203674,0.8672811388969421
cnn electric-dream,cnn,94,49,1.0,1.6742487787269056e-05,0.9998787045478821,0.999991774559021,1.000922441482544,0.9999783635139465,1.0006392002105713,0.9999419450759888,1.001549482345581,0.9998424649238586,1.0079150199890137,0.9997557997703552,1.0083500146865845,0.9996333122253418,1.0084894895553589,0.9994372129440308,1.0089420080184937,0.9991674423217773,1.0163609981536865,0.9989694952964783,1.0087026357650757,0.9983987212181091,1.0160233974456787,0.9980232119560242,1.0203649997711182,0.9973487257957458,1.0164307355880737,0.9969403743743896,1.0173429250717163,0.9964020252227783,1.0265990495681763,0.9953501224517822,1.0115852355957031,0.9947724938392639,1.013213038444519,0.9937494397163391,1.0211886167526245,0.9925491213798523,1.0185703039169312,0.9916308522224426,1.0165116786956787,0.9900658130645752,1.0207010507583618,0.9892004132270813,1.0195205211639404,0.9871723055839539,1.017737865447998,0.9856382608413696,1.0193803310394287,0.984281599521637,1.0215907096862793,0.9825240969657898,1.013141393661499,0.9808038473129272,1.0146056413650513,0.9789202809333801,1.0143659114837646,0.9771336913108826,1.0066003799438477,0.9756070375442505,1.0008978843688965,0.9722189903259277,1.004042387008667,0.9701184630393982,1.0017083883285522,0.9669952988624573,0.994790256023407,0.9652470946311951,0.9902921319007874,0.9632040858268738,0.981980562210083,0.9598315954208374,0.9868236184120178,0.9583171606063843,0.9743409752845764,0.9537246227264404,0.9726682901382446,0.9503600001335144,0.9623867869377136,0.947184145450592,0.9680661559104919,0.9432597160339355,0.9647784233093262,0.9413756132125854,0.9467624425888062,0.9377365708351135,0.9474297761917114,0.9338400959968567,0.9479042887687683,0.9298785328865051,0.9383851289749146,0.9262049198150635,0.9280034303665161,0.9229762554168701,0.9191926717758179,0.9202272295951843,0.9136474132537842,0.9140957593917847,0.9121991991996765,0.9098173379898071,0.9000225067138672,0.9063693881034851,0.885097324848175,0.9013360738754272,0.8810009360313416,0.8974533081054688,0.8751949071884155,0.8923782110214233,0.859302818775177,0.8870241641998291,0.8573690056800842,0.8804509043693542,0.8449230790138245,0.8766040802001953,0.844048798084259,0.8699658513069153,0.8358802199363708,0.8662254214286804,0.8373087048530579,0.8629594445228577,0.8298854827880859,0.8568341732025146,0.821846604347229,0.8522040843963623,0.8180150389671326,0.8430476188659668,0.8157870769500732,0.841383695602417
cnn_wst efficient-thunder-86,cnn_wst,90,0,0.10000000149011612,4.493977598940546e-07,0.9996252059936523,0.9998855590820312,0.9990617632865906,0.9997053742408752,0.9986514449119568,0.9992581605911255,0.998043954372406,0.9987939596176147,0.9962619543075562,0.9981724619865417,0.9942713379859924,0.9970660209655762,0.9929866194725037,0.9962749481201172,0.9911165833473206,0.995155394077301,0.9883248805999756,0.9938919544219971,0.9844130277633667,0.9919809699058533,0.9814526438713074,0.9905531406402588,0.9770856499671936,0.9892792701721191,0.9739030003547668,0.9870654344558716,0.9668527245521545,0.9851989150047302,0.9633342623710632,0.982093095779419,0.9581326246261597,0.9804786443710327,0.9516062140464783,0.9778315424919128,0.9416730999946594,0.9756507277488708,0.9343881607055664,0.9736082553863525,0.9278371930122375,0.969633162021637,0.9203420281410217,0.9658848643302917,0.9090486168861389,0.9626155495643616,0.9001164436340332,0.9581447839736938,0.8903155326843262,0.9555707573890686,0.87709641456604,0.9515626430511475,0.8680787086486816,0.9489699006080627,0.8538557291030884,0.9426102042198181,0.8439569473266602,0.9375438094139099,0.8280645608901978,0.9325347542762756,0.8141360878944397,0.9286165237426758,0.798739492893219,0.9233179688453674,0.7830972075462341,0.9168732762336731,0.7675591111183167,0.9117815494537354,0.753071665763855,0.9031566977500916,0.7329150438308716,0.8972414135932922,0.7173616886138916,0.8895044922828674,0.7000716328620911,0.8818001747131348,0.6817115545272827,0.8761677742004395,0.6674866080284119,0.869065523147583,0.6459500789642334,0.8621176481246948,0.6276239156723022,0.8506783843040466,0.6103755831718445,0.8406914472579956,0.5932690501213074,0.8298662900924683,0.5677490830421448,0.8194335699081421,0.5569747686386108,0.807653546333313,0.5368790030479431,0.7975830435752869,0.5120583772659302,0.7872157096862793,0.49342018365859985,0.7697182297706604,0.4831307828426361,0.755894660949707,0.45932453870773315,0.7390425205230713,0.44051676988601685,0.7262306213378906,0.42722511291503906,0.7128145098686218,0.40599995851516724,0.6902651786804199,0.39305880665779114,0.6735795140266418,0.37297922372817993,0.6577243208885193,0.3564905524253845,0.6389328241348267,0.3435504138469696,0.614289402961731,0.3265872299671173,0.5993055105209351,0.31068047881126404,0.5780580043792725,0.2986023426055908,0.5565335154533386,0.28189828991889954,0.5291647911071777,0.2734784483909607,0.5134256482124329,0.26183047890663147,0.4955267310142517
cnn_wst efficient-thunder-86,cnn_wst,90,12,0.3204081654548645,2.7916223643842386e-06,1.0082266330718994,0.9999609589576721,1.0095951557159424,0.9998905658721924,1.006783366203308,0.999749481678009,1.0077531337738037,0.9995797872543335,1.006417989730835,0.9993781447410583,1.0054001808166504,0.9990438222885132,1.0046921968460083,0.998787522315979,1.0008891820907593,0.998427152633667,1.002603530883789,0.9981319904327393,0.9985173940658569,0.997583270072937,0.9979195594787598,0.9971650242805481,0.9940195083618164,0.9968456625938416,0.9982590675354004,0.9964544177055359,0.9940481781959534,0.9960992932319641,0.9986862540245056,0.9954646229743958,1.0031565427780151,0.9952290058135986,1.0018246173858643,0.9946353435516357,0.9999865293502808,0.9941848516464233,1.003491759300232,0.9935539364814758,1.0075852870941162,0.9932292103767395,1.0109304189682007,0.9922894239425659,1.0132015943527222,0.9915581345558167,1.0139505863189697,0.9910644888877869,1.0167737007141113,0.9897197484970093,1.0206574201583862,0.9895251989364624,1.020356297492981,0.9883019328117371,1.0215799808502197,0.9868249297142029,1.019780158996582,0.9858333468437195,1.022085428237915,0.9836376309394836,1.0120818614959717,0.9818480014801025,1.0116137266159058,0.9798577427864075,1.0012933015823364,0.9777718782424927,1.0047932863235474,0.9753984808921814,0.9883891940116882,0.9720064997673035,0.9775406122207642,0.9692443013191223,0.9709501266479492,0.9647578001022339,0.9556806087493896,0.9613373279571533,0.9485856890678406,0.9585559964179993,0.9339768886566162,0.9540996551513672,0.9169370532035828,0.9484959244728088,0.8962798118591309,0.9428894519805908,0.8839214444160461,0.9374985098838806,0.8684023022651672,0.9303520321846008,0.8468719124794006,0.9256861209869385,0.836453914642334,0.9190881848335266,0.8151979446411133,0.9129522442817688,0.7962002754211426,0.9046391248703003,0.7758486270904541,0.8973082900047302,0.7643137574195862,0.8885751366615295,0.7454460859298706,0.8822362422943115,0.7240116596221924,0.8732447624206543,0.7121896147727966,0.8641710877418518,0.6968762278556824,0.8568730354309082,0.6811079382896423,0.8466299772262573,0.6639308333396912,0.8387335538864136,0.6457048058509827,0.8299544453620911,0.6331849694252014,0.8211353421211243,0.6186233162879944,0.8120682835578918,0.6025601029396057,0.7989755868911743,0.595237672328949,0.7931488752365112,0.5839449167251587,0.7859264016151428,0.5712167024612427,0.7782282829284668,0.5626299381256104,0.7651636600494385
cnn_wst efficient-thunder-86,cnn_wst,90,24,0.5408163070678711,5.977763066766784e-06,1.0092442035675049,0.9999872446060181,1.0110859870910645,0.9999583959579468,1.0078599452972412,0.9999291300773621,1.0084418058395386,0.9998766183853149,1.007667899131775,0.9998129606246948,1.0079165697097778,0.9997300505638123,1.0062919855117798,0.9996113181114197,1.002478003501892,0.9994988441467285,1.006007432937622,0.999455988407135,1.0027087926864624,0.9992412328720093,1.0011744499206543,0.999138593673706,0.9971880912780762,0.9990048408508301,1.00397789478302,0.9988002777099609,1.002528190612793,0.9986434578895569,1.0061646699905396,0.9984921216964722,1.0137028694152832,0.9983330368995667,1.0123629570007324,0.9980945587158203,1.0129482746124268,0.9976969361305237,1.0213629007339478,0.9973006844520569,1.0235470533370972,0.9970536828041077,1.0309990644454956,0.9963871836662292,1.0350749492645264,0.9959865808486938,1.0432920455932617,0.9956108927726746,1.0442382097244263,0.9948418736457825,1.051677942276001,0.9942026734352112,1.0577038526535034,0.9935439229011536,1.064918875694275,0.9924991726875305,1.0656678676605225,0.9919257164001465,1.0729353427886963,0.990549623966217,1.069832682609558,0.9897176623344421,1.0794941186904907,0.9880397319793701,1.0749515295028687,0.9869319200515747,1.0789204835891724,0.9852420091629028,1.082169532775879,0.9841228723526001,1.0776686668395996,0.9818697571754456,1.0772854089736938,0.9797925353050232,1.072879433631897,0.9775725603103638,1.0745885372161865,0.9756911396980286,1.0753692388534546,0.974114716053009,1.0716732740402222,0.9714809060096741,1.0586657524108887,0.9683661460876465,1.057875394821167,0.9664105176925659,1.0487407445907593,0.9637529253959656,1.046491026878357,0.9603664875030518,1.044052004814148,0.9586347937583923,1.036695122718811,0.9554349780082703,1.0250338315963745,0.9513562917709351,1.0130133628845215,0.9482144713401794,1.0168612003326416,0.9451032876968384,1.0012164115905762,0.9421328902244568,0.9911177754402161,0.939803421497345,0.9865602850914001,0.9356781244277954,0.9866615533828735,0.9312887191772461,0.9836791753768921,0.9283817410469055,0.9692397713661194,0.9239745736122131,0.9611221551895142,0.9210940003395081,0.9436003565788269,0.9153197407722473,0.9364399909973145,0.9116936326026917,0.9290634989738464,0.9086516499519348,0.9248116612434387,0.9036537408828735,0.9200189113616943,0.9022105932235718,0.9093806743621826,0.8976261019706726,0.9055489301681519,0.8947674036026001
cnn_wst efficient-thunder-86,cnn_wst,90,37,0.7795918583869934,9.996821972890757e-06,1.0087283849716187,0.9999940395355225,1.0103964805603027,0.9999802112579346,1.006910800933838,0.9999765157699585,1.0066020488739014,0.9999449849128723,1.0058649778366089,0.9998963475227356,1.006718635559082,0.9998425245285034,1.0031851530075073,0.9997410178184509,0.999226987361908,0.9996592998504639,1.002197027206421,0.9995541572570801,0.997886598110199,0.999338686466217,0.9947830438613892,0.9992056488990784,0.990950345993042,0.9989917278289795,0.99656081199646,0.9986693859100342,0.9958584308624268,0.998328685760498,0.9977460503578186,0.9980162978172302,0.9986222982406616,0.997708797454834,0.9985796213150024,0.997353196144104,0.9973717927932739,0.9967468976974487,1.0036269426345825,0.9960484504699707,1.0024499893188477,0.9956640601158142,1.0047307014465332,0.9943144917488098,1.0060434341430664,0.9934776425361633,1.0140433311462402,0.9929757118225098,1.0131137371063232,0.9918723106384277,1.0197561979293823,0.9904775023460388,1.021688461303711,0.9898456335067749,1.0257824659347534,0.9885388612747192,1.0220911502838135,0.9870232343673706,1.0241328477859497,0.9854408502578735,1.025256872177124,0.9844822883605957,1.0282872915267944,0.9832528829574585,1.026737928390503,0.9814615249633789,1.0265147686004639,0.9794101119041443,1.0314637422561646,0.9779987931251526,1.025840401649475,0.976002037525177,1.024166226387024,0.9738755822181702,1.0191781520843506,0.9722462296485901,1.0167442560195923,0.9700614809989929,1.016550898551941,0.9679076075553894,1.0097243785858154,0.9655871391296387,1.012653112411499,0.9628055691719055,1.0023601055145264,0.9604393839836121,1.002718448638916,0.9590800404548645,0.9932470917701721,0.955603837966919,0.990067720413208,0.9531689882278442,0.9833061099052429,0.9495348930358887,0.9746888279914856,0.9459682106971741,0.9662768244743347,0.9444417357444763,0.9737833142280579,0.9407330751419067,0.9578439593315125,0.9377894997596741,0.9445066452026367,0.933463454246521,0.9368073344230652,0.9305166006088257,0.9406139850616455,0.9278514981269836,0.9174348711967468,0.9244407415390015,0.9144421219825745,0.9200735092163086,0.9046089053153992,0.915126383304596,0.9024906754493713,0.912225604057312,0.8895203471183777,0.9070098400115967,0.8857303857803345,0.9045342206954956,0.8863537907600403,0.8998598456382751,0.8776915073394775,0.8961200714111328,0.8696268200874329,0.8901009559631348,0.8557023406028748,0.8873520493507385
cnn_wst efficient-thunder-86,cnn_wst,90,49,1.0,1.353463449049741e-05,1.0083492994308472,0.9999942183494568,1.009682536125183,0.9999823570251465,1.006014347076416,0.9999740719795227,1.0050767660140991,0.9999247193336487,1.0043028593063354,0.9998607635498047,1.0055433511734009,0.9997686743736267,1.0005125999450684,0.9996392130851746,0.9964597225189209,0.9995256662368774,0.9989240765571594,0.9993034601211548,0.9931056499481201,0.9989902377128601,0.9889559149742126,0.9987757802009583,0.9852386116981506,0.9984381794929504,0.9892058968544006,0.9980234503746033,0.9899460673332214,0.9975008368492126,0.9910784959793091,0.9968881011009216,0.9875547289848328,0.9964091777801514,0.9866286516189575,0.9959197044372559,0.9850431680679321,0.9951502680778503,0.9896586537361145,0.9941502809524536,0.9859136343002319,0.9937751889228821,0.9864571690559387,0.9918227791786194,0.9844436049461365,0.9907517433166504,0.9930928945541382,0.989962100982666,0.9905402064323425,0.9882115125656128,0.9941189289093018,0.9866862893104553,0.994462251663208,0.9855330586433411,0.9989063739776611,0.9841046929359436,0.9928871393203735,0.9821344017982483,0.9931813478469849,0.9801392555236816,0.9913910031318665,0.9791349768638611,0.9931567907333374,0.976664125919342,0.9915758967399597,0.974952220916748,0.9923520088195801,0.9725424647331238,0.9910036325454712,0.9707913398742676,0.986011803150177,0.9687920808792114,0.9871857762336731,0.9652485847473145,0.9817661643028259,0.9637501835823059,0.9779718518257141,0.9616159200668335,0.9732491374015808,0.9587700963020325,0.9640013575553894,0.9562407732009888,0.9617032408714294,0.9529697299003601,0.9576207399368286,0.9502328038215637,0.9500932693481445,0.9480563402175903,0.9485518932342529,0.9461401104927063,0.9409049153327942,0.9425275325775146,0.9306586384773254,0.940156877040863,0.917449414730072,0.9357799291610718,0.9183061718940735,0.9326081871986389,0.9190509915351868,0.9283462762832642,0.9049065113067627,0.9251788258552551,0.8982481956481934,0.9213277697563171,0.8846856951713562,0.9162223935127258,0.8787596821784973,0.9138282537460327,0.8754464983940125,0.9103032350540161,0.8581215739250183,0.905297577381134,0.8498183488845825,0.8991255760192871,0.847016453742981,0.8970519304275513,0.8278956413269043,0.891338050365448,0.8241522312164307,0.8886836767196655,0.8197399377822876,0.8842787742614746,0.8093526363372803,0.8768134713172913,0.7970791459083557,0.8732405304908752,0.7942271828651428,0.868571400642395
cnn_wst efficient-thunder-86,cnn_wst,91,0,0.10000000149011612,4.520675247476902e-07,0.9996593594551086,0.9998193383216858,0.9992918372154236,0.99957275390625,0.9984555840492249,0.9990625977516174,0.9975646734237671,0.9985458254814148,0.9965085983276367,0.9979864954948425,0.9947653412818909,0.9972635507583618,0.9925094246864319,0.9960393905639648,0.9908838868141174,0.9950869083404541,0.9879040122032166,0.9935905933380127,0.9848687052726746,0.9925695061683655,0.9803507924079895,0.9914742112159729,0.9781326055526733,0.9890927076339722,0.9732072353363037,0.9870564341545105,0.9681709408760071,0.9852269291877747,0.9619938135147095,0.9833873510360718,0.9585208296775818,0.9806088209152222,0.9507883191108704,0.9774351119995117,0.9441983699798584,0.9750795960426331,0.9377891421318054,0.9727158546447754,0.9269191026687622,0.9693147540092468,0.9192100167274475,0.9668513536453247,0.9112473130226135,0.9630542397499084,0.9008569121360779,0.9583301544189453,0.8902456760406494,0.9550026655197144,0.8756687045097351,0.9516448378562927,0.8682929873466492,0.9466350674629211,0.8540217876434326,0.943564236164093,0.8423280715942383,0.9386905431747437,0.8276046514511108,0.9349488615989685,0.8136985301971436,0.9267600774765015,0.798976480960846,0.9233007431030273,0.781526505947113,0.9176589846611023,0.7697234153747559,0.910326361656189,0.7506257891654968,0.9031552076339722,0.7343272566795349,0.8977116346359253,0.7219173908233643,0.8908038139343262,0.7001454830169678,0.8856365084648132,0.6853381991386414,0.8777257800102234,0.6657658219337463,0.8691741228103638,0.6471030712127686,0.8574358224868774,0.6286436915397644,0.8510178327560425,0.6149400472640991,0.8418175578117371,0.5875598788261414,0.8301108479499817,0.5713630318641663,0.8221843242645264,0.5544384121894836,0.809781014919281,0.5367881655693054,0.7942984700202942,0.5187240839004517,0.780857503414154,0.4974820017814636,0.7720097303390503,0.4803672134876251,0.7594050168991089,0.4608285129070282,0.7442308664321899,0.44579264521598816,0.7286393642425537,0.4241916835308075,0.7106148600578308,0.4073353707790375,0.6966648697853088,0.38739413022994995,0.6698009967803955,0.3763370215892792,0.6542671322822571,0.35575345158576965,0.6358262896537781,0.3442009687423706,0.6174814701080322,0.3263356685638428,0.5967175960540771,0.3114367127418518,0.5754930973052979,0.3012961447238922,0.554632842540741,0.2808237671852112,0.5391976833343506,0.2705065608024597,0.5169141888618469,0.26153287291526794,0.49891728162765503
cnn_wst efficient-thunder-86,cnn_wst,91,12,0.3204081654548645,2.7721919195755618e-06,1.0099515914916992,0.9999470114707947,1.0099714994430542,0.9998575448989868,1.0097436904907227,0.9996614456176758,1.0093557834625244,0.9995151162147522,1.007561206817627,0.9992883205413818,1.0075793266296387,0.9991275668144226,1.0045206546783447,0.9987400770187378,1.003301739692688,0.9985012412071228,1.002947449684143,0.9980912208557129,1.0012320280075073,0.997951865196228,1.00038480758667,0.9975136518478394,1.0020838975906372,0.9970909357070923,0.9978729486465454,0.9965883493423462,1.0013232231140137,0.9961933493614197,1.0010946989059448,0.995937705039978,1.0041652917861938,0.9954713582992554,1.0054447650909424,0.9949427843093872,1.0087950229644775,0.9945034980773926,1.0151458978652954,0.9940296411514282,1.010342001914978,0.9933626055717468,1.0174980163574219,0.9931241273880005,1.0230311155319214,0.9924028515815735,1.0259524583816528,0.9914796948432922,1.0263493061065674,0.9907519817352295,1.030535340309143,0.9898719787597656,1.0288604497909546,0.9888854026794434,1.029081106185913,0.9872491955757141,1.0324739217758179,0.9867990016937256,1.0337026119232178,0.9850588440895081,1.0271682739257812,0.983120858669281,1.0242466926574707,0.9813365936279297,1.0190399885177612,0.9790652990341187,1.0132956504821777,0.9762147665023804,1.0015511512756348,0.9737791419029236,0.9982589483261108,0.970468282699585,0.9902559518814087,0.9671255350112915,0.974971354007721,0.963297426700592,0.9662961363792419,0.9591286182403564,0.9550744295120239,0.9554949998855591,0.9344156980514526,0.9502531886100769,0.9182918071746826,0.9448840022087097,0.899145781993866,0.9388878345489502,0.8806325793266296,0.9330958127975464,0.8658895492553711,0.9261372685432434,0.8498262763023376,0.9200286269187927,0.8330917358398438,0.9132882356643677,0.8121656179428101,0.907008707523346,0.7957301735877991,0.8990022540092468,0.7742797136306763,0.8922789692878723,0.7607529163360596,0.8842551708221436,0.7358695268630981,0.8764559626579285,0.7207101583480835,0.8688838481903076,0.7076132893562317,0.8562756776809692,0.6908568143844604,0.8485718965530396,0.6776132583618164,0.8386777639389038,0.6591681241989136,0.8330820798873901,0.6463467478752136,0.822586715221405,0.6323777437210083,0.8149175643920898,0.6210459470748901,0.801682710647583,0.6007909774780273,0.799906849861145,0.5917378664016724,0.7870607972145081,0.5846494436264038,0.7808321118354797,0.5703163743019104,0.7756118178367615
cnn_wst efficient-thunder-86,cnn_wst,91,24,0.5408163070678711,5.945066732238047e-06,1.0120735168457031,0.9999852180480957,1.0117932558059692,0.9999586343765259,1.0122921466827393,0.9999046325683594,1.0121772289276123,0.9998675584793091,1.0098952054977417,0.9997923374176025,1.0101772546768188,0.9997501373291016,1.0071773529052734,0.9996062517166138,1.0061321258544922,0.9995473027229309,1.0063968896865845,0.999465823173523,1.0049291849136353,0.99935382604599,1.0058796405792236,0.9992019534111023,1.0065573453903198,0.9990774989128113,1.0042961835861206,0.9989566206932068,1.0083577632904053,0.9986535906791687,1.0085111856460571,0.9985122084617615,1.0132337808609009,0.998342752456665,1.019062876701355,0.998015284538269,1.0222887992858887,0.9976510405540466,1.0299371480941772,0.9973708987236023,1.0274173021316528,0.9969258308410645,1.0388455390930176,0.9965518116950989,1.0454555749893188,0.9960075616836548,1.0506891012191772,0.9954277276992798,1.0593433380126953,0.9945030212402344,1.0635676383972168,0.9938821792602539,1.0705082416534424,0.9930641651153564,1.076296329498291,0.991869330406189,1.0795122385025024,0.9912469387054443,1.0877447128295898,0.9898521304130554,1.091056227684021,0.9888553619384766,1.0952814817428589,0.9873398542404175,1.09089195728302,0.9862149953842163,1.0953447818756104,0.9843051433563232,1.0990551710128784,0.9827749133110046,1.0936667919158936,0.9809433817863464,1.0969359874725342,0.9795323610305786,1.0956887006759644,0.9774990081787109,1.0934380292892456,0.9755666255950928,1.0870985984802246,0.9725692868232727,1.0835752487182617,0.9702387452125549,1.0827287435531616,0.9674119353294373,1.073737382888794,0.9649339318275452,1.0759357213974,0.9622098207473755,1.0604816675186157,0.9600831866264343,1.0576857328414917,0.9558974504470825,1.0567553043365479,0.9533631205558777,1.044047236442566,0.9504669904708862,1.0305466651916504,0.9457595944404602,1.0195400714874268,0.9439214468002319,1.016840934753418,0.9391167163848877,1.0097121000289917,0.9361134171485901,1.0013467073440552,0.9329820275306702,0.9966464638710022,0.9272429347038269,0.9853544235229492,0.9240619540214539,0.9820598363876343,0.9206870198249817,0.9727599620819092,0.9166837334632874,0.9542908072471619,0.9115062355995178,0.9499024748802185,0.9080677032470703,0.9422211647033691,0.902633547782898,0.9290821552276611,0.9012734889984131,0.928134560585022,0.8969256281852722,0.9187862277030945,0.8933889269828796,0.9071987271308899,0.8886200785636902
cnn_wst efficient-thunder-86,cnn_wst,91,37,0.7795918583869934,1.0016904525400605e-05,1.0116304159164429,0.9999939799308777,1.0110472440719604,0.9999819397926331,1.0116791725158691,0.9999567866325378,1.0111349821090698,0.9999215602874756,1.0087772607803345,0.999872088432312,1.0080924034118652,0.99980628490448,1.0050804615020752,0.9996447563171387,1.002831220626831,0.9995667338371277,1.00250244140625,0.9994329810142517,1.0004860162734985,0.9992073774337769,1.0005937814712524,0.998980700969696,0.9982107281684875,0.9987176060676575,0.9973102807998657,0.9985232949256897,0.9992878437042236,0.9980728030204773,0.9963160157203674,0.9975500106811523,0.9999217391014099,0.9971814155578613,1.0044407844543457,0.9965013861656189,1.0060694217681885,0.9959184527397156,1.0087810754776,0.995356023311615,1.0066081285476685,0.994390606880188,1.0158852338790894,0.9936839938163757,1.018295407295227,0.9926891326904297,1.017473578453064,0.9916067719459534,1.0256438255310059,0.9904978275299072,1.0279452800750732,0.9891343116760254,1.034322738647461,0.9876941442489624,1.0330681800842285,0.9864879846572876,1.029834508895874,0.9850360751152039,1.0320099592208862,0.983601987361908,1.0421974658966064,0.9821630716323853,1.0503822565078735,0.9803457856178284,1.043147325515747,0.9780887961387634,1.0410947799682617,0.9757505655288696,1.0409759283065796,0.9739841222763062,1.0414438247680664,0.9718793034553528,1.0399372577667236,0.9701463580131531,1.0352256298065186,0.9681437611579895,1.034671425819397,0.9655471444129944,1.035040259361267,0.9626541137695312,1.0297200679779053,0.9597339034080505,1.0212252140045166,0.9578238725662231,1.0182799100875854,0.9554547667503357,1.0190366506576538,0.952182948589325,1.010046362876892,0.9492826461791992,0.9998449087142944,0.9461987018585205,1.0038323402404785,0.9438482522964478,0.9956446290016174,0.9408061504364014,0.9834950566291809,0.936828076839447,0.9736035466194153,0.9348003268241882,0.9732862710952759,0.928601086139679,0.9625453352928162,0.926449716091156,0.952856183052063,0.9238904118537903,0.9390726089477539,0.9190607666969299,0.9362620711326599,0.915945291519165,0.9326075911521912,0.9129065275192261,0.9261693954467773,0.9090697765350342,0.9215839505195618,0.9046663045883179,0.909357488155365,0.9004114270210266,0.9060577750205994,0.8948975801467896,0.9004880785942078,0.8921727538108826,0.8941960334777832,0.8882201313972473,0.8831713199615479,0.8837471008300781,0.875335156917572,0.8795063495635986
cnn_wst efficient-thunder-86,cnn_wst,91,49,1.0,1.3641601981362328e-05,1.0111113786697388,0.9999943971633911,1.0103425979614258,0.9999771118164062,1.010907769203186,0.9999346137046814,1.009857177734375,0.9998745918273926,1.0076649188995361,0.9997931122779846,1.006133794784546,0.9996713995933533,1.0026589632034302,0.9994316101074219,0.999744713306427,0.9992727041244507,0.9988989233970642,0.9990208745002747,0.9961285591125488,0.9986667633056641,0.9960603713989258,0.9983172416687012,0.991259753704071,0.9978283047676086,0.9902852773666382,0.9975178241729736,0.9906566739082336,0.9968645572662354,0.9874793291091919,0.9961535334587097,0.9888831377029419,0.9954687356948853,0.9920352101325989,0.9945054054260254,0.9919249415397644,0.9937233328819275,0.9924688935279846,0.9928138256072998,0.9909960031509399,0.9915734529495239,0.9964203238487244,0.9903371930122375,0.997124969959259,0.9889334440231323,0.9947881102561951,0.9877339601516724,1.0015285015106201,0.9861531853675842,1.0027390718460083,0.9846419095993042,1.0097944736480713,0.9825324416160583,1.0032455921173096,0.9813838601112366,1.0002144575119019,0.9791315197944641,0.9979705214500427,0.9777153134346008,1.0074865818023682,0.9754185676574707,1.010595440864563,0.9732896089553833,1.0036036968231201,0.9708695411682129,1.0037895441055298,0.968604326248169,1.0018147230148315,0.9657005667686462,0.9933284521102905,0.9633614420890808,0.9976546764373779,0.9608973860740662,0.9877380728721619,0.9594399929046631,0.9902982711791992,0.9563255310058594,0.9891314506530762,0.9529870748519897,0.9870710968971252,0.9499973654747009,0.9750257730484009,0.9472576975822449,0.9764164686203003,0.9444020986557007,0.9626310467720032,0.9417827129364014,0.9570531249046326,0.9382443428039551,0.9497880339622498,0.9341146945953369,0.9453412890434265,0.9301866292953491,0.939508855342865,0.9283720254898071,0.9307324290275574,0.9235602617263794,0.9285207390785217,0.9195965528488159,0.9163662791252136,0.9157292246818542,0.9082382321357727,0.9113609194755554,0.902437686920166,0.9076313376426697,0.8900094628334045,0.9046531319618225,0.8807376027107239,0.8967588543891907,0.8729560375213623,0.8950971364974976,0.870827853679657,0.8896616697311401,0.861954391002655,0.8861644864082336,0.8533852696418762,0.8810114860534668,0.8433175683021545,0.8747531771659851,0.8397988080978394,0.8697816729545593,0.8320072293281555,0.8649190068244934,0.8320453763008118,0.8602505326271057,0.8181357383728027,0.8560174703598022
cnn_wst efficient-thunder-86,cnn_wst,92,0,0.10000000149011612,4.52115784810303e-07,0.9997313022613525,0.9998871088027954,0.9994411468505859,0.9995929598808289,0.9982907176017761,0.9991275072097778,0.9972562789916992,0.9986457824707031,0.9965957999229431,0.9982337951660156,0.9944713115692139,0.9974052906036377,0.9922884106636047,0.9962030053138733,0.9901102185249329,0.9950386881828308,0.9882193207740784,0.9938938021659851,0.9840388894081116,0.9923096895217896,0.9811651706695557,0.9908866286277771,0.9772955179214478,0.9889737367630005,0.9729131460189819,0.9876461029052734,0.9695176482200623,0.9852347373962402,0.963545560836792,0.9829718470573425,0.9576702117919922,0.9803562164306641,0.9509342908859253,0.9778358340263367,0.9435117840766907,0.9755000472068787,0.9357531666755676,0.9730400443077087,0.9277865886688232,0.9694563746452332,0.9187091588973999,0.9668207168579102,0.9105604290962219,0.9632864594459534,0.9013364315032959,0.9593861103057861,0.8889244794845581,0.9560245871543884,0.8789319396018982,0.9513172507286072,0.8648912310600281,0.9466354250907898,0.8537812232971191,0.9424788951873779,0.8412495255470276,0.9377069473266602,0.8250468373298645,0.9332180619239807,0.8126354217529297,0.928184449672699,0.7979603409767151,0.923541247844696,0.7810810804367065,0.9174991846084595,0.766636073589325,0.9124675989151001,0.7492343783378601,0.9025757908821106,0.7311597466468811,0.8968775868415833,0.7144824266433716,0.8894641399383545,0.6950731873512268,0.8836696147918701,0.6834468245506287,0.8751020431518555,0.6616742610931396,0.8678353428840637,0.643094003200531,0.857616662979126,0.6226816773414612,0.8502650856971741,0.6072182655334473,0.8404531478881836,0.5890688300132751,0.830496072769165,0.569947361946106,0.8183020949363708,0.5489456057548523,0.8083025217056274,0.5314539074897766,0.7953401207923889,0.508621871471405,0.7847626805305481,0.4903622567653656,0.7711403369903564,0.47787222266197205,0.7561795711517334,0.4572907090187073,0.7401568293571472,0.43613317608833313,0.7231330871582031,0.4204777479171753,0.713921844959259,0.4030402898788452,0.6916247010231018,0.38812652230262756,0.6738337874412537,0.36605918407440186,0.6568008065223694,0.3511214554309845,0.6391399502754211,0.33717989921569824,0.6189650893211365,0.3178960382938385,0.5956212282180786,0.30373504757881165,0.5744986534118652,0.2883029878139496,0.5507538914680481,0.27757856249809265,0.5440695881843567,0.26776668429374695,0.5146970748901367,0.25309643149375916,0.49639424681663513
cnn_wst efficient-thunder-86,cnn_wst,92,12,0.3204081654548645,2.820161853378522e-06,1.0092123746871948,0.9999622106552124,1.0087666511535645,0.999850869178772,1.008148431777954,0.9996837973594666,1.0061146020889282,0.9995046854019165,1.0074926614761353,0.9993572235107422,1.0046440362930298,0.9991207122802734,1.0024712085723877,0.9987279176712036,1.0007898807525635,0.9983738660812378,0.9993292689323425,0.9981326460838318,0.9968129992485046,0.9976386427879333,0.9969053864479065,0.9971780776977539,0.9965965151786804,0.9968444108963013,0.9967688322067261,0.9966542720794678,0.9978753328323364,0.9959156513214111,0.9986749291419983,0.9952913522720337,0.9975185394287109,0.9947189092636108,0.9987135529518127,0.9945661425590515,1.0014076232910156,0.993821918964386,1.0035269260406494,0.9935963749885559,1.0075877904891968,0.9927335977554321,1.0055689811706543,0.9921207427978516,1.0140687227249146,0.9914257526397705,1.0139580965042114,0.9907887578010559,1.0175845623016357,0.9895810484886169,1.0160508155822754,0.9888908267021179,1.016489028930664,0.9875375628471375,1.0207512378692627,0.9865697026252747,1.0180001258850098,0.9852427244186401,1.0135380029678345,0.983601987361908,1.013479471206665,0.981822669506073,1.005328893661499,0.9794943332672119,1.001091718673706,0.976758599281311,0.998677670955658,0.9746153354644775,0.9868224859237671,0.9720286726951599,0.9766205549240112,0.9684649705886841,0.9639301896095276,0.9646657705307007,0.9444509148597717,0.9612116813659668,0.9434706568717957,0.9572116136550903,0.9239112138748169,0.9524726867675781,0.9112164974212646,0.9472141265869141,0.901439905166626,0.9418728947639465,0.8811910152435303,0.9356170892715454,0.8626612424850464,0.9292290806770325,0.8447483777999878,0.9236355423927307,0.8299869298934937,0.9161807894706726,0.8077948689460754,0.9090531468391418,0.7904558777809143,0.9036674499511719,0.7684468626976013,0.8949494957923889,0.7551818490028381,0.8905302882194519,0.741165816783905,0.879137396812439,0.7247438430786133,0.870227575302124,0.70329749584198,0.8660418391227722,0.6890385746955872,0.857530951499939,0.6713393926620483,0.8480475544929504,0.6548584699630737,0.8369014859199524,0.6456760764122009,0.8289585709571838,0.6249943375587463,0.8161128163337708,0.6151049137115479,0.8099294304847717,0.5986129641532898,0.8009970188140869,0.5857704877853394,0.792090892791748,0.5824222564697266,0.7856987714767456,0.5663430690765381,0.7791982293128967,0.5623584389686584,0.7690755724906921
cnn_wst efficient-thunder-86,cnn_wst,92,24,0.5408163070678711,6.032435067027109e-06,1.0106502771377563,0.9999865889549255,1.0096920728683472,0.9999524354934692,1.0095748901367188,0.9999003410339355,1.0062243938446045,0.9998349547386169,1.0091819763183594,0.9997724294662476,1.0062023401260376,0.9996963143348694,1.003523349761963,0.9995962381362915,1.0033369064331055,0.9994785189628601,1.0005830526351929,0.9994199872016907,0.9987747669219971,0.9992433786392212,0.9997413158416748,0.999058723449707,1.002123475074768,0.9989441633224487,1.0031198263168335,0.9988994002342224,1.0046532154083252,0.9986094236373901,1.0078710317611694,0.998275637626648,1.0060113668441772,0.998109757900238,1.0103890895843506,0.9980072379112244,1.017245888710022,0.9975346326828003,1.0183250904083252,0.9973703622817993,1.0236847400665283,0.9968821406364441,1.0272583961486816,0.9964060187339783,1.035900592803955,0.9959830045700073,1.0429997444152832,0.9955490231513977,1.0510190725326538,0.9946823120117188,1.0532563924789429,0.994263231754303,1.0587164163589478,0.9934316873550415,1.061308741569519,0.9927855730056763,1.0668742656707764,0.9917432069778442,1.0648492574691772,0.9908804297447205,1.0768035650253296,0.9893572330474854,1.0746067762374878,0.9884956479072571,1.0754773616790771,0.9872815012931824,1.0740259885787964,0.9854834079742432,1.0760067701339722,0.9839285016059875,1.0774458646774292,0.9828119874000549,1.072792410850525,0.981228232383728,1.0704666376113892,0.9786508679389954,1.0676674842834473,0.9767623543739319,1.0626599788665771,0.9749437570571899,1.059179663658142,0.9723559617996216,1.059555172920227,0.9706416130065918,1.0530880689620972,0.967634916305542,1.0444103479385376,0.9637116193771362,1.0364463329315186,0.9629507660865784,1.0289626121520996,0.9594995975494385,1.0233675241470337,0.9554678201675415,1.0186166763305664,0.9538305401802063,1.0128740072250366,0.9503800272941589,1.0029609203338623,0.9471397399902344,1.0016499757766724,0.9449291229248047,0.990573525428772,0.9409763813018799,0.9815050959587097,0.9362726807594299,0.9721153974533081,0.9334625601768494,0.9746109247207642,0.9299815893173218,0.9585237503051758,0.9258275628089905,0.9495404958724976,0.9223566055297852,0.9460786581039429,0.9182583689689636,0.9374276399612427,0.9137585759162903,0.9250385761260986,0.9123551845550537,0.9202276468276978,0.907939612865448,0.9146323800086975,0.9047418832778931,0.9069657325744629,0.9013023376464844,0.9021055102348328,0.8972213864326477
cnn_wst efficient-thunder-86,cnn_wst,92,37,0.7795918583869934,1.006894490274135e-05,1.010456919670105,0.9999943971633911,1.0087729692459106,0.9999842047691345,1.0087432861328125,0.9999634623527527,1.0047643184661865,0.9999242424964905,1.0078582763671875,0.9998791813850403,1.0042701959609985,0.9998026490211487,0.99973464012146,0.9997629523277283,1.0006357431411743,0.9996535181999207,0.9971317648887634,0.9995799660682678,0.9933266639709473,0.9993434548377991,0.9937827587127686,0.999203622341156,0.995427131652832,0.9989922046661377,0.9933329820632935,0.998854398727417,0.9970768094062805,0.998574435710907,0.9985642433166504,0.9980494379997253,0.9931336045265198,0.9978275895118713,0.997725248336792,0.9974961280822754,1.0021133422851562,0.9967713356018066,0.9973627924919128,0.9962426424026489,0.9998807311058044,0.9955860376358032,1.0035440921783447,0.995110273361206,1.005975365638733,0.9942206740379333,1.0133808851242065,0.9934262633323669,1.0184394121170044,0.992546558380127,1.0168755054473877,0.9914767146110535,1.0237318277359009,0.9902679920196533,1.0276823043823242,0.9892653226852417,1.025294542312622,0.988270103931427,1.0272576808929443,0.9872089624404907,1.0356230735778809,0.9853330850601196,1.0329869985580444,0.983906626701355,1.033981204032898,0.9826390743255615,1.032333254814148,0.9809699058532715,1.0383152961730957,0.9781396389007568,1.030100703239441,0.9771212935447693,1.0315295457839966,0.9761166572570801,1.0274841785430908,0.9731758832931519,1.022925615310669,0.9720867872238159,1.0229676961898804,0.9698854088783264,1.0141761302947998,0.9672952890396118,1.0177867412567139,0.9656584858894348,1.0159845352172852,0.9631226062774658,0.9997252225875854,0.960135817527771,0.999843955039978,0.9578725695610046,0.9879813194274902,0.9555678963661194,0.9969290494918823,0.9525117874145508,0.9833712577819824,0.9502784609794617,0.9750289916992188,0.9472426772117615,0.9702528715133667,0.9440995454788208,0.9586919546127319,0.9413725137710571,0.9535898566246033,0.9389672875404358,0.9444753527641296,0.935137927532196,0.9342114925384521,0.9322363138198853,0.9343098998069763,0.9274661540985107,0.9294819235801697,0.9247726202011108,0.9178091287612915,0.922137439250946,0.9097380042076111,0.9170597791671753,0.9018194675445557,0.913538932800293,0.9033828377723694,0.9091498255729675,0.8891736268997192,0.9070040583610535,0.8900457620620728,0.9009208679199219,0.884057879447937,0.8973087072372437,0.8698535561561584,0.8962347507476807
cnn_wst efficient-thunder-86,cnn_wst,92,49,1.0,1.362028342555277e-05,1.0102252960205078,0.9999960660934448,1.0079599618911743,0.9999873638153076,1.0079118013381958,0.9999663829803467,1.0038635730743408,0.9999223947525024,1.006685495376587,0.9998593330383301,1.0023084878921509,0.9997581839561462,0.9964423775672913,0.9996896386146545,0.9976662993431091,0.9995125532150269,0.9945847392082214,0.9994070529937744,0.9894694685935974,0.999055802822113,0.9884111881256104,0.9988574385643005,0.9890948534011841,0.9985284209251404,0.9852194786071777,0.9983111619949341,0.9884644150733948,0.997952938079834,0.9893149137496948,0.9972182512283325,0.9853483438491821,0.9967941641807556,0.986544132232666,0.9964221119880676,0.9879361987113953,0.9954416155815125,0.9829041361808777,0.994537353515625,0.9843620657920837,0.9937761425971985,0.9853878021240234,0.9931196570396423,0.9823403358459473,0.9918820261955261,0.9852299690246582,0.991083025932312,0.9895708560943604,0.9901990294456482,0.9859908223152161,0.9880911111831665,0.9902971982955933,0.9869211316108704,0.9942005276679993,0.9854081869125366,0.9852458238601685,0.9844167232513428,0.9885779619216919,0.9830322265625,0.9926563501358032,0.9809778332710266,0.9913042187690735,0.979234516620636,0.990567684173584,0.9773029088973999,0.9958604574203491,0.9759972095489502,0.9907686114311218,0.9725233316421509,0.989096462726593,0.9706993699073792,0.9906623363494873,0.968951404094696,0.9823439121246338,0.9655904769897461,0.9755051732063293,0.9646931290626526,0.9731157422065735,0.962492048740387,0.9664977788925171,0.9589061737060547,0.9637324810028076,0.9562764763832092,0.9653812050819397,0.954436719417572,0.9486833810806274,0.9511799812316895,0.9430676102638245,0.9480412006378174,0.9329310655593872,0.9461491107940674,0.9348589777946472,0.9440959095954895,0.9302466511726379,0.9382362365722656,0.9200976490974426,0.9363526701927185,0.9096406698226929,0.9316580891609192,0.9029214382171631,0.9286943674087524,0.8970006108283997,0.9243783950805664,0.8922592401504517,0.9212725758552551,0.8816681504249573,0.9182541966438293,0.8693845868110657,0.9128425717353821,0.8644995093345642,0.9106099009513855,0.8501429557800293,0.9068590998649597,0.8471506834030151,0.9006080031394958,0.8380036950111389,0.8969685435295105,0.8281957507133484,0.8926776647567749,0.8303883671760559,0.8883844017982483,0.8235871195793152,0.8831042647361755,0.8140639066696167,0.8784705996513367,0.8035829067230225,0.8736871480941772
cnn_wst efficient-thunder-86,cnn_wst,93,0,0.10000000149011612,4.4951013933314243e-07,1.0000041723251343,0.9998576641082764,0.999203085899353,0.999703586101532,0.9985001087188721,0.9993233680725098,0.9975545406341553,0.9987583160400391,0.9963083267211914,0.9979454278945923,0.994156539440155,0.9972172975540161,0.9927937984466553,0.9961948990821838,0.9900434017181396,0.9955626726150513,0.9877773523330688,0.9939607977867126,0.9849522113800049,0.9924159646034241,0.9805982708930969,0.9907630085945129,0.97735196352005,0.9894619584083557,0.9733336567878723,0.9867689609527588,0.9690394401550293,0.9849602580070496,0.9635104537010193,0.9830787777900696,0.9576488733291626,0.9793872833251953,0.9507225751876831,0.9784058332443237,0.9436561465263367,0.9755609631538391,0.9361810088157654,0.9727678298950195,0.9283671975135803,0.9689369201660156,0.9183146953582764,0.9672154188156128,0.9096668362617493,0.9619796872138977,0.8998258709907532,0.9591736793518066,0.889936089515686,0.9554470181465149,0.8780697584152222,0.9503920674324036,0.8651946783065796,0.9463236331939697,0.8525616526603699,0.9429752826690674,0.8436588048934937,0.9379937648773193,0.8250342011451721,0.9343108534812927,0.8125939965248108,0.9265271425247192,0.8022454977035522,0.9224905967712402,0.7832695841789246,0.9172891974449158,0.7650644183158875,0.9106539487838745,0.7505371570587158,0.904112696647644,0.7278522253036499,0.896591067314148,0.7184614539146423,0.8900190591812134,0.6966955661773682,0.883129358291626,0.6791068315505981,0.8765491843223572,0.66078120470047,0.865993857383728,0.6427568197250366,0.8595528602600098,0.6280909776687622,0.8491624593734741,0.6034837961196899,0.8394416570663452,0.5888859629631042,0.8335522413253784,0.5684399604797363,0.8202114701271057,0.5491546392440796,0.8102377653121948,0.531624436378479,0.7959631085395813,0.5144065022468567,0.7864081859588623,0.49542883038520813,0.7687264084815979,0.4785313308238983,0.7577809691429138,0.4539853632450104,0.7396705150604248,0.44083264470100403,0.7256690859794617,0.4225057065486908,0.7123073935508728,0.40372025966644287,0.6991488337516785,0.38916870951652527,0.6728638410568237,0.37022343277931213,0.6560192108154297,0.3554713726043701,0.6362388730049133,0.3400060832500458,0.6194238662719727,0.3242194652557373,0.5991787314414978,0.3060137927532196,0.5872335433959961,0.2932851314544678,0.555417001247406,0.2822205722332001,0.5383226275444031,0.2668173313140869,0.5142661929130554,0.25493618845939636,0.5007030963897705
cnn_wst efficient-thunder-86,cnn_wst,93,12,0.3204081654548645,2.8435767944756662e-06,1.0081835985183716,0.9999452233314514,1.008400559425354,0.9998847246170044,1.0064605474472046,0.9997469186782837,1.0054960250854492,0.9995323419570923,1.0047831535339355,0.9992628693580627,1.0034974813461304,0.9989714622497559,1.0024007558822632,0.9986618757247925,0.9986425042152405,0.9984574317932129,0.9997158050537109,0.9980337023735046,0.9980666637420654,0.9975587129592896,0.9947001934051514,0.9971197247505188,0.9944928884506226,0.9967086911201477,0.9944487810134888,0.9961950778961182,0.9966536164283752,0.9956529140472412,0.9954599738121033,0.9951841831207275,0.9961305856704712,0.9943143725395203,0.9999653100967407,0.9941985011100769,0.9962325692176819,0.9932335615158081,1.0009963512420654,0.993119478225708,1.0026170015335083,0.9919968247413635,1.0058268308639526,0.9917175769805908,1.00681734085083,0.9908588528633118,1.010580062866211,0.9900442361831665,1.0084730386734009,0.9890496134757996,1.0153688192367554,0.9877585768699646,1.0160956382751465,0.9867960214614868,1.0145734548568726,0.9855528473854065,1.0121358633041382,0.9838319420814514,1.0108304023742676,0.9823955297470093,1.0038604736328125,0.9799907803535461,1.003453254699707,0.9783197641372681,0.9969318509101868,0.9763811826705933,0.9876954555511475,0.9732692837715149,0.9839620590209961,0.9701389670372009,0.9715163111686707,0.9671918749809265,0.9539290070533752,0.9633110165596008,0.9459739327430725,0.960333526134491,0.9324114918708801,0.9552448391914368,0.919596254825592,0.9497814178466797,0.9061171412467957,0.9452821016311646,0.8929368257522583,0.9406821131706238,0.8727476000785828,0.9361206889152527,0.8548009991645813,0.9294661283493042,0.8330846428871155,0.9220248460769653,0.8188687562942505,0.9161683917045593,0.7996456027030945,0.9074039459228516,0.7885294556617737,0.9030501246452332,0.772179901599884,0.8957502245903015,0.7482181191444397,0.888013482093811,0.7326765656471252,0.8779401183128357,0.7181732058525085,0.8712379932403564,0.6915999054908752,0.8627399802207947,0.6848121881484985,0.851396918296814,0.6715711355209351,0.8445924520492554,0.6521897912025452,0.8345183730125427,0.6428277492523193,0.8257195949554443,0.6239467859268188,0.8195086717605591,0.6081883907318115,0.8062098026275635,0.6014166474342346,0.801408588886261,0.5821664929389954,0.788542628288269,0.5713946223258972,0.7808231115341187,0.5584684610366821,0.7702282071113586,0.5528492331504822,0.7650914192199707
cnn_wst efficient-thunder-86,cnn_wst,93,24,0.5408163070678711,6.089786438678857e-06,1.0086398124694824,0.9999738931655884,1.0091745853424072,0.99995356798172,1.007312536239624,0.9999181628227234,1.0054399967193604,0.9998392462730408,1.0052754878997803,0.9997656941413879,1.0039795637130737,0.999659538269043,1.0037647485733032,0.9995387196540833,0.9992814660072327,0.999483585357666,1.0023550987243652,0.9993677735328674,1.001502275466919,0.9992098212242126,0.9982486963272095,0.9990947842597961,0.9968663454055786,0.9988948106765747,0.9980447888374329,0.9987329244613647,1.0030165910720825,0.9985122680664062,0.9988647103309631,0.99830561876297,1.005640983581543,0.9980930685997009,1.01004159450531,0.9978666305541992,1.00894296169281,0.9973885416984558,1.0138700008392334,0.9970794916152954,1.019837498664856,0.9968100786209106,1.0235021114349365,0.996393084526062,1.0319550037384033,0.9958634376525879,1.0322130918502808,0.9955226182937622,1.0372191667556763,0.9945358633995056,1.0452622175216675,0.9940564036369324,1.0523878335952759,0.9935414791107178,1.055597186088562,0.9924957752227783,1.0548979043960571,0.9916938543319702,1.0602331161499023,0.9905085563659668,1.0635802745819092,0.9897160530090332,1.063205599784851,0.9883460402488708,1.0599316358566284,0.9874199032783508,1.0632076263427734,0.9851841330528259,1.0651572942733765,0.9841086864471436,1.0697933435440063,0.9827174544334412,1.0621094703674316,0.9805694818496704,1.0647443532943726,0.978402853012085,1.0613861083984375,0.9764202833175659,1.0578088760375977,0.9746580123901367,1.0527245998382568,0.9723013043403625,1.0519980192184448,0.9695906043052673,1.0441731214523315,0.9671911001205444,1.0361040830612183,0.9655413031578064,1.032477617263794,0.9620561003684998,1.0269925594329834,0.9591062068939209,1.021498203277588,0.9563558101654053,1.0154392719268799,0.9530817270278931,1.0055116415023804,0.9498116374015808,0.9966691732406616,0.9460445046424866,0.9876143336296082,0.9434288144111633,0.9820037484169006,0.9400685429573059,0.9756762385368347,0.9371026754379272,0.9670848846435547,0.9331781268119812,0.9580927491188049,0.9290498495101929,0.9470027089118958,0.9234065413475037,0.9413859844207764,0.9222734570503235,0.9353229403495789,0.9167264699935913,0.9239205121994019,0.9142109155654907,0.9191560745239258,0.9093437194824219,0.9082478284835815,0.9049234986305237,0.9062590003013611,0.903360903263092,0.8945417404174805,0.8998345136642456,0.8912806510925293,0.8948773145675659
cnn_wst efficient-thunder-86,cnn_wst,93,37,0.7795918583869934,1.0134319381904788e-05,1.007939338684082,0.9999839663505554,1.008540391921997,0.9999779462814331,1.006587028503418,0.9999700784683228,1.003800868988037,0.9999268651008606,1.0037318468093872,0.999889075756073,1.0015966892242432,0.9998360276222229,1.0011861324310303,0.9997182488441467,0.9958537817001343,0.9996837973594666,0.9987908005714417,0.9995692372322083,0.9980441927909851,0.9994162917137146,0.9923765063285828,0.9992830157279968,0.9898229241371155,0.999070405960083,0.9884487390518188,0.9987928867340088,0.9927654266357422,0.9986832737922668,0.9861657619476318,0.9981666803359985,0.9931766986846924,0.9979321360588074,0.9945353865623474,0.9973554611206055,0.9940503239631653,0.9968621730804443,0.9940019845962524,0.9962535500526428,0.9972234964370728,0.9957548975944519,0.9982183575630188,0.9950194954872131,1.0060771703720093,0.9943298697471619,1.0040724277496338,0.9936869144439697,1.0074764490127563,0.9923542737960815,1.0096458196640015,0.9919242858886719,1.0150643587112427,0.9908558130264282,1.0202677249908447,0.9896194934844971,1.0091564655303955,0.9888491630554199,1.0217891931533813,0.9869052171707153,1.0159789323806763,0.9856353402137756,1.014792561531067,0.9847791790962219,1.0168300867080688,0.9833723306655884,1.011681318283081,0.98138827085495,1.0111267566680908,0.9799189567565918,1.0103962421417236,0.9782890677452087,1.0068787336349487,0.9765057563781738,1.0003283023834229,0.9747835397720337,1.001613974571228,0.9720933437347412,1.001037836074829,0.9701908230781555,1.0000120401382446,0.9682129621505737,0.9946529269218445,0.9653484225273132,0.9947540760040283,0.9628520011901855,0.9798886775970459,0.9615769982337952,0.9812131524085999,0.9596363306045532,0.9746152758598328,0.9562183022499084,0.9630954265594482,0.9536208510398865,0.9579965472221375,0.951204240322113,0.9533796310424805,0.9484848976135254,0.9475904107093811,0.9439776539802551,0.9437856078147888,0.943126380443573,0.9328333139419556,0.9389487504959106,0.9256963133811951,0.9350736737251282,0.9188956618309021,0.9319554567337036,0.9125829339027405,0.9296700954437256,0.9067312479019165,0.9255441427230835,0.9053633213043213,0.9235396981239319,0.8929844498634338,0.9187121391296387,0.8866803646087646,0.9149443507194519,0.879479169845581,0.9104750752449036,0.8710908889770508,0.9082316756248474,0.8698960542678833,0.9046742916107178,0.8648103475570679,0.9003068208694458,0.8601409196853638,0.8971517086029053
cnn_wst efficient-thunder-86,cnn_wst,93,49,1.0,1.3711951396544464e-05,1.0074129104614258,0.9999872446060181,1.0079596042633057,0.9999830722808838,1.0060126781463623,0.9999733567237854,1.0027087926864624,0.9999263882637024,1.002221941947937,0.999869167804718,0.9998923540115356,0.9998199343681335,0.9988858699798584,0.9996527433395386,0.9930468201637268,0.9995938539505005,0.9957762956619263,0.999419093132019,0.9943734407424927,0.999204158782959,0.9882016181945801,0.9989755153656006,0.9846519827842712,0.998715877532959,0.9818565249443054,0.998266875743866,0.9837467670440674,0.9982131123542786,0.977505624294281,0.9973412752151489,0.9820458889007568,0.9971639513969421,0.9806275963783264,0.9962618947029114,0.97975754737854,0.995643138885498,0.9769745469093323,0.994936466217041,0.9757624268531799,0.9940304756164551,0.9785176515579224,0.9930270314216614,0.9820756316184998,0.9921732544898987,0.9792379140853882,0.9912121295928955,0.9778587222099304,0.9895696640014648,0.9805474877357483,0.9889532923698425,0.9813004732131958,0.9874958992004395,0.9869424700737,0.9861435890197754,0.9739355444908142,0.9850370287895203,0.9831340312957764,0.9827054738998413,0.9760298132896423,0.9811033606529236,0.9780076742172241,0.9800240993499756,0.9776022434234619,0.9776788353919983,0.9744569063186646,0.9764916300773621,0.9712963104248047,0.9741363525390625,0.9666971564292908,0.972817599773407,0.9657703638076782,0.9702626466751099,0.9559914469718933,0.9680840969085693,0.9546188116073608,0.966100811958313,0.9508569240570068,0.9630240797996521,0.9462018609046936,0.9608667492866516,0.9396681785583496,0.9570402503013611,0.9341816306114197,0.9537889957427979,0.9272688627243042,0.952711284160614,0.9258353114128113,0.9489113688468933,0.9176737666130066,0.9458847641944885,0.9059295654296875,0.9437345266342163,0.9041333198547363,0.9403233528137207,0.8996842503547668,0.937269389629364,0.8867664337158203,0.9336551427841187,0.8762547969818115,0.9295206069946289,0.8717875480651855,0.9265719652175903,0.8602814078330994,0.9228786826133728,0.8513719439506531,0.9176945686340332,0.8479986786842346,0.9143273830413818,0.8396596908569336,0.9103037118911743,0.8307323455810547,0.9068293571472168,0.8310003280639648,0.9013775587081909,0.8202018141746521,0.8968130946159363,0.8131486773490906,0.8918654322624207,0.8032556772232056,0.8881573677062988,0.8029590249061584,0.8834283947944641,0.7953687310218811,0.8794437646865845,0.7889978885650635,0.8759855628013611
cnn_wst efficient-thunder-86,cnn_wst,94,0,0.10000000149011612,4.482032522901136e-07,0.9999508261680603,0.9998354911804199,0.9992415308952332,0.9995858669281006,0.9984832406044006,0.9993690252304077,0.9979346394538879,0.9986334443092346,0.9962803721427917,0.9982314705848694,0.9947161674499512,0.9970710277557373,0.9927274584770203,0.9963651895523071,0.9901239275932312,0.9952673316001892,0.9873436093330383,0.9942419528961182,0.9851268529891968,0.9927180409431458,0.9809598326683044,0.9907026290893555,0.9773740172386169,0.9895215630531311,0.9716221690177917,0.9869664907455444,0.9675458073616028,0.9851759672164917,0.9634637236595154,0.9835330247879028,0.9585185050964355,0.9799725413322449,0.9513317346572876,0.9783828854560852,0.9427655935287476,0.975064754486084,0.9374644756317139,0.9718286395072937,0.9278987646102905,0.9689130783081055,0.9217797517776489,0.9658098220825195,0.9113240242004395,0.9622223377227783,0.8989586234092712,0.9592471718788147,0.8899701237678528,0.9563866257667542,0.8792334794998169,0.9515737295150757,0.8684952259063721,0.9477349519729614,0.8547473549842834,0.9446431994438171,0.8407462239265442,0.9375509023666382,0.8304163217544556,0.9332581162452698,0.8156948685646057,0.9273583292961121,0.8006270527839661,0.9239725470542908,0.7828685641288757,0.9177419543266296,0.7704314589500427,0.9118612408638,0.7506899833679199,0.9041183590888977,0.7357268333435059,0.8972094058990479,0.7226241827011108,0.8907154202461243,0.7027276754379272,0.885037362575531,0.6813547015190125,0.873274564743042,0.6678379774093628,0.8680804371833801,0.6445866823196411,0.8600404262542725,0.6319539546966553,0.8495157957077026,0.611945390701294,0.8428021669387817,0.5920323133468628,0.8319177031517029,0.570192277431488,0.8200556635856628,0.5531224608421326,0.8089141845703125,0.5339747071266174,0.7939885258674622,0.5221961140632629,0.7858172059059143,0.5042701363563538,0.7700889706611633,0.4813463091850281,0.7622005343437195,0.46361830830574036,0.7418288588523865,0.43793150782585144,0.7243110537528992,0.4273913502693176,0.7099915146827698,0.4081508219242096,0.6957008838653564,0.39665159583091736,0.6698706150054932,0.3764709532260895,0.6573912501335144,0.35861068964004517,0.6375200152397156,0.3431278169155121,0.6197403073310852,0.32907208800315857,0.6004557609558105,0.31142327189445496,0.5770307779312134,0.29471534490585327,0.5553034543991089,0.28909754753112793,0.5395495295524597,0.27397167682647705,0.5219064950942993,0.2632286548614502,0.4985807240009308
cnn_wst efficient-thunder-86,cnn_wst,94,12,0.3204081654548645,2.762039912340697e-06,1.0103093385696411,0.9999473690986633,1.0093663930892944,0.9998511075973511,1.011650800704956,0.9997808933258057,1.0092742443084717,0.999526858329773,1.0078493356704712,0.999449610710144,1.007681965827942,0.9990573525428772,1.0048695802688599,0.9988564252853394,1.0008511543273926,0.9984843134880066,1.0012433528900146,0.9983461499214172,1.0016580820083618,0.9979013800621033,0.9982677698135376,0.9975303411483765,1.0003089904785156,0.9971209168434143,0.9973252415657043,0.9966344237327576,0.9992950558662415,0.9962331056594849,1.003517508506775,0.9959487915039062,1.0049755573272705,0.9953169822692871,1.006363034248352,0.9949548840522766,1.0044504404067993,0.9943087100982666,1.0093982219696045,0.9937095642089844,1.0128892660140991,0.9933773875236511,1.0166982412338257,0.992816686630249,1.0190800428390503,0.9919354319572449,1.0241029262542725,0.9914630651473999,1.0271815061569214,0.99080491065979,1.0259501934051514,0.989585816860199,1.029596209526062,0.9885618686676025,1.0322009325027466,0.9874252080917358,1.030208706855774,0.9859395027160645,1.0303670167922974,0.9842698574066162,1.0248676538467407,0.9827496409416199,1.0258287191390991,0.9813840389251709,1.0159239768981934,0.978617787361145,1.0164827108383179,0.9755833745002747,1.0063419342041016,0.9727560877799988,0.9928783774375916,0.9703090786933899,0.9872679114341736,0.9671252965927124,0.9729965925216675,0.9627920389175415,0.9614569544792175,0.95881587266922,0.9414498805999756,0.9542475938796997,0.9263210892677307,0.9494017958641052,0.9196766018867493,0.944995105266571,0.900442361831665,0.937874436378479,0.8808956742286682,0.9335887432098389,0.8660502433776855,0.9263665080070496,0.8492031693458557,0.9205287098884583,0.8259517550468445,0.9131223559379578,0.8113177418708801,0.9064772725105286,0.7995624542236328,0.8995736241340637,0.7769283652305603,0.8917948603630066,0.7543100714683533,0.8813942074775696,0.7381611466407776,0.8746078610420227,0.7188239693641663,0.8669824004173279,0.7036546468734741,0.8589251637458801,0.6922512650489807,0.8511075973510742,0.672458827495575,0.841763436794281,0.6556744575500488,0.8348572850227356,0.6380500197410583,0.8234977722167969,0.6288321614265442,0.8144263625144958,0.613535463809967,0.80551677942276,0.6072455048561096,0.7972054481506348,0.5897831320762634,0.7885454893112183,0.5821153521537781,0.7789965867996216,0.5705344676971436,0.775161623954773
cnn_wst efficient-thunder-86,cnn_wst,94,24,0.5408163070678711,5.925342520640697e-06,1.0125954151153564,0.999983012676239,1.0111002922058105,0.9999556541442871,1.014373779296875,0.9999298453330994,1.01116144657135,0.9998642206192017,1.0104373693466187,0.9998290538787842,1.0107227563858032,0.9997591972351074,1.0080138444900513,0.9996880292892456,1.0025440454483032,0.9995003342628479,1.0046095848083496,0.9994989037513733,1.003857970237732,0.9993340969085693,1.0020960569381714,0.9992402791976929,1.004995584487915,0.9990459084510803,1.0037235021591187,0.9989300966262817,1.0057624578475952,0.9987189173698425,1.0090129375457764,0.9984691143035889,1.0109081268310547,0.9984168410301208,1.0150874853134155,0.9981339573860168,1.020116925239563,0.9976567625999451,1.0261822938919067,0.9974505305290222,1.0328439474105835,0.9970742464065552,1.0352274179458618,0.9964214563369751,1.0406346321105957,0.9957708716392517,1.0493172407150269,0.995331883430481,1.0531761646270752,0.9947491884231567,1.0627385377883911,0.9941656589508057,1.0620304346084595,0.9930949211120605,1.0715045928955078,0.9923761487007141,1.0822739601135254,0.9912484288215637,1.0851359367370605,0.9902033805847168,1.0864237546920776,0.9888589382171631,1.086358666419983,0.9878751039505005,1.096207618713379,0.9866049885749817,1.0979315042495728,0.9850775003433228,1.0961081981658936,0.9832506775856018,1.0961272716522217,0.9816882014274597,1.0922815799713135,0.9801924824714661,1.0920794010162354,0.9773042798042297,1.0912668704986572,0.9758897423744202,1.0876554250717163,0.9735345840454102,1.0844310522079468,0.9707217812538147,1.082370400428772,0.9688501954078674,1.0821199417114258,0.9653849601745605,1.062727451324463,0.9634509682655334,1.0721944570541382,0.9604557156562805,1.0527615547180176,0.9574292898178101,1.0590189695358276,0.9544300436973572,1.0465368032455444,0.9511605501174927,1.0402435064315796,0.9473192691802979,1.031920313835144,0.9441839456558228,1.027234435081482,0.9402271509170532,1.018114447593689,0.9375677108764648,1.0115290880203247,0.9339849948883057,1.0003726482391357,0.9316158890724182,0.9892151951789856,0.9266607761383057,0.9896299242973328,0.9229607582092285,0.9783345460891724,0.9183244109153748,0.9742536544799805,0.9152978658676147,0.9592868685722351,0.9108389019966125,0.9525932669639587,0.9082233905792236,0.9478564262390137,0.9051761031150818,0.9410452842712402,0.9011409282684326,0.9336074590682983,0.8982183933258057,0.9255993962287903,0.8964534401893616
cnn_wst efficient-thunder-86,cnn_wst,94,37,0.7795918583869934,9.960678653442301e-06,1.0123724937438965,0.9999937415122986,1.0107660293579102,0.999981701374054,1.0136752128601074,0.9999626874923706,1.009694218635559,0.9999294877052307,1.0095046758651733,0.9998617172241211,1.0090445280075073,0.9998303651809692,1.0065876245498657,0.9997383952140808,0.9993721842765808,0.9995486736297607,1.0013504028320312,0.9994447827339172,0.9976738691329956,0.9992411732673645,0.9981859922409058,0.9990314841270447,0.9979523420333862,0.9987393617630005,0.9937769174575806,0.9984661936759949,0.9947736263275146,0.9981476664543152,0.9985143542289734,0.9975828528404236,0.9926640391349792,0.9971405863761902,0.99554842710495,0.9967591166496277,1.0026124715805054,0.9960065484046936,1.0008655786514282,0.9953587651252747,1.0050464868545532,0.9946194291114807,1.0077011585235596,0.9935745596885681,1.0083075761795044,0.9921944737434387,1.0110206604003906,0.9915407299995422,1.0128413438796997,0.9904505610466003,1.0207773447036743,0.9893013834953308,1.0155858993530273,0.9881700873374939,1.023092269897461,0.9867565035820007,1.0311298370361328,0.9857169389724731,1.030350923538208,0.9839682579040527,1.0271012783050537,0.9818540811538696,1.03329336643219,0.9797203540802002,1.035283088684082,0.9786545634269714,1.0319641828536987,0.9768878817558289,1.0363109111785889,0.9749488234519958,1.0305074453353882,0.9731290340423584,1.0340381860733032,0.9709165692329407,1.0287729501724243,0.9682940244674683,1.0244299173355103,0.9659582376480103,1.0171592235565186,0.96314537525177,1.0181328058242798,0.9602359533309937,1.0106230974197388,0.9590430855751038,1.0065529346466064,0.9555290937423706,0.9998061060905457,0.9528957605361938,0.9942801594734192,0.9494516253471375,0.9871782064437866,0.9467329978942871,0.9783923625946045,0.9441918134689331,0.967522144317627,0.9408984184265137,0.9616124629974365,0.9366084337234497,0.9588874578475952,0.9335193037986755,0.9506264925003052,0.9307904243469238,0.9405753016471863,0.9269598126411438,0.9372586607933044,0.9246364831924438,0.9183642864227295,0.9206901788711548,0.9125876426696777,0.9177228212356567,0.9135143756866455,0.9120379090309143,0.9063098430633545,0.9088979363441467,0.899451494216919,0.9055904150009155,0.9000900387763977,0.9022378325462341,0.8927527070045471,0.8995837569236755,0.874318540096283,0.8930016160011292,0.8666191697120667,0.8905302882194519,0.8539617657661438,0.8858558535575867,0.8577331304550171,0.88283771276474
cnn_wst efficient-thunder-86,cnn_wst,94,49,1.0,1.3550294170272537e-05,1.0118943452835083,0.9999960660934448,1.0101999044418335,0.9999784827232361,1.012712001800537,0.9999533891677856,1.0084036588668823,0.9998965859413147,1.0085614919662476,0.999793529510498,1.0079020261764526,0.9997025728225708,1.0058435201644897,0.9995495676994324,0.9976363182067871,0.999323844909668,0.9992697238922119,0.9990838170051575,0.9938327074050903,0.9987644553184509,0.9956281781196594,0.9984123110771179,0.9937039017677307,0.9980044364929199,0.9876748323440552,0.997526228427887,0.9880844354629517,0.9970427751541138,0.9924054741859436,0.9962515830993652,0.9829923510551453,0.9952648282051086,0.9871073961257935,0.9948016405105591,0.9911414980888367,0.9938916563987732,0.9879114627838135,0.9928258061408997,0.9895991086959839,0.9915644526481628,0.9899517893791199,0.990323007106781,0.9905545115470886,0.9888006448745728,0.9917847514152527,0.9876199960708618,0.9918603897094727,0.985853910446167,0.9933419823646545,0.9846457242965698,0.9892116189002991,0.9830813407897949,0.9966329336166382,0.9813036918640137,0.9967272281646729,0.9796856045722961,0.9946165084838867,0.9779184460639954,0.9936885833740234,0.97577303647995,1.0002212524414062,0.9730076789855957,0.9950973987579346,0.9708893895149231,0.9936807155609131,0.9689954519271851,0.992671012878418,0.9675131440162659,0.9883046746253967,0.9647091031074524,0.9941316843032837,0.9625732898712158,0.9853222966194153,0.9594728946685791,0.9837371110916138,0.9563382267951965,0.9741508960723877,0.954030454158783,0.9738612174987793,0.9505879878997803,0.9739164710044861,0.9483756422996521,0.9587588310241699,0.9459071159362793,0.9597790241241455,0.9419902563095093,0.9564828276634216,0.9389541745185852,0.9480181932449341,0.935518205165863,0.9401894807815552,0.9323465824127197,0.9262365102767944,0.9288249015808105,0.9270076751708984,0.9244567155838013,0.9205203652381897,0.9211347103118896,0.9048980474472046,0.9169872403144836,0.8899688720703125,0.9116628170013428,0.8914577960968018,0.909735381603241,0.8806778788566589,0.9043614268302917,0.8668280243873596,0.9009270668029785,0.8594796657562256,0.8949572443962097,0.8482269644737244,0.8908671140670776,0.848615825176239,0.8846939206123352,0.8383982181549072,0.8816919922828674,0.8373833298683167,0.8783836364746094,0.8306891322135925,0.8717833161354065,0.8158345818519592,0.8675750494003296,0.816572904586792,0.8610137701034546,0.8091843128204346,0.8567759394645691
cnn_wst pious-wildflower-89,cnn_wst,90,0,0.10000000149011612,4.493977598940546e-07,0.9996248483657837,0.9998852610588074,0.9990617632865906,0.9997053742408752,0.9986515045166016,0.9992581009864807,0.998043954372406,0.9987940192222595,0.9962616562843323,0.9981731176376343,0.9942712783813477,0.997065544128418,0.9929869771003723,0.9962753653526306,0.9911170601844788,0.9951545596122742,0.9883249998092651,0.9938915371894836,0.9844127297401428,0.9919799566268921,0.981453001499176,0.9905537366867065,0.9770863056182861,0.9892792105674744,0.9739035964012146,0.9870645403862,0.9668515920639038,0.9851989150047302,0.9633350372314453,0.9820920825004578,0.9581315517425537,0.9804788827896118,0.9516065120697021,0.9778321385383606,0.9416729211807251,0.9756508469581604,0.9343860745429993,0.9736077189445496,0.9278375506401062,0.9696333408355713,0.9203436374664307,0.9658859372138977,0.9090492725372314,0.9626144766807556,0.9001142382621765,0.9581448435783386,0.8903146386146545,0.9555729031562805,0.8770981431007385,0.9515640139579773,0.8680773973464966,0.948968231678009,0.853855550289154,0.9426099061965942,0.8439556360244751,0.9375432133674622,0.8280648589134216,0.9325382113456726,0.8141352534294128,0.9286162257194519,0.7987417578697205,0.923317015171051,0.7830960750579834,0.9168744683265686,0.7675598859786987,0.9117830395698547,0.7530731558799744,0.9031557440757751,0.7329146862030029,0.8972421884536743,0.7173643708229065,0.8895053267478943,0.700070858001709,0.8818005323410034,0.6817097067832947,0.8761665225028992,0.6674869060516357,0.8690658807754517,0.6459516286849976,0.8621164560317993,0.6276244521141052,0.8506755828857422,0.6103761792182922,0.8406899571418762,0.5932689905166626,0.8298664689064026,0.5677496790885925,0.8194339275360107,0.5569744110107422,0.8076536059379578,0.5368779897689819,0.7975837588310242,0.5120583176612854,0.7872176766395569,0.4934196174144745,0.7697188258171082,0.48313024640083313,0.7558954954147339,0.45932260155677795,0.739043116569519,0.440516859292984,0.726231575012207,0.42722514271736145,0.7128146886825562,0.4059990346431732,0.6902636885643005,0.39306002855300903,0.673579752445221,0.3729798197746277,0.6577259302139282,0.3564894497394562,0.6389331817626953,0.3435511589050293,0.6142926216125488,0.3265870213508606,0.5993045568466187,0.31068044900894165,0.5780565738677979,0.2986024022102356,0.5565323829650879,0.2818990647792816,0.5291667580604553,0.27347901463508606,0.5134263038635254,0.26183047890663147,0.4955284595489502
cnn_wst pious-wildflower-89,cnn_wst,90,12,0.3204081654548645,2.4446330826322082e-06,1.0034171342849731,0.9999768137931824,1.0044870376586914,0.9999396800994873,1.0017106533050537,0.9998417496681213,1.001832365989685,0.9997460246086121,1.0028506517410278,0.9996323585510254,1.0034611225128174,0.9993986487388611,1.0036695003509521,0.9992640614509583,1.001916766166687,0.9990972280502319,1.006562352180481,0.9988874197006226,1.0034692287445068,0.998551607131958,1.0052999258041382,0.9983165860176086,1.0006409883499146,0.9981863498687744,1.0068243741989136,0.9978088736534119,1.0012884140014648,0.9976885914802551,1.0075390338897705,0.9972764253616333,1.0108661651611328,0.9971994757652283,1.0093789100646973,0.9967755675315857,1.0084831714630127,0.9965929388999939,1.015127420425415,0.9960442781448364,1.0176042318344116,0.9958496689796448,1.0232656002044678,0.9951833486557007,1.0284326076507568,0.9946224689483643,1.0312983989715576,0.9943981170654297,1.0386974811553955,0.9933455586433411,1.0455831289291382,0.9930216073989868,1.0491774082183838,0.9920311570167542,1.0563910007476807,0.9909102916717529,1.0611284971237183,0.9901871085166931,1.0670952796936035,0.9882749915122986,1.0665104389190674,0.9870849251747131,1.0740901231765747,0.985277533531189,1.0701524019241333,0.9836349487304688,1.0827558040618896,0.9822392463684082,1.0745030641555786,0.9791103005409241,1.0700589418411255,0.9769639372825623,1.072937250137329,0.9735351800918579,1.0655171871185303,0.9712725281715393,1.0673272609710693,0.9690274596214294,1.0596963167190552,0.9654707312583923,1.047932505607605,0.9608181118965149,1.03598153591156,0.956112265586853,1.0254802703857422,0.9519002437591553,1.0185770988464355,0.9460979104042053,1.0002790689468384,0.9423295259475708,0.9941701292991638,0.9367704391479492,0.9726795554161072,0.9311144351959229,0.954857349395752,0.9240188598632812,0.9377596378326416,0.9174478054046631,0.9258422255516052,0.9096348285675049,0.9081031084060669,0.9039120078086853,0.8878466486930847,0.8957451581954956,0.8750393390655518,0.8876383304595947,0.8564203977584839,0.8809983730316162,0.8439021706581116,0.8713446259498596,0.8243898153305054,0.8641186952590942,0.8044137358665466,0.8557438850402832,0.7902684807777405,0.8467491865158081,0.7741422653198242,0.8388822674751282,0.756039559841156,0.8265168070793152,0.7485488653182983,0.8214932084083557,0.7351512312889099,0.8128749132156372,0.7212389707565308,0.8062183260917664,0.7133910059928894,0.7945339679718018
cnn_wst pious-wildflower-89,cnn_wst,90,24,0.5408163070678711,5.261759724817239e-06,1.005487322807312,0.9999913573265076,1.0054278373718262,0.9999849200248718,1.0014702081680298,0.9999527931213379,1.0012394189834595,0.999937117099762,1.0033117532730103,0.9999033808708191,1.0049257278442383,0.9998425841331482,1.0047119855880737,0.9997982382774353,1.0033375024795532,0.999737560749054,1.008171558380127,0.9996729493141174,1.0057107210159302,0.9995008111000061,1.0064510107040405,0.9994094967842102,1.0010780096054077,0.9992666840553284,1.0095927715301514,0.9990593194961548,1.00395929813385,0.9989166855812073,1.0080403089523315,0.9986779689788818,1.0112508535385132,0.9985697269439697,1.0066723823547363,0.9982012510299683,1.0083673000335693,0.9978943467140198,1.0164860486984253,0.9974548816680908,1.0139797925949097,0.9971372485160828,1.0203644037246704,0.9964461922645569,1.0227200984954834,0.995976984500885,1.031185269355774,0.995428740978241,1.0291221141815186,0.9949303269386292,1.037140965461731,0.9940780997276306,1.0426957607269287,0.9933794140815735,1.0482066869735718,0.9924236536026001,1.0522267818450928,0.991719126701355,1.0582822561264038,0.990354597568512,1.0591665506362915,0.9894975423812866,1.0689897537231445,0.9881442189216614,1.0671640634536743,0.9867094159126282,1.0746383666992188,0.9855104684829712,1.0785675048828125,0.984462559223175,1.0767654180526733,0.982348620891571,1.0800197124481201,0.9804580211639404,1.079606056213379,0.9782572388648987,1.08842933177948,0.9766180515289307,1.0848641395568848,0.9752090573310852,1.0876716375350952,0.9725706577301025,1.0789389610290527,0.970180869102478,1.0816330909729004,0.9682292938232422,1.0779902935028076,0.9659132361412048,1.0744106769561768,0.9627903699874878,1.0803552865982056,0.9611649513244629,1.0735220909118652,0.9579379558563232,1.0635221004486084,0.9543945789337158,1.0567429065704346,0.9517623782157898,1.057759404182434,0.9485680460929871,1.0481706857681274,0.9454576969146729,1.0397979021072388,0.9432244896888733,1.0406851768493652,0.9401116371154785,1.039818286895752,0.9359164237976074,1.041918396949768,0.9334700107574463,1.0247998237609863,0.9289245009422302,1.0171935558319092,0.9261873364448547,1.0013790130615234,0.9215397238731384,0.9974217414855957,0.9174967408180237,0.9903734922409058,0.9148586988449097,0.9853861331939697,0.910384476184845,0.9801226258277893,0.9090998768806458,0.9720631241798401,0.904558002948761,0.9708669185638428,0.9023744463920593
cnn_wst pious-wildflower-89,cnn_wst,90,37,0.7795918583869934,8.811258339846972e-06,1.005894660949707,0.9999935626983643,1.004279375076294,0.999989926815033,1.0004829168319702,0.9999667406082153,0.9992939829826355,0.9999465346336365,1.001050353050232,0.9998990893363953,1.0033375024795532,0.9998342394828796,1.0017048120498657,0.999776303768158,1.0008907318115234,0.9996675848960876,1.0041615962982178,0.9995407462120056,1.000899076461792,0.999311089515686,0.9995861649513245,0.9991455078125,0.9944427609443665,0.9989151954650879,1.0022480487823486,0.9986066222190857,0.9965659976005554,0.9983004331588745,1.0011255741119385,0.9978055357933044,0.9979116916656494,0.9976047277450562,0.9943064451217651,0.9971016049385071,0.9936939477920532,0.9965465068817139,0.9981240034103394,0.9958892464637756,0.9958277344703674,0.9954013228416443,0.9959591627120972,0.9942436814308167,0.994488000869751,0.9933857917785645,1.0010831356048584,0.9925763607025146,1.0001804828643799,0.9918055534362793,1.0024774074554443,0.9904481768608093,1.0050932168960571,0.9896404147148132,1.00536048412323,0.9885207414627075,1.0042669773101807,0.9870401620864868,1.0051310062408447,0.9854771494865417,1.003909945487976,0.9846400022506714,1.008562445640564,0.9831669330596924,1.0060994625091553,0.9811750650405884,1.0078768730163574,0.9794673323631287,1.0131723880767822,0.9783716797828674,1.00812566280365,0.9766530990600586,1.0084521770477295,0.9743472933769226,1.0092315673828125,0.9722520112991333,1.0055180788040161,0.9703409075737,1.0040557384490967,0.9687374234199524,0.9989712834358215,0.9662398099899292,1.0039432048797607,0.9635608792304993,1.0002645254135132,0.9618634581565857,1.0009942054748535,0.9597200751304626,0.9939736723899841,0.9568814635276794,0.9927665591239929,0.954155445098877,0.9915531277656555,0.9508022665977478,0.9849650859832764,0.947268009185791,0.9789027571678162,0.9455847144126892,0.9821125864982605,0.9420300722122192,0.9725614786148071,0.9396392107009888,0.9638745784759521,0.9345881938934326,0.9562754034996033,0.9325876832008362,0.9652829766273499,0.9309011697769165,0.9478093981742859,0.9264477491378784,0.9438024759292603,0.9225966930389404,0.934528648853302,0.9176016449928284,0.9338854551315308,0.9152376055717468,0.9259917736053467,0.9103969931602478,0.9208018183708191,0.9076386094093323,0.9219006299972534,0.9027401208877563,0.9143099784851074,0.8985217213630676,0.9065262079238892,0.8939125537872314,0.9001456499099731,0.8915453553199768
cnn_wst pious-wildflower-89,cnn_wst,90,49,1.0,1.1942207493120804e-05,1.005785584449768,0.999993622303009,1.003023624420166,0.9999852776527405,0.9999015927314758,0.9999585151672363,0.9978094696998596,0.9999091029167175,0.9990950226783752,0.9998378753662109,1.0018892288208008,0.999733567237854,0.9989970326423645,0.9996324181556702,0.9988275170326233,0.9994509816169739,1.0009783506393433,0.9992517232894897,0.9968932271003723,0.9989073872566223,0.9939380884170532,0.9986584186553955,0.9885194897651672,0.9983426332473755,0.9956310987472534,0.9979694485664368,0.9904274344444275,0.9974974393844604,0.995936930179596,0.9967523813247681,0.9888653755187988,0.9964141249656677,0.9853869676589966,0.9958518147468567,0.9839978814125061,0.9950680136680603,0.9861245155334473,0.994198203086853,0.9837948679924011,0.9936456680297852,0.9816483855247498,0.9920275807380676,0.9773863554000854,0.9910235404968262,0.9822667837142944,0.9900078177452087,0.983260452747345,0.9886345267295837,0.9817785024642944,0.9873016476631165,0.9823341965675354,0.9858894348144531,0.98232102394104,0.9847397208213806,0.9776723980903625,0.9829552173614502,0.9795177578926086,0.9809972047805786,0.9763991832733154,0.9801028370857239,0.97784823179245,0.977400541305542,0.9739867448806763,0.9758252501487732,0.975827157497406,0.9737672805786133,0.9728226661682129,0.9720436930656433,0.9696360230445862,0.9703878164291382,0.9730862975120544,0.966858446598053,0.9719452857971191,0.9648867249488831,0.9657033085823059,0.9634811878204346,0.9635698795318604,0.9607718586921692,0.951956570148468,0.9579097628593445,0.9525967240333557,0.9550579786300659,0.9518588185310364,0.9520151019096375,0.9467954635620117,0.9503875970840454,0.9485184550285339,0.9483151435852051,0.9405922889709473,0.9442644715309143,0.932610034942627,0.942374587059021,0.9219586253166199,0.9377626180648804,0.920723557472229,0.9347736239433289,0.9215708374977112,0.9301661252975464,0.9122600555419922,0.9273149967193604,0.9089663028717041,0.9233273863792419,0.8950014710426331,0.9185971617698669,0.8961268663406372,0.9161763191223145,0.8951395750045776,0.9126076102256775,0.8759440183639526,0.9080343246459961,0.8683266043663025,0.9017487168312073,0.8674318790435791,0.8998520970344543,0.854182243347168,0.8944259285926819,0.8481351137161255,0.8911956548690796,0.8454047441482544,0.8873401880264282,0.8361097574234009,0.879115879535675,0.8251999020576477,0.8762533068656921,0.8257404565811157,0.870919406414032
cnn_wst pious-wildflower-89,cnn_wst,91,0,0.10000000149011612,4.520675247476902e-07,0.9996597170829773,0.9998193383216858,0.9992920756340027,0.9995722770690918,0.9984557032585144,0.9990626573562622,0.9975652098655701,0.9985460042953491,0.996507465839386,0.9979871511459351,0.99476557970047,0.9972633123397827,0.9925090670585632,0.9960386157035828,0.9908835887908936,0.9950871467590332,0.9879043698310852,0.993590772151947,0.984869122505188,0.9925689697265625,0.9803522825241089,0.9914746880531311,0.9781330227851868,0.9890923500061035,0.9732067584991455,0.9870566129684448,0.9681707620620728,0.9852268695831299,0.9619942307472229,0.9833869934082031,0.9585217237472534,0.9806090593338013,0.9507871270179749,0.9774346947669983,0.9441969394683838,0.9750798940658569,0.9377882480621338,0.9727149605751038,0.9269194006919861,0.969313383102417,0.9192104935646057,0.9668508172035217,0.9112488031387329,0.963053286075592,0.9008563756942749,0.9583298563957214,0.8902449011802673,0.9550046324729919,0.8756676316261292,0.9516453146934509,0.8682928681373596,0.9466368556022644,0.8540223836898804,0.9435622692108154,0.8423274159431458,0.9386900663375854,0.8276060223579407,0.9349479079246521,0.8136970400810242,0.926760196685791,0.7989766001701355,0.9232994318008423,0.7815251350402832,0.9176583290100098,0.7697252035140991,0.9103257060050964,0.7506231665611267,0.9031532406806946,0.7343260049819946,0.897713303565979,0.7219159603118896,0.8908060193061829,0.700144350528717,0.8856379985809326,0.6853382587432861,0.8777265548706055,0.6657657027244568,0.8691748380661011,0.6471018195152283,0.8574364185333252,0.6286426186561584,0.8510205745697021,0.6149411201477051,0.8418170213699341,0.5875609517097473,0.8301107287406921,0.5713644027709961,0.8221839070320129,0.5544367432594299,0.8097814321517944,0.5367885828018188,0.7942983508110046,0.518723726272583,0.7808590531349182,0.4974803030490875,0.7720090746879578,0.4803660809993744,0.7594044804573059,0.4608285427093506,0.744229793548584,0.4457927346229553,0.7286379337310791,0.4241911768913269,0.7106149196624756,0.4073345959186554,0.6966662406921387,0.3873937726020813,0.6698005795478821,0.3763362467288971,0.654268741607666,0.35575366020202637,0.6358238458633423,0.3442007005214691,0.6174827814102173,0.3263344466686249,0.5967172384262085,0.31143462657928467,0.575492262840271,0.30129575729370117,0.5546321272850037,0.2808243930339813,0.5391977429389954,0.27050700783729553,0.5169156193733215,0.2615334987640381,0.49891677498817444
cnn_wst pious-wildflower-89,cnn_wst,91,12,0.3204081654548645,2.446336111461278e-06,1.0044206380844116,0.9999791979789734,1.005193829536438,0.9999176859855652,1.0024532079696655,0.9998013973236084,1.0029759407043457,0.9996898770332336,1.0014899969100952,0.9995869398117065,1.0025542974472046,0.9994775056838989,1.0011718273162842,0.9992595911026001,1.0033812522888184,0.999087393283844,1.00466787815094,0.9988523125648499,1.0029240846633911,0.9987412095069885,1.0028895139694214,0.9985491633415222,1.0047951936721802,0.9983462691307068,1.0029313564300537,0.9980525374412537,1.0055524110794067,0.9977784752845764,1.0036417245864868,0.997581422328949,1.0078035593032837,0.9973709583282471,1.0102492570877075,0.9971475005149841,1.0134060382843018,0.9967359900474548,1.0212726593017578,0.9963671565055847,1.0165451765060425,0.9959980249404907,1.0244567394256592,0.9956549406051636,1.0322325229644775,0.9951096773147583,1.0392595529556274,0.994425356388092,1.0429282188415527,0.9936173558235168,1.0524344444274902,0.9930691123008728,1.0553932189941406,0.9920672178268433,1.0608633756637573,0.9907910823822021,1.0689994096755981,0.9900842905044556,1.0808552503585815,0.9887049198150635,1.0817745923995972,0.9873247146606445,1.0847012996673584,0.9857759475708008,1.085599660873413,0.9843584299087524,1.0933761596679688,0.9815956354141235,1.087944746017456,0.9803211688995361,1.099812626838684,0.9771135449409485,1.096509337425232,0.9748339056968689,1.0868905782699585,0.9716425538063049,1.0884029865264893,0.96847003698349,1.0850698947906494,0.9651563167572021,1.073738694190979,0.9608830213546753,1.061362385749817,0.9568652510643005,1.049759864807129,0.9514033198356628,1.0347278118133545,0.9479570388793945,1.0248007774353027,0.9419318437576294,1.0131468772888184,0.9371724724769592,1.0008976459503174,0.9306939840316772,0.982002854347229,0.9250817894935608,0.968608021736145,0.9182341694831848,0.9455764293670654,0.9121476411819458,0.934165358543396,0.9055169224739075,0.9072564244270325,0.8969465494155884,0.8913209438323975,0.890542209148407,0.8781615495681763,0.8793545961380005,0.859350860118866,0.8722653388977051,0.8461509943008423,0.8623664379119873,0.8253151178359985,0.8573682904243469,0.8126566410064697,0.84760582447052,0.7945464849472046,0.8409330248832703,0.785912036895752,0.8273279666900635,0.7626410722732544,0.8257390260696411,0.7506358027458191,0.813956618309021,0.741898238658905,0.8075345158576965,0.7290965914726257,0.8025428652763367
cnn_wst pious-wildflower-89,cnn_wst,91,24,0.5408163070678711,5.3377816584543325e-06,1.0050522089004517,0.9999972581863403,1.0060161352157593,0.9999821782112122,1.0035405158996582,0.9999616742134094,1.0033355951309204,0.999927282333374,1.0023072957992554,0.9999008178710938,1.002955675125122,0.9998676776885986,1.0014394521713257,0.9997708201408386,1.0043864250183105,0.9996582865715027,1.006284475326538,0.9996099472045898,1.0041555166244507,0.9994819760322571,1.0045510530471802,0.9993466138839722,1.0036720037460327,0.9991524815559387,1.0045990943908691,0.9990383982658386,1.0042463541030884,0.9987006187438965,1.0023518800735474,0.9984198808670044,1.0067169666290283,0.9981772899627686,1.009480357170105,0.99777752161026,1.0097877979278564,0.9972162246704102,1.0137758255004883,0.9968576431274414,1.0108234882354736,0.9962744116783142,1.0204397439956665,0.9958910346031189,1.0222095251083374,0.9951964020729065,1.0260485410690308,0.9942722320556641,1.0351186990737915,0.9932258725166321,1.038942575454712,0.992402970790863,1.0441625118255615,0.9913557171821594,1.0519607067108154,0.9901893734931946,1.0553556680679321,0.9893248677253723,1.0649755001068115,0.9880239963531494,1.068030834197998,0.9865928888320923,1.0742844343185425,0.9850715398788452,1.0731744766235352,0.983835756778717,1.082575798034668,0.9819483160972595,1.0853898525238037,0.9801838994026184,1.0906672477722168,0.9787790179252625,1.0948803424835205,0.9773101210594177,1.0966898202896118,0.9747790694236755,1.0954698324203491,0.9732854962348938,1.0958346128463745,0.970659613609314,1.0942168235778809,0.9677155017852783,1.0967187881469727,0.9654252529144287,1.0934879779815674,0.9631507992744446,1.0988781452178955,0.9605028033256531,1.089807152748108,0.9586706161499023,1.0891978740692139,0.9547135829925537,1.0946646928787231,0.952409029006958,1.08444344997406,0.9497844576835632,1.0732256174087524,0.9454342722892761,1.0636591911315918,0.9425980448722839,1.0631355047225952,0.9384860992431641,1.0625358819961548,0.9362177848815918,1.0530493259429932,0.9321501851081848,1.0536590814590454,0.9269358515739441,1.0390441417694092,0.9245952367782593,1.0370557308197021,0.9203957915306091,1.0311790704727173,0.9172061681747437,1.0136607885360718,0.9128084182739258,1.0098707675933838,0.9084999561309814,1.0093350410461426,0.9036478400230408,0.9924512505531311,0.9023304581642151,0.991024374961853,0.8978836536407471,0.9835079312324524,0.894456684589386,0.9756461977958679,0.8897563219070435
cnn_wst pious-wildflower-89,cnn_wst,91,37,0.7795918583869934,9.022112863021903e-06,1.00465726852417,0.9999966025352478,1.0055904388427734,0.9999848008155823,1.0028399229049683,0.9999538660049438,1.001756191253662,0.9999095797538757,1.0011422634124756,0.9998540878295898,1.0008031129837036,0.9997779130935669,0.9988909959793091,0.9996089339256287,1.0010254383087158,0.9994600415229797,1.003147006034851,0.999284565448761,1.0013688802719116,0.9990225434303284,1.0004633665084839,0.9987456202507019,0.9963057637214661,0.9983911514282227,0.9987768530845642,0.9981566071510315,0.9964287281036377,0.9975343346595764,0.9921453595161438,0.9970316886901855,0.9950051307678223,0.9964713454246521,0.9969103932380676,0.9957374930381775,0.9966750741004944,0.9949368238449097,0.9933992028236389,0.9943479299545288,0.9921296834945679,0.9931091070175171,1.0005706548690796,0.99261873960495,0.9970266222953796,0.9914972186088562,0.9933699369430542,0.9904850721359253,0.9999279379844666,0.9889963269233704,1.0014257431030273,0.987642765045166,1.0046788454055786,0.9863919019699097,1.0055080652236938,0.9851576685905457,1.0005565881729126,0.9835805892944336,1.0058155059814453,0.9817895889282227,1.0120304822921753,0.9805898666381836,1.0174314975738525,0.9784761071205139,1.012776255607605,0.9759949445724487,1.0127652883529663,0.9740880131721497,1.0072524547576904,0.9721548557281494,1.0149564743041992,0.9696503281593323,1.01297128200531,0.968634843826294,1.0106427669525146,0.9660735726356506,1.008880615234375,0.963470458984375,1.016547441482544,0.9611009359359741,1.011210322380066,0.9576717019081116,1.0064910650253296,0.9555205702781677,1.003881573677063,0.9533339738845825,1.0063424110412598,0.9502764344215393,1.0018998384475708,0.9465128183364868,0.9978464841842651,0.9442577362060547,1.0025572776794434,0.9423131346702576,0.9974024891853333,0.9387415647506714,0.9837072491645813,0.9349499344825745,0.9812444448471069,0.932475209236145,0.9768498539924622,0.9268595576286316,0.9734918475151062,0.9243459701538086,0.962787389755249,0.9211814403533936,0.952104389667511,0.9160494804382324,0.9524126648902893,0.9147422909736633,0.9546748399734497,0.910258412361145,0.9444769620895386,0.9059833288192749,0.9411877393722534,0.9015291929244995,0.9335790872573853,0.8979615569114685,0.9267568588256836,0.8929504156112671,0.9257630109786987,0.8895639777183533,0.9216644167900085,0.8855490684509277,0.9139770865440369,0.8828407526016235,0.904201328754425,0.8783689141273499
cnn_wst pious-wildflower-89,cnn_wst,91,49,1.0,1.2300047274038661e-05,1.0042914152145386,0.999994695186615,1.0051624774932861,0.9999740123748779,1.0019840002059937,0.9999098777770996,1.000389575958252,0.9998506903648376,1.000030755996704,0.9997351765632629,0.9992428421974182,0.999601423740387,0.9969311952590942,0.999343991279602,0.9984176754951477,0.9991272687911987,1.000144600868225,0.9988241791725159,0.999062716960907,0.9984334111213684,0.9977681636810303,0.9980069994926453,0.9917106628417969,0.997501790523529,0.9942671656608582,0.9971297383308411,0.9916846752166748,0.9962853193283081,0.9870967864990234,0.9956384301185608,0.9872515201568604,0.9947457909584045,0.9899115562438965,0.9939578175544739,0.9875900745391846,0.9929216504096985,0.9814488291740417,0.9919565320014954,0.9825383424758911,0.9905369281768799,0.9880140423774719,0.9895853996276855,0.9839280843734741,0.9880167841911316,0.9804553389549255,0.9870203733444214,0.9833425283432007,0.9853014349937439,0.9842872023582458,0.983842670917511,0.9891663193702698,0.9820048213005066,0.9836291670799255,0.9808450937271118,0.9792592525482178,0.9786282777786255,0.9816473722457886,0.9770601987838745,0.987748920917511,0.9750871658325195,0.98951655626297,0.9727016091346741,0.9843320846557617,0.9703560471534729,0.9842076301574707,0.9680919647216797,0.9809653759002686,0.9652369618415833,0.9789422750473022,0.9625347852706909,0.977825939655304,0.9605310559272766,0.9742732048034668,0.958930492401123,0.9751912951469421,0.956112265586853,0.9756825566291809,0.9529180526733398,0.9746118187904358,0.9496326446533203,0.9681282043457031,0.9471573829650879,0.9682120680809021,0.9442310333251953,0.9586375951766968,0.9416070580482483,0.9534927010536194,0.9377408623695374,0.950958251953125,0.934524416923523,0.9489877223968506,0.9305652976036072,0.9460458755493164,0.9280209541320801,0.9377941489219666,0.9234390258789062,0.9410642385482788,0.919525146484375,0.9263473153114319,0.9152756929397583,0.9242094159126282,0.9112645983695984,0.9223005175590515,0.9077357053756714,0.9127485156059265,0.9050799012184143,0.9038585424423218,0.8989450335502625,0.9001333713531494,0.8962068557739258,0.8944627046585083,0.8895161747932434,0.8895203471183777,0.8875078558921814,0.8817659020423889,0.8817161321640015,0.8709418177604675,0.8753670454025269,0.8734449148178101,0.8715944886207581,0.8659712076187134,0.8646252751350403,0.8634068965911865,0.8625069260597229,0.8539024591445923,0.8587791919708252
cnn_wst pious-wildflower-89,cnn_wst,92,0,0.10000000149011612,4.52115784810303e-07,0.999731183052063,0.9998871088027954,0.999441385269165,0.9995928406715393,0.9982907176017761,0.9991275072097778,0.9972564578056335,0.9986457824707031,0.9965959787368774,0.9982338547706604,0.9944716095924377,0.9974056482315063,0.9922892451286316,0.9962040185928345,0.9901115894317627,0.9950383901596069,0.9882197976112366,0.9938932061195374,0.9840383529663086,0.9923093318939209,0.9811655879020691,0.9908864498138428,0.9772966504096985,0.9889733791351318,0.9729130268096924,0.9876455664634705,0.9695169925689697,0.9852359890937805,0.9635472893714905,0.982972264289856,0.9576704502105713,0.9803557991981506,0.9509339332580566,0.9778362512588501,0.9435124397277832,0.9754989147186279,0.9357525110244751,0.9730401039123535,0.927786111831665,0.9694566130638123,0.9187092781066895,0.9668201208114624,0.9105594158172607,0.9632861018180847,0.9013360738754272,0.9593849778175354,0.8889243602752686,0.9560244083404541,0.878929853439331,0.9513149261474609,0.8648907542228699,0.946636974811554,0.8537790179252625,0.9424777030944824,0.8412504196166992,0.9377092123031616,0.8250495195388794,0.933218777179718,0.812633216381073,0.928184986114502,0.7979591488838196,0.9235411286354065,0.7810819745063782,0.9174981117248535,0.7666369080543518,0.9124695062637329,0.7492316961288452,0.9025753736495972,0.7311596274375916,0.8968786597251892,0.714481770992279,0.8894656896591187,0.6950734257698059,0.8836725950241089,0.6834452748298645,0.8751004934310913,0.6616746187210083,0.8678330183029175,0.6430942416191101,0.857617199420929,0.6226825714111328,0.850262463092804,0.6072177290916443,0.8404539823532104,0.5890690088272095,0.8304973244667053,0.5699470639228821,0.8183019757270813,0.5489460825920105,0.8083006739616394,0.5314556360244751,0.7953394055366516,0.5086192488670349,0.7847622632980347,0.490361750125885,0.7711395025253296,0.47787243127822876,0.7561793327331543,0.45729079842567444,0.7401572465896606,0.4361329674720764,0.7231323719024658,0.42047762870788574,0.7139203548431396,0.4030395746231079,0.6916242837905884,0.38812658190727234,0.6738318204879761,0.3660595417022705,0.6568013429641724,0.35112035274505615,0.6391407251358032,0.33718082308769226,0.6189665794372559,0.31789663434028625,0.5956187844276428,0.3037349283695221,0.5744980573654175,0.28830304741859436,0.5507538318634033,0.27757835388183594,0.5440694093704224,0.26776713132858276,0.5146991014480591,0.2530967593193054,0.49639448523521423
cnn_wst pious-wildflower-89,cnn_wst,92,12,0.3204081654548645,2.4762159682722995e-06,1.0040478706359863,0.9999813437461853,1.0042216777801514,0.9999103546142578,1.0022194385528564,0.9998157024383545,1.0017554759979248,0.9996726512908936,1.0038155317306519,0.999602198600769,1.0007606744766235,0.9994304776191711,1.0022927522659302,0.9992214441299438,1.000400424003601,0.9989859461784363,1.0017657279968262,0.9988521337509155,1.0007073879241943,0.9984930753707886,1.0030021667480469,0.998199999332428,1.0045021772384644,0.99808669090271,1.0014185905456543,0.9978939890861511,1.0034410953521729,0.9973185658454895,1.0064247846603394,0.996943473815918,1.0039877891540527,0.9966716170310974,1.005873441696167,0.9965130090713501,1.007301926612854,0.9960144758224487,1.007563829421997,0.9959205389022827,1.014094591140747,0.9951785206794739,1.0141652822494507,0.9947484731674194,1.0230978727340698,0.9944097995758057,1.0253833532333374,0.9938797354698181,1.0317140817642212,0.9928845763206482,1.0348496437072754,0.9923151731491089,1.0383409261703491,0.9913201928138733,1.0454803705215454,0.9904582500457764,1.0505646467208862,0.9894883632659912,1.0511257648468018,0.9879193902015686,1.0568856000900269,0.9865236282348633,1.0567857027053833,0.9848149418830872,1.061444640159607,0.9827878475189209,1.0650460720062256,0.9812338352203369,1.0614877939224243,0.9793410301208496,1.0571815967559814,0.9766790866851807,1.0526539087295532,0.9731911420822144,1.0411126613616943,0.9703587889671326,1.0470478534698486,0.9677535891532898,1.033216118812561,0.9635772705078125,1.0276949405670166,0.9594226479530334,1.0239135026931763,0.9550317525863647,1.007825493812561,0.950161874294281,0.9923816323280334,0.9446837902069092,0.9790250658988953,0.9401892423629761,0.9697579145431519,0.933703601360321,0.950868546962738,0.9278951287269592,0.9347066879272461,0.9224991798400879,0.9133771657943726,0.915396511554718,0.9020165205001831,0.9107415080070496,0.8887486457824707,0.9005979299545288,0.8723009824752808,0.8936817646026611,0.8509030938148499,0.888796865940094,0.8356649279594421,0.8810513615608215,0.8180230855941772,0.8719119429588318,0.8015652894973755,0.8615140318870544,0.7894940376281738,0.8543424010276794,0.7670694589614868,0.8428575396537781,0.7560094594955444,0.8365976214408875,0.7387962937355042,0.8271023035049438,0.7249069213867188,0.8186048865318298,0.7207481861114502,0.813072681427002,0.7020123600959778,0.8067824244499207,0.7016894817352295,0.7971491813659668
cnn_wst pious-wildflower-89,cnn_wst,92,24,0.5408163070678711,5.289999535307288e-06,1.0054951906204224,0.9999934434890747,1.005307912826538,0.9999784827232361,1.0024889707565308,0.9999595284461975,1.0014369487762451,0.9999052882194519,1.0052154064178467,0.9998758435249329,1.0012680292129517,0.999824583530426,1.0011340379714966,0.9997789859771729,1.0021638870239258,0.9996833205223083,1.0023953914642334,0.9996632933616638,1.001512050628662,0.9994996190071106,1.003074288368225,0.9994050860404968,1.0060473680496216,0.9992794394493103,1.003052830696106,0.9992244839668274,1.0047719478607178,0.9989191293716431,1.007587194442749,0.9986894130706787,1.0037486553192139,0.9985246658325195,1.007723093032837,0.9983651041984558,1.0098252296447754,0.9979292154312134,1.0094152688980103,0.9977067708969116,1.0120651721954346,0.9972676038742065,1.014296293258667,0.9968790411949158,1.0209016799926758,0.9963651299476624,1.0241153240203857,0.9960020780563354,1.0282809734344482,0.9951860308647156,1.0314667224884033,0.9947017431259155,1.0360337495803833,0.9938199520111084,1.0397862195968628,0.9933300614356995,1.045888900756836,0.9923160672187805,1.0501337051391602,0.9913890361785889,1.0569485425949097,0.9901641011238098,1.0581551790237427,0.9892916083335876,1.0598872900009155,0.9882901310920715,1.0597866773605347,0.9868797659873962,1.0644237995147705,0.9854485988616943,1.067501187324524,0.9841609597206116,1.0678186416625977,0.9831165075302124,1.0701018571853638,0.980256199836731,1.0746233463287354,0.9789913892745972,1.0701557397842407,0.9775091409683228,1.06937575340271,0.9749607443809509,1.06969153881073,0.9731640219688416,1.0688750743865967,0.9705185294151306,1.0627782344818115,0.967207133769989,1.0588188171386719,0.9665625691413879,1.0545488595962524,0.9634981751441956,1.0511174201965332,0.9594773054122925,1.0477583408355713,0.9580297470092773,1.0456058979034424,0.9548642635345459,1.0371695756912231,0.9521872401237488,1.0389140844345093,0.9500599503517151,1.0301358699798584,0.9459087252616882,1.0206151008605957,0.9424198269844055,1.0145814418792725,0.9394463300704956,1.0223063230514526,0.9360079169273376,1.0042532682418823,0.9321983456611633,0.9990792870521545,0.9292016625404358,0.9940984845161438,0.9252435564994812,0.9877691864967346,0.9207395911216736,0.9774660468101501,0.9196484684944153,0.9705116748809814,0.9150524735450745,0.967822790145874,0.9119011759757996,0.9572339653968811,0.9099339246749878,0.9580258131027222,0.905177116394043
cnn_wst pious-wildflower-89,cnn_wst,92,37,0.7795918583869934,8.811625775706489e-06,1.005466103553772,0.9999957084655762,1.00449538230896,0.9999917149543762,1.0009278059005737,0.9999815821647644,0.9997305870056152,0.9999421834945679,1.0038344860076904,0.9998977780342102,0.9997032284736633,0.9998418688774109,0.9968465566635132,0.9997915029525757,0.9992819428443909,0.9996853470802307,0.9987885355949402,0.9996406435966492,0.9959573745727539,0.9993866682052612,0.9960817694664001,0.9993035197257996,0.9987735748291016,0.9990413784980774,0.9938888549804688,0.9989184141159058,0.9974345564842224,0.9985754489898682,0.9969101548194885,0.9982003569602966,0.9920140504837036,0.9979434609413147,0.9965912103652954,0.997610867023468,0.9933837056159973,0.9969767928123474,0.9925550222396851,0.9965502023696899,0.9894000887870789,0.9958354234695435,0.990755021572113,0.9955568909645081,0.9956838488578796,0.994671106338501,0.9953467845916748,0.9939649701118469,0.998793363571167,0.9931003451347351,0.9926698207855225,0.9921666383743286,0.9995527267456055,0.9911891222000122,0.9985001087188721,0.9902227520942688,1.0002315044403076,0.9891056418418884,1.0030062198638916,0.9881762862205505,1.0095601081848145,0.9863859415054321,1.0059713125228882,0.9854311347007751,1.0068469047546387,0.9840875267982483,1.0087796449661255,0.982536256313324,1.0113074779510498,0.9802577495574951,1.00507652759552,0.9795814752578735,1.010145664215088,0.9779092669487,1.0071768760681152,0.9753650426864624,1.0088067054748535,0.9738695621490479,1.0083749294281006,0.972324788570404,1.003008484840393,0.9699174761772156,1.0057990550994873,0.9684655070304871,1.006056308746338,0.9661290645599365,0.9934314489364624,0.9627895355224609,0.9952601194381714,0.9614918828010559,0.9887532591819763,0.9591353535652161,0.9955726861953735,0.9559850692749023,0.9860464930534363,0.9543043375015259,0.9805489778518677,0.9518499374389648,0.9787140488624573,0.9488062858581543,0.9691473245620728,0.9462001323699951,0.9665692448616028,0.9433080554008484,0.9606716632843018,0.9400561451911926,0.9504107236862183,0.9374433159828186,0.9529754519462585,0.9327853918075562,0.9490453600883484,0.930156946182251,0.9391698837280273,0.9277425408363342,0.9333590269088745,0.9227855205535889,0.9318913221359253,0.9200400114059448,0.9306217432022095,0.915802001953125,0.9202094674110413,0.9142118692398071,0.9150121808052063,0.9078458547592163,0.9157809615135193,0.9047823548316956,0.9056441783905029,0.9041590690612793
cnn_wst pious-wildflower-89,cnn_wst,92,49,1.0,1.1920974429813214e-05,1.0052235126495361,0.9999955892562866,1.00360906124115,0.9999887347221375,0.9996674656867981,0.9999704957008362,0.9985551834106445,0.9999243021011353,1.0023987293243408,0.9998471140861511,0.9982750415802002,0.9997693300247192,0.9939472079277039,0.9996783137321472,0.9966188073158264,0.9995147585868835,0.9961577653884888,0.9994238018989563,0.9923422336578369,0.999091386795044,0.9906644225120544,0.9989229440689087,0.993550181388855,0.9985467791557312,0.9867665767669678,0.9983457326889038,0.9907176494598389,0.997896134853363,0.9891538023948669,0.9973865151405334,0.9861140847206116,0.996967613697052,0.9882544875144958,0.9965069890022278,0.9830403923988342,0.9957189559936523,0.9812660813331604,0.995046079158783,0.9780426025390625,0.9942119717597961,0.9759548306465149,0.9937579035758972,0.9783896803855896,0.9927931427955627,0.9722986817359924,0.9919933080673218,0.9759443998336792,0.9910027980804443,0.9682474136352539,0.9894258975982666,0.9718204736709595,0.988445520401001,0.9684112071990967,0.9871107935905457,0.9674628376960754,0.986072301864624,0.9662227630615234,0.9847236275672913,0.9704514741897583,0.9827889204025269,0.9653425812721252,0.9815455675125122,0.9661083817481995,0.9796597957611084,0.970937967300415,0.9784988760948181,0.9683637022972107,0.9756875038146973,0.9631644487380981,0.9742845892906189,0.9673486948013306,0.9720587730407715,0.9596314430236816,0.9689919948577881,0.9554094672203064,0.9680179953575134,0.9548512101173401,0.9659233093261719,0.9495470523834229,0.963229775428772,0.9472708702087402,0.9600632786750793,0.9474488496780396,0.9586910605430603,0.9354648590087891,0.9550220370292664,0.9329210519790649,0.9524860978126526,0.9222592115402222,0.9503790736198425,0.929624080657959,0.9481640458106995,0.9238035678863525,0.9431608319282532,0.9150523543357849,0.9416514039039612,0.9085961580276489,0.9366899132728577,0.9023464322090149,0.9351038336753845,0.8980370163917542,0.9302394986152649,0.8971788287162781,0.9275007843971252,0.8849095106124878,0.9251160025596619,0.877553403377533,0.9189741611480713,0.8733223080635071,0.9172348976135254,0.8595401048660278,0.9144166111946106,0.8593988418579102,0.9075865745544434,0.853985071182251,0.904365062713623,0.8470166325569153,0.9015479683876038,0.8471158742904663,0.8962692618370056,0.8387393355369568,0.8907528519630432,0.8362210392951965,0.8869580030441284,0.826068103313446,0.8825784921646118
cnn_wst pious-wildflower-89,cnn_wst,93,0,0.10000000149011612,4.4951013933314243e-07,1.0000039339065552,0.999857485294342,0.9992033243179321,0.999703586101532,0.9985000491142273,0.9993236660957336,0.9975545406341553,0.9987580180168152,0.9963082671165466,0.9979447722434998,0.9941563010215759,0.9972172975540161,0.9927946329116821,0.9961944222450256,0.9900447130203247,0.9955626130104065,0.9877774119377136,0.9939608573913574,0.9849520325660706,0.9924163818359375,0.9805983901023865,0.9907622933387756,0.9773523807525635,0.9894623160362244,0.9733331799507141,0.9867690801620483,0.9690388441085815,0.9849602580070496,0.963509202003479,0.9830794930458069,0.9576483368873596,0.9793863892555237,0.9507232308387756,0.9784054160118103,0.9436572194099426,0.9755610823631287,0.9361802935600281,0.9727672934532166,0.9283666610717773,0.9689357876777649,0.9183136224746704,0.9672157168388367,0.9096697568893433,0.9619819521903992,0.8998241424560547,0.9591737389564514,0.8899349570274353,0.9554463028907776,0.8780695199966431,0.9503925442695618,0.8651935458183289,0.9463238716125488,0.8525639772415161,0.9429743885993958,0.8436596393585205,0.9379939436912537,0.825035572052002,0.9343076348304749,0.8125954270362854,0.9265264272689819,0.8022437691688538,0.9224909543991089,0.7832698225975037,0.9172855019569397,0.7650633454322815,0.910655677318573,0.7505391836166382,0.9041146039962769,0.7278524041175842,0.8965904712677002,0.7184618711471558,0.8900197744369507,0.6966956853866577,0.8831282258033752,0.6791073083877563,0.876549243927002,0.6607821583747864,0.865993857383728,0.6427571177482605,0.8595511317253113,0.6280927062034607,0.8491620421409607,0.603484570980072,0.8394429087638855,0.5888866782188416,0.8335519433021545,0.5684406161308289,0.8202102780342102,0.5491542220115662,0.8102384805679321,0.5316237211227417,0.7959634065628052,0.5144056081771851,0.786406934261322,0.4954283833503723,0.7687239646911621,0.4785335063934326,0.7577800154685974,0.4539850950241089,0.7396693229675293,0.4408332109451294,0.7256680727005005,0.42250576615333557,0.7123080492019653,0.4037204086780548,0.699148952960968,0.3891693949699402,0.672863781452179,0.3702230453491211,0.6560187339782715,0.3554728925228119,0.6362374424934387,0.3400055170059204,0.619420051574707,0.3242195248603821,0.5991783142089844,0.3060131072998047,0.5872320532798767,0.29328420758247375,0.5554170608520508,0.2822211682796478,0.5383217930793762,0.26681700348854065,0.514266312122345,0.2549366354942322,0.5007032155990601
cnn_wst pious-wildflower-89,cnn_wst,93,12,0.3204081654548645,2.490108499841881e-06,1.0030452013015747,0.9999712705612183,1.0044466257095337,0.9999333620071411,1.0030579566955566,0.9998179078102112,1.0017324686050415,0.9997043013572693,1.0017945766448975,0.9995264410972595,1.0034700632095337,0.9993740320205688,1.000395655632019,0.9991477131843567,0.9987015724182129,0.9990152716636658,1.0013785362243652,0.9987438321113586,0.9998658299446106,0.9984715580940247,0.9991892576217651,0.998167872428894,1.0002713203430176,0.9979178309440613,0.998676598072052,0.9975496530532837,1.0018423795700073,0.9972658753395081,1.00248384475708,0.9969412684440613,1.0025330781936646,0.9963369965553284,1.004106044769287,0.9962179064750671,1.0048452615737915,0.9958007335662842,1.0055787563323975,0.995560348033905,1.008524775505066,0.9946911334991455,1.0124924182891846,0.994580090045929,1.0145697593688965,0.9938575625419617,1.0186864137649536,0.9932261109352112,1.020960807800293,0.9925937056541443,1.0286630392074585,0.9914339780807495,1.0353609323501587,0.990695595741272,1.0356937646865845,0.9898640513420105,1.0380516052246094,0.9885606169700623,1.042644739151001,0.9873676300048828,1.0439107418060303,0.985503613948822,1.0435281991958618,0.9839051961898804,1.0443611145019531,0.98252272605896,1.044079303741455,0.9799968600273132,1.046592116355896,0.9776932597160339,1.038687825202942,0.9753103256225586,1.0297940969467163,0.9723358750343323,1.0281850099563599,0.9703867435455322,1.0228828191757202,0.9659832119941711,1.0159722566604614,0.9613373279571533,1.0064791440963745,0.9581634402275085,1.0009740591049194,0.9539971947669983,0.9831080436706543,0.9500524401664734,0.9676530361175537,0.9448996186256409,0.951216459274292,0.9388856887817383,0.9404754042625427,0.9340659976005554,0.9229081869125366,0.9259772300720215,0.9146661162376404,0.9219266176223755,0.8984059691429138,0.9160470962524414,0.8741608262062073,0.9091463685035706,0.8622560501098633,0.8997021913528442,0.8445785045623779,0.8938790559768677,0.8198298215866089,0.8850184679031372,0.8135223984718323,0.8759496808052063,0.7980802059173584,0.8687080144882202,0.7766286134719849,0.8588646054267883,0.7667015790939331,0.8507744073867798,0.7481113076210022,0.8435171246528625,0.7296909093856812,0.8312458992004395,0.7219107151031494,0.8274158239364624,0.6993910670280457,0.8154051303863525,0.6895084977149963,0.8084893822669983,0.6741963028907776,0.7988585829734802,0.6696205139160156,0.792833149433136
cnn_wst pious-wildflower-89,cnn_wst,93,24,0.5408163070678711,5.323604909790447e-06,1.0039507150650024,0.9999880790710449,1.0048478841781616,0.9999800324440002,1.0054426193237305,0.9999411106109619,1.0029070377349854,0.9999126195907593,1.0021940469741821,0.9998712539672852,1.0043753385543823,0.9998346567153931,1.0019762516021729,0.9997595548629761,0.9993302822113037,0.9997100234031677,1.0035139322280884,0.9996013045310974,1.001408338546753,0.9995185732841492,0.9999082684516907,0.9994096755981445,0.9991940855979919,0.9992856979370117,0.9986301064491272,0.9990805983543396,1.0017739534378052,0.9989187717437744,0.9993856549263,0.9988024830818176,1.0025578737258911,0.998539388179779,1.0053892135620117,0.998268723487854,1.0046041011810303,0.9979848265647888,1.0038092136383057,0.9976362586021423,1.008256435394287,0.9972645044326782,1.0095638036727905,0.9969127178192139,1.0169786214828491,0.9964064955711365,1.0138695240020752,0.9961599707603455,1.020537257194519,0.9953188896179199,1.024014949798584,0.9947386980056763,1.0294380187988281,0.9941582679748535,1.0348155498504639,0.9933090806007385,1.0350701808929443,0.9925041794776917,1.040006399154663,0.9913161396980286,1.0446128845214844,0.9906583428382874,1.041064739227295,0.9894224405288696,1.0424489974975586,0.9887634515762329,1.0461852550506592,0.9866315126419067,1.0517981052398682,0.9854357242584229,1.0553123950958252,0.9843756556510925,1.0556330680847168,0.9827982783317566,1.0555908679962158,0.9804535508155823,1.0563039779663086,0.9789971113204956,1.0552358627319336,0.9769158363342285,1.055106282234192,0.9751336574554443,1.058638095855713,0.9726735949516296,1.0535763502120972,0.9705297946929932,1.0480751991271973,0.9688883423805237,1.0473510026931763,0.9661966562271118,1.0440824031829834,0.9633561372756958,1.039415955543518,0.9604058265686035,1.0371850728988647,0.9574209451675415,1.0293267965316772,0.954495906829834,1.0259031057357788,0.9515371322631836,1.016486406326294,0.9489688277244568,1.0127484798431396,0.9452873468399048,1.0126820802688599,0.9429963827133179,1.0013971328735352,0.9398157000541687,0.9960006475448608,0.9361010193824768,0.9869549870491028,0.9312211275100708,0.9831528663635254,0.9297351241111755,0.9788883924484253,0.9246936440467834,0.9667060971260071,0.9220675826072693,0.9643595218658447,0.9173765182495117,0.9549881219863892,0.9131231307983398,0.9524656534194946,0.9116989374160767,0.9407684206962585,0.9085158705711365,0.9379158020019531,0.9045274257659912
cnn_wst pious-wildflower-89,cnn_wst,93,37,0.7795918583869934,8.873568731360137e-06,1.003855586051941,0.9999917149543762,1.0037331581115723,0.9999907612800598,1.0054140090942383,0.9999732375144958,1.001924991607666,0.9999479651451111,1.0009124279022217,0.9999287128448486,1.002516508102417,0.9998856782913208,1.0003681182861328,0.9998158812522888,0.9963541626930237,0.9997572302818298,1.0008336305618286,0.9996225237846375,0.9995558261871338,0.9995219707489014,0.9948745369911194,0.9993603229522705,0.9922367334365845,0.9991877675056458,0.9915612936019897,0.9989299178123474,0.9924513101577759,0.9987393021583557,0.987853467464447,0.9983657598495483,0.9919348359107971,0.9981157779693604,0.99391770362854,0.997604489326477,0.9910685420036316,0.9972042441368103,0.9857707023620605,0.9966879487037659,0.9875668883323669,0.9960666298866272,0.9878947138786316,0.9954235553741455,0.9922990798950195,0.994851291179657,0.9884843230247498,0.9942262768745422,0.9935604929924011,0.9931738376617432,0.9908403158187866,0.9926007986068726,0.9896065592765808,0.9917040467262268,0.9983154535293579,0.9906435012817383,0.9904929399490356,0.9897539019584656,0.999877393245697,0.9879927635192871,0.9917572736740112,0.9867563247680664,0.9900625944137573,0.9859344363212585,0.993462324142456,0.9849147796630859,0.9863227605819702,0.9832016229629517,0.9883037209510803,0.9816321134567261,0.989585816860199,0.9801238179206848,0.9864245057106018,0.9791220426559448,0.9791651368141174,0.9768667221069336,0.9856936931610107,0.9743143320083618,0.9889191389083862,0.9724361300468445,0.9817436337471008,0.9708276987075806,0.9815561175346375,0.9683992266654968,0.9838943481445312,0.9659925699234009,0.9702842831611633,0.9646393656730652,0.9758750200271606,0.9628195762634277,0.9725526571273804,0.9599841237068176,0.9588159322738647,0.9563828110694885,0.958096444606781,0.953881561756134,0.9548253417015076,0.9517784714698792,0.9505975842475891,0.9476532936096191,0.9466109871864319,0.946629524230957,0.9406534433364868,0.9423418045043945,0.9344463348388672,0.9382776618003845,0.9299831390380859,0.9361639618873596,0.9274539351463318,0.9337894320487976,0.9158137440681458,0.9293752908706665,0.9172959923744202,0.9283196926116943,0.9082101583480835,0.9225687980651855,0.9037521481513977,0.9202896356582642,0.903404712677002,0.9159122109413147,0.8915174007415771,0.9127944707870483,0.8917207717895508,0.9093935489654541,0.8869311213493347,0.9051518440246582,0.8846417665481567,0.9016523361206055
cnn_wst pious-wildflower-89,cnn_wst,93,49,1.0,1.2013026207569055e-05,1.0036181211471558,0.9999924302101135,1.0027188062667847,0.999990701675415,1.0050156116485596,0.9999747276306152,1.0010573863983154,0.9999325275421143,0.9997881054878235,0.9998996257781982,1.0012116432189941,0.9998229742050171,0.9987144470214844,0.9997191429138184,0.9940015077590942,0.9996189475059509,0.9989874958992004,0.9994254112243652,0.9980953931808472,0.9992748498916626,0.9925708174705505,0.9990225434303284,0.9881769418716431,0.9987736344337463,0.9866570830345154,0.9984176158905029,0.9863447546958923,0.9982098340988159,0.9821802377700806,0.997510552406311,0.9851803779602051,0.9973171353340149,0.985900342464447,0.9965398907661438,0.9813981056213379,0.996012270450592,0.9766684770584106,0.9954271912574768,0.9756471514701843,0.9946001768112183,0.9775117635726929,0.9937959909439087,0.9784352779388428,0.993143618106842,0.9735425114631653,0.9920027852058411,0.9776434898376465,0.9907675385475159,0.9761061668395996,0.9900990128517151,0.9709799289703369,0.9889974594116211,0.979483425617218,0.9877349734306335,0.9696453809738159,0.9865372180938721,0.9777048230171204,0.9848145246505737,0.9688313007354736,0.983167290687561,0.9682856798171997,0.9818447828292847,0.9644381403923035,0.979874849319458,0.9644039273262024,0.9789195656776428,0.9607962965965271,0.9769576787948608,0.961217999458313,0.9753345847129822,0.9557826519012451,0.9738206267356873,0.945418655872345,0.9715445637702942,0.9492806792259216,0.9692798256874084,0.9491978287696838,0.9665474891662598,0.9420083165168762,0.9643421769142151,0.9367684125900269,0.9610904455184937,0.9321768283843994,0.9587079882621765,0.9266389608383179,0.9570026993751526,0.9284970164299011,0.9537602066993713,0.9236244559288025,0.9520987272262573,0.913723886013031,0.9488310217857361,0.9149543046951294,0.9454885721206665,0.9078199863433838,0.9428507685661316,0.9022391438484192,0.9393556714057922,0.8953137993812561,0.9361482262611389,0.8927581906318665,0.9321104288101196,0.8818432688713074,0.9290820360183716,0.8759025931358337,0.9243845343589783,0.8751003742218018,0.9221059679985046,0.8685098886489868,0.9173856973648071,0.8568950295448303,0.9142823815345764,0.8603999614715576,0.9090567231178284,0.8525091409683228,0.9054758548736572,0.8463183641433716,0.9010230898857117,0.8390541672706604,0.896256685256958,0.8383258581161499,0.8923186659812927,0.8324294090270996,0.8881192803382874,0.825661838054657,0.8846861124038696
cnn_wst pious-wildflower-89,cnn_wst,94,0,0.10000000149011612,4.482032522901136e-07,0.999951183795929,0.9998353719711304,0.9992417097091675,0.9995858073234558,0.9984835386276245,0.9993693232536316,0.9979349374771118,0.9986328482627869,0.9962803721427917,0.9982311129570007,0.9947157502174377,0.9970707893371582,0.992728054523468,0.9963647723197937,0.9901239275932312,0.9952670335769653,0.9873440861701965,0.994242250919342,0.9851269721984863,0.992717981338501,0.9809610247612,0.9907028079032898,0.9773746132850647,0.989520788192749,0.9716211557388306,0.9869667887687683,0.9675462245941162,0.9851760864257812,0.963464081287384,0.9835339188575745,0.9585192799568176,0.9799726009368896,0.9513310790061951,0.9783836603164673,0.9427651762962341,0.9750639796257019,0.9374649524688721,0.9718289971351624,0.9278983473777771,0.9689132571220398,0.9217807650566101,0.9658103585243225,0.9113234877586365,0.9622223377227783,0.8989601135253906,0.9592456221580505,0.8899685740470886,0.956385612487793,0.8792321085929871,0.95157390832901,0.8684934973716736,0.9477342963218689,0.8547478914260864,0.9446413516998291,0.8407453894615173,0.9375500082969666,0.8304153084754944,0.9332587122917175,0.8156952261924744,0.9273582100868225,0.800628125667572,0.9239717125892639,0.782868504524231,0.9177417159080505,0.7704301476478577,0.9118605852127075,0.7506921291351318,0.9041204452514648,0.7357254028320312,0.897208571434021,0.7226219773292542,0.8907169699668884,0.7027261257171631,0.8850376009941101,0.681353747844696,0.8732758164405823,0.6678382158279419,0.8680817484855652,0.6445873975753784,0.8600406646728516,0.6319541335105896,0.8495129346847534,0.611945390701294,0.8428028225898743,0.5920310020446777,0.8319182395935059,0.5701910257339478,0.8200549483299255,0.5531226992607117,0.8089132905006409,0.5339739322662354,0.7939878106117249,0.5221954584121704,0.7858186364173889,0.504269540309906,0.7700895071029663,0.4813455045223236,0.7621995210647583,0.46361789107322693,0.7418277859687805,0.43793076276779175,0.7243127226829529,0.4273909628391266,0.709992527961731,0.4081500172615051,0.6956990361213684,0.39665159583091736,0.6698709726333618,0.3764704167842865,0.6573894619941711,0.35861149430274963,0.6375206112861633,0.3431275188922882,0.6197401881217957,0.3290725648403168,0.6004562377929688,0.31142401695251465,0.5770279765129089,0.29471495747566223,0.5553008317947388,0.2890971899032593,0.5395498275756836,0.2739720642566681,0.5219066143035889,0.2632289528846741,0.4985812306404114
cnn_wst pious-wildflower-89,cnn_wst,94,12,0.3204081654548645,2.4213957203755854e-06,1.004876732826233,0.9999732971191406,1.0035130977630615,0.9999064207077026,1.0060045719146729,0.9998723268508911,1.003829002380371,0.9997289776802063,1.0026026964187622,0.9996836185455322,1.0014296770095825,0.9994732737541199,1.0019737482070923,0.9993419647216797,1.0021042823791504,0.9990967512130737,1.003629207611084,0.9990382790565491,1.0038402080535889,0.9987776279449463,1.001566767692566,0.9985654950141907,1.003610610961914,0.9983259439468384,1.0016682147979736,0.9981358051300049,1.0045416355133057,0.9978923797607422,1.0099891424179077,0.997694730758667,1.007972240447998,0.9973822236061096,1.0093473196029663,0.9972130060195923,1.010151982307434,0.9967190027236938,1.015394687652588,0.9964426755905151,1.0188847780227661,0.9960440993309021,1.0253684520721436,0.9956600069999695,1.0286157131195068,0.9949791431427002,1.0392117500305176,0.9945443868637085,1.0451080799102783,0.994053840637207,1.0474352836608887,0.9931207299232483,1.0596134662628174,0.9923318028450012,1.064680576324463,0.9912922382354736,1.0701087713241577,0.99016934633255,1.076943278312683,0.9887743592262268,1.0794597864151,0.9873690605163574,1.0880235433578491,0.986345648765564,1.089925765991211,0.9839705228805542,1.0976014137268066,0.9820621013641357,1.0954174995422363,0.9797468781471252,1.090885043144226,0.9778446555137634,1.0937927961349487,0.9749707579612732,1.0906933546066284,0.9721819162368774,1.0837810039520264,0.969153106212616,1.0712096691131592,0.9653213024139404,1.06611967086792,0.9612910151481628,1.065040111541748,0.957719624042511,1.0501389503479004,0.9517320394515991,1.0389978885650635,0.9485891461372375,1.0266884565353394,0.942079484462738,1.0145994424819946,0.9376040697097778,0.9929760694503784,0.9317032098770142,0.9800467491149902,0.9256914854049683,0.9715456366539001,0.9188251495361328,0.9456427693367004,0.9129214882850647,0.9258525967597961,0.90398108959198,0.9078571796417236,0.8970279693603516,0.8893958926200867,0.8903843760490417,0.8721014261245728,0.8818361163139343,0.8628959655761719,0.8749704360961914,0.8443190455436707,0.8663068413734436,0.826238214969635,0.859630286693573,0.8038249611854553,0.8488626480102539,0.7943623065948486,0.8399940729141235,0.7767878770828247,0.8317357301712036,0.7692103981971741,0.8247924447059631,0.7520501613616943,0.8158167600631714,0.741428554058075,0.8069936037063599,0.7285439372062683,0.8041650652885437
cnn_wst pious-wildflower-89,cnn_wst,94,24,0.5408163070678711,5.264478204480838e-06,1.0063518285751343,0.9999927878379822,1.0043469667434692,0.999977171421051,1.0067682266235352,0.9999650716781616,1.004349946975708,0.9999439716339111,1.0035806894302368,0.9999101758003235,1.002601981163025,0.9998828768730164,1.0034481287002563,0.9998167157173157,1.0028302669525146,0.9996822476387024,1.0054941177368164,0.9996436834335327,1.0031003952026367,0.9994999766349792,1.0033056735992432,0.999322772026062,1.0035349130630493,0.9991943836212158,1.00131356716156,0.9990605711936951,1.00527024269104,0.9988307356834412,1.0067065954208374,0.9984893798828125,1.0035344362258911,0.9983670115470886,1.0057538747787476,0.9979382753372192,1.0102425813674927,0.9975014925003052,1.0133484601974487,0.9972386956214905,1.0160191059112549,0.9966315627098083,1.0173203945159912,0.9959657788276672,1.0200369358062744,0.9952251315116882,1.0282042026519775,0.9945506453514099,1.0323477983474731,0.9938727021217346,1.0396043062210083,0.9931143522262573,1.0394155979156494,0.9922926425933838,1.0473471879959106,0.9913618564605713,1.0601916313171387,0.9900546669960022,1.0589113235473633,0.9890279769897461,1.064911127090454,0.9875388145446777,1.0694005489349365,0.9864623546600342,1.0774973630905151,0.9851603507995605,1.08379328250885,0.9834288954734802,1.0829087495803833,0.9821746349334717,1.084506869316101,0.98027503490448,1.0882229804992676,0.9785609245300293,1.0878156423568726,0.9758263230323792,1.0882004499435425,0.9746657013893127,1.0928349494934082,0.9725933074951172,1.086930513381958,0.9694406986236572,1.0905795097351074,0.9680305123329163,1.0995723009109497,0.9649842977523804,1.08305025100708,0.9630829095840454,1.0911023616790771,0.9598147869110107,1.078555941581726,0.9575870633125305,1.0846203565597534,0.9543247222900391,1.0769720077514648,0.9514596462249756,1.0736154317855835,0.9479047060012817,1.0671436786651611,0.9453469514846802,1.0654122829437256,0.9421322345733643,1.05660879611969,0.9386880993843079,1.0521734952926636,0.9359803795814514,1.040447473526001,0.9329990744590759,1.0330623388290405,0.928511917591095,1.0344816446304321,0.9249303340911865,1.0241832733154297,0.9207176566123962,1.0192410945892334,0.9179726839065552,1.006887674331665,0.9140278697013855,1.0017945766448975,0.9107201099395752,0.9944234490394592,0.9075615406036377,0.9930518865585327,0.9042007327079773,0.985025942325592,0.9013693332672119,0.9753220677375793,0.8991976380348206
cnn_wst pious-wildflower-89,cnn_wst,94,37,0.7795918583869934,8.871438694768585e-06,1.006618857383728,0.9999949932098389,1.004037857055664,0.9999846816062927,1.0051685571670532,0.9999639391899109,1.0027095079421997,0.9999363422393799,1.0022752285003662,0.9998638033866882,1.0009229183197021,0.9998036623001099,1.0017116069793701,0.9996839761734009,1.0002309083938599,0.9995125532150269,1.0029246807098389,0.9993640184402466,0.9971439838409424,0.999081552028656,1.000628113746643,0.9987673759460449,0.9984042048454285,0.9985609650611877,0.9926102757453918,0.9982191324234009,0.9971075654029846,0.9978397488594055,0.99739009141922,0.9972307682037354,0.9892345070838928,0.9967116713523865,0.9911170601844788,0.9960309267044067,0.9956913590431213,0.9953176379203796,0.9929113984107971,0.994975745677948,0.9929883480072021,0.9938782453536987,0.9940891861915588,0.9929037690162659,0.9944267868995667,0.9917502403259277,0.9971795678138733,0.9909355044364929,0.9945546984672546,0.9896425604820251,1.0051583051681519,0.9885992407798767,0.9971587657928467,0.9876605272293091,0.9998166561126709,0.9862627387046814,1.009021282196045,0.9847953915596008,1.0064948797225952,0.9834259152412415,1.0022684335708618,0.9815942049026489,1.0070700645446777,0.979694664478302,1.0121558904647827,0.9785259366035461,1.0106152296066284,0.9762037396430969,1.0127428770065308,0.9749316573143005,1.0098429918289185,0.9725213646888733,1.0119361877441406,0.9704104661941528,1.010912299156189,0.9678135514259338,1.005130410194397,0.9661704897880554,1.0068947076797485,0.9630972146987915,1.002555251121521,0.9595108032226562,1.0000028610229492,0.9586231708526611,1.0040241479873657,0.9552093744277954,0.9928147196769714,0.9522033929824829,0.9918041825294495,0.9490380883216858,0.9855664968490601,0.9463590979576111,0.9804259538650513,0.9442443251609802,0.9712347388267517,0.9409040212631226,0.9709837436676025,0.9369028210639954,0.9714804887771606,0.9337379336357117,0.960874080657959,0.9308949112892151,0.9556496739387512,0.9275957345962524,0.9510942101478577,0.9245328307151794,0.9378787875175476,0.921293318271637,0.933289110660553,0.9176891446113586,0.9359128475189209,0.9120250940322876,0.9298585057258606,0.9091420769691467,0.922878623008728,0.9057343602180481,0.9285102486610413,0.9022130966186523,0.9211079478263855,0.899962306022644,0.9071172475814819,0.8934284448623657,0.8999547958374023,0.8910310864448547,0.8898522257804871,0.8868544101715088,0.8922299742698669,0.8834463953971863
cnn_wst pious-wildflower-89,cnn_wst,94,49,1.0,1.207181230711285e-05,1.0064932107925415,0.9999943375587463,1.0033916234970093,0.9999765753746033,1.003557562828064,0.9999457597732544,1.0013136863708496,0.9998831748962402,1.0011259317398071,0.9997792840003967,0.9998168349266052,0.999644935131073,1.0006862878799438,0.9994529485702515,0.9986896514892578,0.9992345571517944,1.0010074377059937,0.9989800453186035,0.9935747385025024,0.9985384345054626,0.9985175132751465,0.9981186985969543,0.995471179485321,0.997790515422821,0.9880374073982239,0.9972730278968811,0.9917019605636597,0.996759295463562,0.9933304190635681,0.9959613084793091,0.9832727909088135,0.9949946403503418,0.9858675599098206,0.9942126274108887,0.9876812100410461,0.99331134557724,0.9845445156097412,0.9927627444267273,0.9834601879119873,0.9912041425704956,0.9817488193511963,0.9900590777397156,0.9835065007209778,0.9886852502822876,0.9854294657707214,0.9876845479011536,0.9796594977378845,0.9858880639076233,0.9872975945472717,0.984704852104187,0.9807888865470886,0.9833288192749023,0.9831825494766235,0.9816656112670898,0.9846332669258118,0.9797248244285583,0.9819796681404114,0.9785482883453369,0.9801698923110962,0.9769374132156372,0.9845091104507446,0.9743962287902832,0.9825927019119263,0.9720578789710999,0.9800817966461182,0.9702837467193604,0.9798235297203064,0.9689568877220154,0.9775338768959045,0.9663354158401489,0.9774125814437866,0.9640529155731201,0.9723891615867615,0.961294412612915,0.9717689752578735,0.9584981799125671,0.9732697010040283,0.9564020037651062,0.9723476767539978,0.9527909159660339,0.9696424603462219,0.9500946998596191,0.9607382416725159,0.9476546049118042,0.9629382491111755,0.9437394142150879,0.9597764611244202,0.9403365254402161,0.9527978897094727,0.9371071457862854,0.9483280181884766,0.9342874884605408,0.9397045969963074,0.9316393136978149,0.9371157884597778,0.9269121885299683,0.9373591542243958,0.9240784645080566,0.9246821403503418,0.9201229214668274,0.9132485389709473,0.9161383509635925,0.9131565690040588,0.9126423001289368,0.9092597961425781,0.908715546131134,0.8944268822669983,0.9043586850166321,0.8865258097648621,0.8991608619689941,0.8786651492118835,0.8953311443328857,0.8773087859153748,0.8891400098800659,0.8733446598052979,0.8868967890739441,0.8761534690856934,0.8823538422584534,0.864883303642273,0.8760982155799866,0.8533200621604919,0.8728142380714417,0.8508075475692749,0.8652237057685852,0.8469026684761047,0.8619801998138428
cnn_wst azure-salad-88,cnn_wst,90,0,0.10000000149011612,4.493977598940546e-07,0.9996252059936523,0.9998854398727417,0.999061644077301,0.9997053742408752,0.998651385307312,0.9992576837539673,0.9980440139770508,0.9987935423851013,0.9962621927261353,0.9981731176376343,0.9942705035209656,0.9970654845237732,0.992986261844635,0.996275782585144,0.9911174178123474,0.9951557517051697,0.9883245229721069,0.9938918948173523,0.9844135046005249,0.9919800758361816,0.9814527034759521,0.9905532598495483,0.9770864248275757,0.9892792701721191,0.9739033579826355,0.9870652556419373,0.9668518900871277,0.9851990938186646,0.963334858417511,0.9820922613143921,0.9581323862075806,0.9804793000221252,0.9516063928604126,0.9778316617012024,0.941673994064331,0.9756520390510559,0.9343876242637634,0.97360759973526,0.9278371930122375,0.9696332812309265,0.9203411340713501,0.9658876061439514,0.9090501070022583,0.9626156091690063,0.9001147150993347,0.9581450819969177,0.8903125524520874,0.9555717706680298,0.8770977258682251,0.9515634775161743,0.8680765628814697,0.9489682912826538,0.853855550289154,0.9426080584526062,0.84395831823349,0.9375448226928711,0.8280657529830933,0.932536244392395,0.8141371607780457,0.928616464138031,0.798741340637207,0.9233187437057495,0.7830939888954163,0.9168720245361328,0.7675599455833435,0.9117828011512756,0.7530730366706848,0.9031562805175781,0.7329158186912537,0.8972430229187012,0.7173650860786438,0.8895067572593689,0.7000718116760254,0.8818010091781616,0.6817114949226379,0.8761680126190186,0.6674870848655701,0.8690668940544128,0.6459514498710632,0.8621166944503784,0.6276236772537231,0.8506791591644287,0.6103756427764893,0.8406912684440613,0.5932692885398865,0.829866886138916,0.5677492618560791,0.8194352984428406,0.5569749474525452,0.8076531291007996,0.5368784666061401,0.7975841760635376,0.5120566487312317,0.7872152924537659,0.49342066049575806,0.7697175145149231,0.483130544424057,0.755896270275116,0.45932337641716003,0.739043116569519,0.44051650166511536,0.7262340188026428,0.4272240698337555,0.7128146886825562,0.4059988260269165,0.6902651786804199,0.3930593729019165,0.6735783815383911,0.3729793131351471,0.6577245593070984,0.3564892113208771,0.6389322876930237,0.34355083107948303,0.6142914891242981,0.32658708095550537,0.5993034839630127,0.3106798827648163,0.5780573487281799,0.2986017167568207,0.5565335750579834,0.28189852833747864,0.5291661024093628,0.27347755432128906,0.5134269595146179,0.2618313431739807,0.4955257773399353
cnn_wst azure-salad-88,cnn_wst,90,12,0.3204081654548645,2.8903220936626894e-06,1.0028488636016846,0.9999576807022095,1.0061843395233154,0.9998546242713928,1.006451964378357,0.9996982216835022,1.0061678886413574,0.9994974136352539,1.0058315992355347,0.9992703795433044,1.0051586627960205,0.9988633394241333,1.0051709413528442,0.9986224174499512,1.0037643909454346,0.9982327222824097,1.0058414936065674,0.9979105591773987,1.0041260719299316,0.9973020553588867,1.0051227807998657,0.9969422817230225,1.0013874769210815,0.9965869784355164,1.0093886852264404,0.9960978031158447,1.0053967237472534,0.9957548975944519,1.0119928121566772,0.9950840473175049,1.0165870189666748,0.9949113726615906,1.0168187618255615,0.994245171546936,1.0151244401931763,0.9938821196556091,1.0231773853302002,0.9932063817977905,1.0248578786849976,0.9927998185157776,1.0289306640625,0.9916787147521973,1.032256007194519,0.9907329678535461,1.0330349206924438,0.990351676940918,1.0364044904708862,0.9888021349906921,1.037446141242981,0.9884549975395203,1.035367488861084,0.9871734976768494,1.0379384756088257,0.9852664470672607,1.0336573123931885,0.9842192530632019,1.0324132442474365,0.981722354888916,1.0255076885223389,0.9797459840774536,1.0226187705993652,0.9773399829864502,1.0120303630828857,0.974894106388092,1.01318359375,0.9728044271469116,0.9966570138931274,0.9685255289077759,0.983969509601593,0.9657627940177917,0.9781244397163391,0.9611384272575378,0.9613233208656311,0.9572659134864807,0.9562070965766907,0.9547950029373169,0.942620038986206,0.950139045715332,0.9231975674629211,0.9440409541130066,0.9041549563407898,0.9382720589637756,0.8911269307136536,0.9330605268478394,0.8778535723686218,0.9255684614181519,0.8575977087020874,0.9213916063308716,0.8448863625526428,0.9142442345619202,0.8244755268096924,0.9081103801727295,0.8075686097145081,0.8996138572692871,0.7869051694869995,0.8920801877975464,0.7774600386619568,0.8837064504623413,0.7575381398200989,0.8775529265403748,0.736300528049469,0.8679215312004089,0.7258397340774536,0.8594088554382324,0.7086276412010193,0.8512375354766846,0.6948364973068237,0.8413248658180237,0.6783130168914795,0.8340048789978027,0.6593729257583618,0.8246729969978333,0.6472323536872864,0.8151630163192749,0.6313824653625488,0.8066928386688232,0.6150820255279541,0.7928593754768372,0.6074981093406677,0.7874252200126648,0.5948500037193298,0.779801607131958,0.5824218988418579,0.7721258401870728,0.5740823745727539,0.7587096691131592
cnn_wst azure-salad-88,cnn_wst,90,24,0.5408163070678711,6.176084298203932e-06,1.0018339157104492,0.999981701374054,1.0071260929107666,0.999921977519989,1.007325530052185,0.9998918175697327,1.0071444511413574,0.9998151659965515,1.0084693431854248,0.9997550845146179,1.008878231048584,0.9996346831321716,1.0088061094284058,0.9995467066764832,1.0084494352340698,0.9994081258773804,1.0119082927703857,0.9993507862091064,1.0119258165359497,0.9991076588630676,1.0124822854995728,0.999052882194519,1.0087528228759766,0.9988743662834167,1.0207102298736572,0.998695433139801,1.0179344415664673,0.9985131621360779,1.0245219469070435,0.9983053803443909,1.0300501585006714,0.9981893301010132,1.0304585695266724,0.9978918433189392,1.0323339700698853,0.9975126385688782,1.0456817150115967,0.997150719165802,1.0438356399536133,0.996895432472229,1.0545591115951538,0.9961108565330505,1.0584896802902222,0.9958112835884094,1.0652109384536743,0.995369553565979,1.0680303573608398,0.9946000576019287,1.0733277797698975,0.9940527081489563,1.0782042741775513,0.9932152032852173,1.0850698947906494,0.9921290874481201,1.0812987089157104,0.9916554093360901,1.0877829790115356,0.9901783466339111,1.0845062732696533,0.9891870021820068,1.0930038690567017,0.987808108329773,1.0865960121154785,0.986331045627594,1.0912480354309082,0.984723687171936,1.0921791791915894,0.9834949374198914,1.0882660150527954,0.9813390970230103,1.0863569974899292,0.9791761636734009,1.0810546875,0.9765719175338745,1.0847636461257935,0.975088357925415,1.0793302059173584,0.9731528162956238,1.076322078704834,0.970209538936615,1.0641096830368042,0.9672014713287354,1.063153624534607,0.9652813673019409,1.0541936159133911,0.9625656604766846,1.050653100013733,0.959130585193634,1.04835844039917,0.957048773765564,1.0406529903411865,0.9539718627929688,1.0294408798217773,0.9499045610427856,1.0159027576446533,0.9468512535095215,1.0206674337387085,0.9430835843086243,1.0009585618972778,0.9402061700820923,0.9942356944084167,0.9376791715621948,0.9893455505371094,0.9337007999420166,0.9887415170669556,0.9287885427474976,0.9860942363739014,0.9265126585960388,0.9717739820480347,0.9217560887336731,0.9608924984931946,0.918804943561554,0.943618893623352,0.9131084680557251,0.9338825941085815,0.9092461466789246,0.9277557134628296,0.906268298625946,0.9217705130577087,0.9014431834220886,0.9157720804214478,0.9000986218452454,0.9071635007858276,0.895648181438446,0.9017089009284973,0.8923835158348083
cnn_wst azure-salad-88,cnn_wst,90,37,0.7795918583869934,1.0237226888420992e-05,1.000803828239441,0.9999858140945435,1.0067952871322632,0.9999445080757141,1.006953239440918,0.9999480247497559,1.006305456161499,0.9999094009399414,1.0081725120544434,0.9998725652694702,1.009019136428833,0.9998087882995605,1.007741093635559,0.999740719795227,1.0076637268066406,0.9996403455734253,1.0099363327026367,0.9995303750038147,1.0091742277145386,0.9993403553962708,1.0074541568756104,0.9991819858551025,1.002907156944275,0.9989690780639648,1.014768362045288,0.9987167119979858,1.0115983486175537,0.9983884692192078,1.0159361362457275,0.9980366826057434,1.0151461362838745,0.9977874755859375,1.015272617340088,0.9972691535949707,1.0164588689804077,0.9966514110565186,1.0241235494613647,0.9960616827011108,1.0214316844940186,0.995513379573822,1.0275743007659912,0.9942811131477356,1.0253758430480957,0.9937127232551575,1.0311952829360962,0.9929968118667603,1.0343900918960571,0.9919642210006714,1.037211537361145,0.9905630350112915,1.037891149520874,0.9897403717041016,1.0413548946380615,0.9885960817337036,1.033144235610962,0.9871534705162048,1.0376089811325073,0.985760509967804,1.0330287218093872,0.9845600724220276,1.0373249053955078,0.983415424823761,1.029198408126831,0.9812598824501038,1.0294557809829712,0.9793640375137329,1.0365403890609741,0.9782721996307373,1.0305949449539185,0.9764347076416016,1.0263676643371582,0.9741808176040649,1.0199557542800903,0.9718636274337769,1.0167795419692993,0.9700157046318054,1.0152547359466553,0.9678292870521545,1.006337285041809,0.9649832248687744,1.0068674087524414,0.9623488783836365,0.9986485242843628,0.9602023959159851,0.9965920448303223,0.9585601687431335,0.9876189827919006,0.9549524188041687,0.9843767881393433,0.9522332549095154,0.9780825972557068,0.9489535093307495,0.9676202535629272,0.9452965259552002,0.9580861330032349,0.9436526298522949,0.9630704522132874,0.9396060705184937,0.9464530944824219,0.9365826845169067,0.9381358027458191,0.9317130446434021,0.9277328252792358,0.9296461939811707,0.9314040541648865,0.9263558387756348,0.9093974828720093,0.923395037651062,0.9050914645195007,0.9182090759277344,0.894683301448822,0.9130959510803223,0.8928437829017639,0.9101026058197021,0.8783021569252014,0.9049896597862244,0.8735333681106567,0.9023002982139587,0.8738335371017456,0.8981337547302246,0.8643344640731812,0.8935729265213013,0.8546221852302551,0.8877085447311401,0.8418390154838562,0.8853424191474915
cnn_wst azure-salad-88,cnn_wst,90,49,1.0,1.3790546290692873e-05,1.0001580715179443,0.9999854564666748,1.00636625289917,0.9999483227729797,1.0065979957580566,0.999949038028717,1.0054386854171753,0.9999060034751892,1.007421851158142,0.9998467564582825,1.008699893951416,0.9997560977935791,1.0063084363937378,0.9996528029441833,1.0064990520477295,0.9994974136352539,1.0081424713134766,0.999289333820343,1.0056982040405273,0.9990034699440002,1.0024197101593018,0.9986890554428101,0.9969688057899475,0.9983600378036499,1.0088142156600952,0.9980407953262329,1.0057435035705566,0.9974740743637085,1.0097287893295288,0.9969048500061035,1.0034806728363037,0.9964010119438171,1.0026051998138428,0.9956958889961243,1.0036206245422363,0.9948092103004456,1.0074820518493652,0.993911623954773,1.004424810409546,0.9932359457015991,1.00930655002594,0.9914165735244751,1.0018421411514282,0.9905092120170593,1.0082350969314575,0.9894856214523315,1.0095171928405762,0.9877709150314331,1.0073637962341309,0.986238956451416,1.0066672563552856,0.9848870038986206,1.0087453126907349,0.9835125803947449,1.0005677938461304,0.981589674949646,1.00351083278656,0.9796971678733826,0.9977911114692688,0.9783375859260559,0.9996147155761719,0.975670576095581,0.9919299483299255,0.9738080501556396,0.9918352961540222,0.9712037444114685,0.989197313785553,0.969574511051178,0.9853612184524536,0.9678146243095398,0.9831957817077637,0.9641176462173462,0.9772272706031799,0.9621707201004028,0.9712622165679932,0.9602838754653931,0.9666668772697449,0.9574517011642456,0.9568184614181519,0.9538193941116333,0.9498853087425232,0.9511968493461609,0.9463831186294556,0.9474090933799744,0.9367489218711853,0.945439875125885,0.9356632232666016,0.9435456991195679,0.9280291199684143,0.9382495880126953,0.9166292548179626,0.9372894763946533,0.9026197791099548,0.9319165945053101,0.8996286988258362,0.9286998510360718,0.8983334302902222,0.9240602850914001,0.8860391974449158,0.920783519744873,0.8792532086372375,0.9158255457878113,0.8659056425094604,0.9103438854217529,0.8582102656364441,0.9078864455223083,0.8554524779319763,0.9044522643089294,0.837033748626709,0.8992718458175659,0.8258644938468933,0.8920724391937256,0.8247343301773071,0.8903804421424866,0.8075953722000122,0.8839295506477356,0.798566460609436,0.8813077807426453,0.7939413189888,0.8769500255584717,0.7820906043052673,0.8687374591827393,0.7716968655586243,0.8646560907363892,0.7697358727455139,0.8600516319274902
cnn_wst azure-salad-88,cnn_wst,91,0,0.10000000149011612,4.520675247476902e-07,0.9996593594551086,0.9998194575309753,0.9992917776107788,0.99957275390625,0.9984554648399353,0.9990628957748413,0.9975647926330566,0.9985461831092834,0.9965078234672546,0.9979870319366455,0.9947651624679565,0.9972633123397827,0.992509126663208,0.9960387945175171,0.9908827543258667,0.9950868487358093,0.9879042506217957,0.9935910105705261,0.9848690032958984,0.992569625377655,0.9803511500358582,0.9914748072624207,0.9781329035758972,0.989091694355011,0.9732075333595276,0.9870570302009583,0.9681710004806519,0.9852261543273926,0.9619947075843811,0.9833882451057434,0.9585208296775818,0.980607807636261,0.9507872462272644,0.9774343967437744,0.9441995024681091,0.9750798940658569,0.9377890229225159,0.9727168083190918,0.9269196391105652,0.9693133234977722,0.9192085862159729,0.9668502807617188,0.911247730255127,0.9630549550056458,0.9008561372756958,0.9583303332328796,0.8902441263198853,0.9550034403800964,0.8756679892539978,0.9516440629959106,0.8682922124862671,0.9466364979743958,0.854022204875946,0.9435632824897766,0.842328667640686,0.9386889338493347,0.8276045322418213,0.9349488615989685,0.8136988282203674,0.9267575740814209,0.7989755868911743,0.9233010411262512,0.7815257906913757,0.9176591038703918,0.7697229981422424,0.9103251099586487,0.7506226897239685,0.903156042098999,0.7343255281448364,0.8977134823799133,0.7219130992889404,0.8908050060272217,0.7001451253890991,0.885638415813446,0.6853395700454712,0.8777294158935547,0.6657660007476807,0.8691723346710205,0.6471022367477417,0.8574375510215759,0.6286429166793823,0.8510192036628723,0.6149402856826782,0.8418155908584595,0.5875608325004578,0.830111026763916,0.5713642239570618,0.8221837878227234,0.5544373989105225,0.8097807765007019,0.5367870926856995,0.7942991256713867,0.5187242031097412,0.7808578610420227,0.4974808394908905,0.772007942199707,0.48036688566207886,0.7594053745269775,0.4608288109302521,0.7442294359207153,0.44579264521598816,0.7286375761032104,0.4241909682750702,0.7106137275695801,0.4073350131511688,0.6966655254364014,0.38739436864852905,0.6698002815246582,0.3763360381126404,0.6542659997940063,0.3557535409927368,0.6358246207237244,0.3442000150680542,0.6174811720848083,0.3263355493545532,0.5967171788215637,0.3114360570907593,0.5754925608634949,0.3012959957122803,0.5546325445175171,0.28082484006881714,0.5391964912414551,0.2705067992210388,0.5169124603271484,0.26153406500816345,0.4989154636859894
cnn_wst azure-salad-88,cnn_wst,91,12,0.3204081654548645,2.9365121463342803e-06,1.0089452266693115,0.9999325275421143,1.00838303565979,0.9998127222061157,1.0045894384384155,0.9995819926261902,1.0067672729492188,0.9993552565574646,1.0051171779632568,0.9991489052772522,1.0052604675292969,0.9988886117935181,1.0036216974258423,0.9984840154647827,1.004813313484192,0.9982128739356995,1.0049288272857666,0.9976175427436829,1.0036895275115967,0.9974521398544312,1.0059324502944946,0.9970881938934326,1.0068912506103516,0.9965542554855347,1.0048047304153442,0.9959596395492554,1.0076700448989868,0.9955105185508728,1.007943868637085,0.9951547980308533,1.0117658376693726,0.9946860671043396,1.0144646167755127,0.9940304160118103,1.0171486139297485,0.9934092164039612,1.022094964981079,0.9928737282752991,1.017418622970581,0.9920589923858643,1.020372986793518,0.991690993309021,1.0268149375915527,0.9907045960426331,1.027756929397583,0.9894345998764038,1.0273728370666504,0.9886734485626221,1.0318647623062134,0.9876410961151123,1.027766227722168,0.986427903175354,1.025341272354126,0.9845787882804871,1.022046446800232,0.983727753162384,1.0248644351959229,0.9816820621490479,1.015577793121338,0.9792371988296509,1.0112707614898682,0.9771486520767212,1.0021640062332153,0.9745658040046692,0.9974380731582642,0.9713303446769714,0.982108473777771,0.9688253402709961,0.9787524938583374,0.9648836255073547,0.9701810479164124,0.961509644985199,0.9523428082466125,0.9571038484573364,0.9465355277061462,0.9525294303894043,0.9319652318954468,0.9487544298171997,0.9151947498321533,0.9431686401367188,0.8986989855766296,0.937471866607666,0.8784283995628357,0.9309543371200562,0.8612709641456604,0.9255300164222717,0.8497102856636047,0.9183723330497742,0.8333460688591003,0.9121625423431396,0.817811906337738,0.9051913022994995,0.7986258268356323,0.8986061215400696,0.7858525514602661,0.8905920386314392,0.7634947299957275,0.8836802840232849,0.7517234086990356,0.8759246468544006,0.7270171046257019,0.8668823838233948,0.7121455669403076,0.8597297668457031,0.7018032670021057,0.8466026782989502,0.6817774176597595,0.8389010429382324,0.6698498725891113,0.828974723815918,0.6524792313575745,0.8234161138534546,0.6399462819099426,0.8123269081115723,0.6258129477500916,0.8043882250785828,0.6163944005966187,0.7905344367027283,0.5954718589782715,0.7885046005249023,0.5851532220840454,0.7753191590309143,0.5776332020759583,0.7693682312965393,0.5636938810348511,0.764214038848877
cnn_wst azure-salad-88,cnn_wst,91,24,0.5408163070678711,6.239420144993346e-06,1.009535551071167,0.9999790191650391,1.0091803073883057,0.9999232888221741,1.0057106018066406,0.9998562335968018,1.0090123414993286,0.9997843503952026,1.007712483406067,0.9997270703315735,1.0083284378051758,0.9996580481529236,1.007548213005066,0.9995192289352417,1.0095021724700928,0.9994512796401978,1.010323405265808,0.9993045330047607,1.010024070739746,0.9992389678955078,1.0149742364883423,0.9990882873535156,1.0157331228256226,0.9988982677459717,1.015742301940918,0.9987807273864746,1.0201117992401123,0.9984568357467651,1.0213351249694824,0.9983160495758057,1.0256989002227783,0.9981146454811096,1.0348306894302368,0.9978222250938416,1.0363198518753052,0.9973759651184082,1.0438607931137085,0.9970448613166809,1.040197491645813,0.9965900182723999,1.0512419939041138,0.9962785243988037,1.058294653892517,0.9957452416419983,1.0596890449523926,0.9950116276741028,1.0677608251571655,0.9941820502281189,1.072830319404602,0.99362713098526,1.0775799751281738,0.9926509261131287,1.0819311141967773,0.9914641380310059,1.0813038349151611,0.9907593131065369,1.0901544094085693,0.9893605709075928,1.0904405117034912,0.9879092574119568,1.093310832977295,0.9867442846298218,1.0869309902191162,0.9852409362792969,1.0904996395111084,0.9833614230155945,1.0906925201416016,0.9817822575569153,1.0876327753067017,0.9801971316337585,1.089423418045044,0.9786204695701599,1.0849190950393677,0.9760633111000061,1.0809290409088135,0.9739319682121277,1.0742714405059814,0.9711577296257019,1.0730348825454712,0.9684748649597168,1.0689064264297485,0.9657074213027954,1.0606470108032227,0.9633282423019409,1.0630149841308594,0.9608379602432251,1.0450439453125,0.9583679437637329,1.0440386533737183,0.9541130065917969,1.0433121919631958,0.9510439038276672,1.030487298965454,0.9483957886695862,1.0166363716125488,0.9433318972587585,1.006771445274353,0.9410613775253296,1.0030479431152344,0.9370174407958984,0.9970983266830444,0.9334185123443604,0.9861276149749756,0.9301716089248657,0.9848443865776062,0.9236231446266174,0.9704796075820923,0.9209269881248474,0.9659786224365234,0.9175525307655334,0.9550864100456238,0.9133889079093933,0.9367627501487732,0.9084277749061584,0.9326208233833313,0.9041019678115845,0.9265837669372559,0.8992468118667603,0.9108931422233582,0.8972361087799072,0.9097282290458679,0.8934193849563599,0.9009396433830261,0.8892208933830261,0.8871718049049377,0.8840169310569763
cnn_wst azure-salad-88,cnn_wst,91,37,0.7795918583869934,1.0359593034081627e-05,1.00901460647583,0.9999892711639404,1.0089807510375977,0.9999494552612305,1.005399227142334,0.9999256730079651,1.0088419914245605,0.999893307685852,1.0079891681671143,0.999858021736145,1.0079809427261353,0.9998143911361694,1.007529854774475,0.9996523857116699,1.0076035261154175,0.999596357345581,1.0081111192703247,0.9994797110557556,1.0081769227981567,0.9992794990539551,1.0109539031982422,0.9990668892860413,1.0100929737091064,0.9987695217132568,1.0106730461120605,0.9985819458961487,1.0131146907806396,0.9980677366256714,1.0125504732131958,0.997685432434082,1.0138047933578491,0.9971904754638672,1.0210890769958496,0.9965330362319946,1.0218435525894165,0.9959984421730042,1.024371862411499,0.9954591393470764,1.0213271379470825,0.9944189190864563,1.0306246280670166,0.9937503933906555,1.034699559211731,0.9928644299507141,1.0297558307647705,0.9917374849319458,1.0373904705047607,0.990687370300293,1.036462664604187,0.989333987236023,1.0405797958374023,0.9879457354545593,1.0414471626281738,0.9869207739830017,1.0331740379333496,0.9854711294174194,1.0367199182510376,0.9838307499885559,1.0441062450408936,0.9823974370956421,1.045919418334961,0.9806917905807495,1.0391817092895508,0.978356122970581,1.0351767539978027,0.9759379029273987,1.031704306602478,0.9739817976951599,1.0335919857025146,0.9723473191261292,1.0282301902770996,0.9707291722297668,1.0220719575881958,0.9685940146446228,1.0224939584732056,0.9654444456100464,1.0201421976089478,0.9634395241737366,1.0142946243286133,0.9600473642349243,1.0033594369888306,0.9573597311973572,0.998247504234314,0.9551589488983154,0.9994165301322937,0.9521632790565491,0.9858870506286621,0.948599636554718,0.9810856580734253,0.9459384083747864,0.9838999509811401,0.9432872533798218,0.973599374294281,0.9400436878204346,0.9634642004966736,0.9371019005775452,0.9526892304420471,0.9337044954299927,0.9480161070823669,0.9280915856361389,0.9387235641479492,0.9255465269088745,0.9301852583885193,0.9227774739265442,0.9164411425590515,0.9173840880393982,0.9129555821418762,0.9149234890937805,0.9101499915122986,0.9122982621192932,0.9017074704170227,0.9069976806640625,0.895473837852478,0.9024248123168945,0.8827753067016602,0.8984692096710205,0.87830650806427,0.8926262259483337,0.87378990650177,0.8895081281661987,0.8665021657943726,0.8864791393280029,0.8596047759056091,0.8821907639503479,0.849280834197998,0.8782198429107666
cnn_wst azure-salad-88,cnn_wst,91,49,1.0,1.4003941032569855e-05,1.0085586309432983,0.9999903440475464,1.008841633796692,0.9999462366104126,1.0050327777862549,0.9999086260795593,1.0083318948745728,0.9998745322227478,1.007678747177124,0.9998025298118591,1.0074400901794434,0.9997242093086243,1.0069330930709839,0.9994715452194214,1.0052459239959717,0.9993540048599243,1.00551438331604,0.9991267919540405,1.0057388544082642,0.9987555742263794,1.0076239109039307,0.9984180927276611,1.0048553943634033,0.9979039430618286,1.0046966075897217,0.9975550174713135,1.0060443878173828,0.9968125820159912,1.0052568912506104,0.9962404370307922,1.003928303718567,0.9953374862670898,1.0109807252883911,0.9943879842758179,1.0088632106781006,0.9936166405677795,1.009116768836975,0.9927412867546082,1.0080806016921997,0.991452157497406,1.0132447481155396,0.9901092052459717,1.0148333311080933,0.9887035489082336,1.0110268592834473,0.9873209595680237,1.0154802799224854,0.9858672022819519,1.0140347480773926,0.984326183795929,1.018192172050476,0.9823225140571594,1.0129364728927612,0.9811676144599915,1.0092846155166626,0.9788661003112793,1.0088950395584106,0.977182149887085,1.0133745670318604,0.975115180015564,1.0135999917984009,0.9729617834091187,1.005598545074463,0.9705713391304016,1.004354476928711,0.9677656888961792,1.0014843940734863,0.9646866917610168,0.9913987517356873,0.9624110460281372,0.9906960725784302,0.9598285555839539,0.9796379804611206,0.9585775136947632,0.9847697615623474,0.9554248452186584,0.9804202318191528,0.9524921178817749,0.9795705676078796,0.9486744403839111,0.9641028046607971,0.9456415772438049,0.9649333953857422,0.9426702260971069,0.9526529312133789,0.9399880170822144,0.9421340227127075,0.9362278580665588,0.9383010268211365,0.9319373965263367,0.931999683380127,0.9275240302085876,0.9233710765838623,0.9251360893249512,0.9187226891517639,0.9208171963691711,0.9165945053100586,0.9163486957550049,0.9003391861915588,0.9127845168113708,0.893015444278717,0.909397304058075,0.8906798362731934,0.9044790863990784,0.8775976300239563,0.9017688035964966,0.8666412234306335,0.8937705159187317,0.8609733581542969,0.8923401832580566,0.8537521362304688,0.8855452537536621,0.8429982662200928,0.882093608379364,0.834217369556427,0.8765085339546204,0.82358717918396,0.8709272146224976,0.8247500658035278,0.8657506108283997,0.8134864568710327,0.8606023192405701,0.8108779191970825,0.8565059304237366,0.7973517179489136,0.8531605005264282
cnn_wst azure-salad-88,cnn_wst,92,0,0.10000000149011612,4.52115784810303e-07,0.9997313022613525,0.999887228012085,0.999441385269165,0.9995930194854736,0.9982907176017761,0.9991273880004883,0.9972565174102783,0.998645544052124,0.996596097946167,0.998233437538147,0.9944711923599243,0.9974053502082825,0.9922895431518555,0.9962035417556763,0.9901110529899597,0.9950382113456726,0.9882195591926575,0.9938927292823792,0.9840392470359802,0.9923086762428284,0.9811651706695557,0.9908867478370667,0.9772962927818298,0.9889734387397766,0.9729134440422058,0.9876465797424316,0.9695176482200623,0.9852356910705566,0.9635463356971741,0.9829713702201843,0.9576701521873474,0.980355441570282,0.9509340524673462,0.9778357148170471,0.9435105919837952,0.9754981398582458,0.9357529282569885,0.9730411171913147,0.9277874827384949,0.96945720911026,0.9187100529670715,0.9668192863464355,0.9105615019798279,0.9632853865623474,0.9013367295265198,0.9593842625617981,0.8889256119728088,0.9560239911079407,0.8789313435554504,0.9513150453567505,0.8648893237113953,0.9466356635093689,0.85378098487854,0.9424779415130615,0.8412505388259888,0.9377096891403198,0.8250479698181152,0.9332193732261658,0.8126346468925476,0.9281832575798035,0.7979601621627808,0.9235426783561707,0.7810831665992737,0.9174968600273132,0.7666378617286682,0.9124663472175598,0.749235987663269,0.902577817440033,0.7311586141586304,0.8968774080276489,0.7144832611083984,0.8894647359848022,0.695073664188385,0.8836709856987,0.6834458708763123,0.8751006126403809,0.6616742610931396,0.8678345680236816,0.6430937051773071,0.8576153516769409,0.6226810216903687,0.850264847278595,0.6072192788124084,0.8404538035392761,0.5890684723854065,0.830498456954956,0.5699468851089478,0.8183027505874634,0.5489456653594971,0.8083020448684692,0.5314555168151855,0.7953386902809143,0.5086199045181274,0.7847617864608765,0.4903619885444641,0.7711398601531982,0.4778732657432556,0.7561786770820618,0.4572913348674774,0.740156352519989,0.43613266944885254,0.7231303453445435,0.42047783732414246,0.7139196991920471,0.4030415117740631,0.6916252374649048,0.38812750577926636,0.6738321185112,0.3660585880279541,0.6568006873130798,0.35112127661705017,0.6391397714614868,0.3371801972389221,0.6189652681350708,0.3178964853286743,0.5956212282180786,0.30373555421829224,0.5744980573654175,0.288303017616272,0.5507550239562988,0.2775788903236389,0.5440672636032104,0.2677668631076813,0.514698326587677,0.2530973553657532,0.49639350175857544
cnn_wst azure-salad-88,cnn_wst,92,12,0.3204081654548645,2.898048933275277e-06,1.005204200744629,0.9999648332595825,1.005083441734314,0.9998311996459961,1.0050073862075806,0.99964439868927,1.0054858922958374,0.9994105696678162,1.0055371522903442,0.9992703199386597,1.00357985496521,0.999012291431427,1.0023176670074463,0.9985807538032532,1.0009377002716064,0.9981483817100525,1.0021088123321533,0.9979519248008728,1.002999186515808,0.9974344372749329,1.0048460960388184,0.9969475269317627,1.006650686264038,0.9966668486595154,1.006472110748291,0.9963992834091187,1.010035753250122,0.995661735534668,1.011621117591858,0.9951044917106628,1.0132187604904175,0.9945000410079956,1.0140470266342163,0.9942771792411804,1.0190167427062988,0.9935606122016907,1.0202713012695312,0.9933996200561523,1.0272380113601685,0.9924397468566895,1.0259180068969727,0.9918797612190247,1.0323877334594727,0.9911147952079773,1.0341408252716064,0.9902619123458862,1.036112904548645,0.9890083074569702,1.0351423025131226,0.9881755113601685,1.0345311164855957,0.9866198897361755,1.0395041704177856,0.9854755997657776,1.0376708507537842,0.9841448068618774,1.0315186977386475,0.9823111891746521,1.0297009944915771,0.9801790118217468,1.021973729133606,0.9774741530418396,1.018067479133606,0.9748643636703491,1.0153248310089111,0.9725913405418396,1.0029643774032593,0.969668447971344,0.9918028116226196,0.9660676717758179,0.9780710935592651,0.9618788361549377,0.9590517282485962,0.9582680463790894,0.9585626125335693,0.9542518258094788,0.9383153319358826,0.9492617845535278,0.9256091713905334,0.9437845945358276,0.9151710271835327,0.938356339931488,0.8971924185752869,0.932054340839386,0.8772872090339661,0.9255291223526001,0.8588718771934509,0.9201958775520325,0.847078263759613,0.9123140573501587,0.8256736397743225,0.9054186344146729,0.8075068593025208,0.9002397060394287,0.7869813442230225,0.891660749912262,0.7737569808959961,0.8867598176002502,0.7604840993881226,0.8757445216178894,0.7437159419059753,0.8669496178627014,0.7217960357666016,0.8627496361732483,0.7077497839927673,0.8537567853927612,0.690471887588501,0.8442116379737854,0.6754524111747742,0.8332394957542419,0.6642596125602722,0.824889063835144,0.6432945132255554,0.812975287437439,0.6328151822090149,0.8062096238136292,0.6158356666564941,0.796789824962616,0.6038959622383118,0.7871777415275574,0.6004395484924316,0.7817556262016296,0.5815109014511108,0.7743444442749023,0.578532874584198,0.7648076415061951
cnn_wst azure-salad-88,cnn_wst,92,24,0.5408163070678711,6.192997716425452e-06,1.0051631927490234,0.9999875426292419,1.0055348873138428,0.9999256134033203,1.0061631202697754,0.9998695254325867,1.0072596073150635,0.9997643828392029,1.0093051195144653,0.9997175335884094,1.0064706802368164,0.9996582269668579,1.0047706365585327,0.9995240569114685,1.006348729133606,0.9993572235107422,1.006170392036438,0.9993575811386108,1.0091354846954346,0.9991292357444763,1.0124956369400024,0.9989537596702576,1.0150001049041748,0.9988826513290405,1.0173689126968384,0.9987979531288147,1.0223877429962158,0.9984794855117798,1.0250672101974487,0.9982417225837708,1.0252093076705933,0.9979173541069031,1.0307508707046509,0.9978253245353699,1.0401705503463745,0.9973886609077454,1.0396324396133423,0.9971410036087036,1.0466440916061401,0.9967294931411743,1.0493042469024658,0.9962606430053711,1.058219313621521,0.9957399964332581,1.0626991987228394,0.9952417612075806,1.0693594217300415,0.9944868087768555,1.072040319442749,0.9940941333770752,1.075376272201538,0.9930976629257202,1.0791646242141724,0.9924752116203308,1.0849664211273193,0.9915104508399963,1.0832699537277222,0.9904617667198181,1.089640736579895,0.989147961139679,1.0883678197860718,0.9879620671272278,1.0877693891525269,0.9867886304855347,1.0865007638931274,0.9850796461105347,1.0891377925872803,0.9832720160484314,1.0877718925476074,0.9822231531143188,1.0820550918579102,0.9807618260383606,1.0822736024856567,0.9778889417648315,1.0797942876815796,0.9762349128723145,1.0720844268798828,0.9745297431945801,1.0686321258544922,0.97150057554245,1.0661849975585938,0.9696094989776611,1.0607562065124512,0.9664985537528992,1.050467610359192,0.9623669385910034,1.0431047677993774,0.9618475437164307,1.032804012298584,0.958363950252533,1.028287649154663,0.9541623592376709,1.0247985124588013,0.9523223638534546,1.017839789390564,0.9486132264137268,1.0091222524642944,0.945720911026001,1.005828857421875,0.9431318640708923,0.9943979382514954,0.9389744997024536,0.9849840402603149,0.9347892999649048,0.9751449227333069,0.9313352704048157,0.9779600501060486,0.9281099438667297,0.9623700976371765,0.9235475659370422,0.9536478519439697,0.9207624793052673,0.9454568028450012,0.9158987402915955,0.9415318965911865,0.9112412333488464,0.924355149269104,0.9097259640693665,0.9191379547119141,0.9053473472595215,0.9154855012893677,0.9016113877296448,0.9045823216438293,0.899099588394165,0.9010946154594421,0.8940513134002686
cnn_wst azure-salad-88,cnn_wst,92,37,0.7795918583869934,1.0259278496960178e-05,1.0045974254608154,0.9999921917915344,1.0050833225250244,0.9999539256095886,1.0059027671813965,0.9999406933784485,1.0076639652252197,0.9998767971992493,1.010310411453247,0.9998529553413391,1.0066893100738525,0.9998014569282532,1.002577781677246,0.9997515678405762,1.0056809186935425,0.9996500611305237,1.0036976337432861,0.9996039271354675,1.0059268474578857,0.9993308782577515,1.0070120096206665,0.9992159605026245,1.008288025856018,0.9990419745445251,1.0084925889968872,0.9988875985145569,1.0150030851364136,0.9985381364822388,1.0144456624984741,0.9981111288070679,1.0130126476287842,0.9977442026138306,1.019315242767334,0.997452437877655,1.0235419273376465,0.9968271851539612,1.018329381942749,0.9961466789245605,1.0230375528335571,0.9955536723136902,1.0225571393966675,0.9952272772789001,1.0280512571334839,0.994304895401001,1.0296525955200195,0.9934343695640564,1.0349842309951782,0.9924916625022888,1.0306066274642944,0.9916644096374512,1.0369293689727783,0.990312397480011,1.0380730628967285,0.9892765283584595,1.0378555059432983,0.9882120490074158,1.0362625122070312,0.9870867133140564,1.042022705078125,0.9853423237800598,1.0390247106552124,0.9842113852500916,1.0359851121902466,0.982663094997406,1.0363069772720337,0.9808333516120911,1.041650414466858,0.9782383441925049,1.029249668121338,0.9773586988449097,1.0319077968597412,0.9757477045059204,1.0278929471969604,0.9727975130081177,1.022542119026184,0.9716248512268066,1.022797703742981,0.9699543714523315,1.0133975744247437,0.9671121835708618,1.0138130187988281,0.9650241732597351,1.0112595558166504,0.9627122282981873,0.9970777034759521,0.9588282704353333,0.9948954582214355,0.9569220542907715,0.9840973615646362,0.9548540115356445,0.9900206923484802,0.9510471224784851,0.9763429164886475,0.9487407207489014,0.9654501080513,0.9457588791847229,0.9640739560127258,0.9427120685577393,0.9480348825454712,0.9394984245300293,0.9444776177406311,0.9368469715118408,0.934148907661438,0.9327189922332764,0.9237968325614929,0.9297587871551514,0.9213821291923523,0.9252076745033264,0.9191507697105408,0.9219198226928711,0.907299816608429,0.9196169972419739,0.8984407782554626,0.9142065644264221,0.8937591910362244,0.910716712474823,0.890243411064148,0.90682452917099,0.8725031018257141,0.9041314721107483,0.8753505945205688,0.8979359269142151,0.870154082775116,0.8937866687774658,0.8555855751037598,0.8920000195503235
cnn_wst azure-salad-88,cnn_wst,92,49,1.0,1.3836432117386721e-05,1.0041545629501343,0.9999918937683105,1.0046478509902954,0.9999560117721558,1.0054742097854614,0.9999478459358215,1.0080187320709229,0.9998859167098999,1.0105513334274292,0.9998452067375183,1.0065685510635376,0.999755859375,1.000659465789795,0.9996973276138306,1.004120111465454,0.9995529651641846,1.0015956163406372,0.9994228482246399,1.0035969018936157,0.9990798830986023,1.0018423795700073,0.998878538608551,1.0024909973144531,0.9985697269439697,1.000087022781372,0.9982937574386597,1.0068464279174805,0.9977943301200867,1.005411982536316,0.9971519112586975,1.005021095275879,0.996589720249176,1.0099056959152222,0.9961960911750793,1.0100517272949219,0.9953513145446777,1.0038831233978271,0.9941879510879517,1.0083218812942505,0.9934645295143127,1.0040173530578613,0.992907702922821,1.0052454471588135,0.9918181300163269,1.0022125244140625,0.9907909035682678,1.0081559419631958,0.9898068308830261,1.0009734630584717,0.987908124923706,1.0039197206497192,0.9866564273834229,1.0038586854934692,0.9850394129753113,0.9994379281997681,0.9837878942489624,0.9961820840835571,0.9822490215301514,0.9992329478263855,0.9801383018493652,0.9948005080223083,0.9788168668746948,0.9920651316642761,0.9765366315841675,0.9953091740608215,0.9750357270240784,0.9929879307746887,0.9717113971710205,0.9850060343742371,0.9699024558067322,0.9883590936660767,0.9675325155258179,0.9765534996986389,0.9636732339859009,0.9690685272216797,0.9633930325508118,0.9651387333869934,0.9609081149101257,0.9601461887359619,0.957130491733551,0.9529438614845276,0.9541260600090027,0.9509219527244568,0.9523839354515076,0.9355327486991882,0.9486328959465027,0.9302541613578796,0.9450154900550842,0.9169849753379822,0.9435119032859802,0.9206613898277283,0.9402616620063782,0.9159451127052307,0.9349905252456665,0.9039640426635742,0.9318870306015015,0.8949388265609741,0.9276981949806213,0.8885682225227356,0.925013542175293,0.8816502690315247,0.9194164276123047,0.8746495842933655,0.916496753692627,0.8600050806999207,0.9132261872291565,0.8497429490089417,0.9064500331878662,0.8464526534080505,0.9049203991889954,0.8309973478317261,0.9008438587188721,0.8285893797874451,0.8942798972129822,0.8214450478553772,0.8899505734443665,0.80917888879776,0.8866520524024963,0.8096144199371338,0.881195604801178,0.8023397922515869,0.8749397397041321,0.795103907585144,0.8704953789710999,0.7828832864761353,0.8649956583976746
cnn_wst azure-salad-88,cnn_wst,93,0,0.10000000149011612,4.4951013933314243e-07,1.000004768371582,0.9998576641082764,0.9992029070854187,0.9997035264968872,0.9984999299049377,0.9993234276771545,0.9975548982620239,0.9987579584121704,0.9963082075119019,0.9979454874992371,0.9941561222076416,0.9972169399261475,0.9927947521209717,0.9961936473846436,0.9900436401367188,0.9955614805221558,0.987777590751648,0.9939612746238708,0.9849520325660706,0.9924158453941345,0.9805988669395447,0.9907638430595398,0.9773517847061157,0.9894623756408691,0.9733327627182007,0.9867685437202454,0.9690385460853577,0.9849603772163391,0.9635102152824402,0.9830798506736755,0.9576497673988342,0.9793861508369446,0.9507217407226562,0.9784048199653625,0.9436567425727844,0.9755605459213257,0.9361799359321594,0.9727676510810852,0.9283679127693176,0.9689371585845947,0.9183152914047241,0.967214822769165,0.9096691608428955,0.9619821310043335,0.8998246192932129,0.9591733813285828,0.8899334073066711,0.9554474353790283,0.8780698180198669,0.9503930807113647,0.8651955127716064,0.9463229179382324,0.8525636196136475,0.9429742097854614,0.8436597585678101,0.9379928112030029,0.8250350952148438,0.9343113899230957,0.8125960230827332,0.9265288710594177,0.8022430539131165,0.922490119934082,0.7832695841789246,0.9172877073287964,0.7650655508041382,0.9106560349464417,0.7505398988723755,0.904114305973053,0.7278501987457275,0.8965898752212524,0.7184638977050781,0.8900218605995178,0.696696400642395,0.8831292986869812,0.6791085004806519,0.8765501379966736,0.6607819199562073,0.8659922480583191,0.6427558064460754,0.8595529794692993,0.6280925273895264,0.8491606116294861,0.6034848690032959,0.8394427299499512,0.5888873338699341,0.8335535526275635,0.5684406757354736,0.8202096819877625,0.5491535067558289,0.8102375268936157,0.5316245555877686,0.7959632873535156,0.514405369758606,0.7864090800285339,0.4954281151294708,0.768724799156189,0.47853291034698486,0.7577789425849915,0.4539855420589447,0.7396685481071472,0.4408325254917145,0.725669801235199,0.42250603437423706,0.7123073935508728,0.4037207067012787,0.6991492509841919,0.3891683518886566,0.6728634834289551,0.3702234923839569,0.6560176610946655,0.355472207069397,0.6362360119819641,0.3400060534477234,0.61942058801651,0.3242204189300537,0.5991794466972351,0.30601367354393005,0.587232232093811,0.29328376054763794,0.5554192662239075,0.28222036361694336,0.5383228659629822,0.26681676506996155,0.5142653584480286,0.254936158657074,0.5007017254829407
cnn_wst azure-salad-88,cnn_wst,93,12,0.3204081654548645,2.892639486162807e-06,1.0039564371109009,0.9999436736106873,1.0071827173233032,0.9998709559440613,1.0030590295791626,0.9997113347053528,1.0026195049285889,0.9995002746582031,1.00328528881073,0.9992244243621826,1.0033138990402222,0.9989097118377686,1.0023020505905151,0.998580813407898,1.000575304031372,0.9984221458435059,1.0028842687606812,0.99798583984375,1.002932071685791,0.9975038766860962,1.002456545829773,0.9970152378082275,1.00540292263031,0.9966735243797302,1.0051263570785522,0.99610835313797,1.0098741054534912,0.9956985712051392,1.0112148523330688,0.9951698780059814,1.0136873722076416,0.9942843914031982,1.0179617404937744,0.9942437410354614,1.0195235013961792,0.9933783411979675,1.02223801612854,0.9931632280349731,1.025033950805664,0.9919591546058655,1.0291709899902344,0.99176025390625,1.031003713607788,0.9907814264297485,1.0340592861175537,0.9897701740264893,1.0312259197235107,0.9888571500778198,1.0370055437088013,0.987331748008728,1.0389044284820557,0.98629230260849,1.0374130010604858,0.9849379062652588,1.0329660177230835,0.9830780029296875,1.0304869413375854,0.9815409779548645,1.0242911577224731,0.9786803126335144,1.0208914279937744,0.9768416285514832,1.0149011611938477,0.9747558236122131,1.004591703414917,0.9716687798500061,1.0013964176177979,0.9682071805000305,0.9865067601203918,0.9648886322975159,0.9687978625297546,0.9610601663589478,0.9609419703483582,0.9582661986351013,0.9484089612960815,0.953120768070221,0.934819221496582,0.9470555782318115,0.9195870161056519,0.9428430199623108,0.9098413586616516,0.9374249577522278,0.8859374523162842,0.9329500794410706,0.8687451481819153,0.9269686341285706,0.8479132652282715,0.9194373488426208,0.8357493877410889,0.913355827331543,0.8154652118682861,0.9040835499763489,0.80461186170578,0.900370717048645,0.7908749580383301,0.89324551820755,0.7652406692504883,0.8853451013565063,0.750969648361206,0.8751537203788757,0.7348135113716125,0.8681119680404663,0.7108246684074402,0.8599050045013428,0.7024954557418823,0.8488158583641052,0.6894345879554749,0.8419004678726196,0.6683030128479004,0.8313230872154236,0.6599519848823547,0.822567343711853,0.6416535377502441,0.8158298134803772,0.6247544288635254,0.8017794489860535,0.6166488528251648,0.7983350157737732,0.5964598059654236,0.7847602367401123,0.5858858227729797,0.7777853608131409,0.5716134309768677,0.7669196724891663,0.5676261186599731,0.7616739273071289
cnn_wst azure-salad-88,cnn_wst,93,24,0.5408163070678711,6.206557372934185e-06,1.0035643577575684,0.9999713897705078,1.0085911750793457,0.9999321699142456,1.005220651626587,0.9998729825019836,1.0042669773101807,0.9998129606246948,1.0053660869598389,0.9997381567955017,1.0064111948013306,0.9996119737625122,1.006701111793518,0.999508261680603,1.004240870475769,0.9994585514068604,1.0103106498718262,0.999335527420044,1.0093190670013428,0.9991360306739807,1.0088976621627808,0.9989897012710571,1.0109108686447144,0.998869776725769,1.0129265785217285,0.9986113905906677,1.0202282667160034,0.9984298348426819,1.0201642513275146,0.9982518553733826,1.02588951587677,0.9979857802391052,1.0318982601165771,0.9977363348007202,1.0326310396194458,0.9973127245903015,1.0353667736053467,0.9970503449440002,1.0430240631103516,0.9966918230056763,1.0464203357696533,0.9963405728340149,1.0563539266586304,0.9957671761512756,1.0538160800933838,0.9953736662864685,1.0628571510314941,0.9945489168167114,1.065739393234253,0.9938485622406006,1.0725396871566772,0.9932817220687866,1.0751756429672241,0.9922294616699219,1.0724684000015259,0.9914705157279968,1.0757886171340942,0.9901371002197266,1.0789544582366943,0.9892351031303406,1.0764455795288086,0.9878262877464294,1.0706298351287842,0.9869964122772217,1.0753906965255737,0.9846189618110657,1.0744061470031738,0.9834563732147217,1.0753005743026733,0.9821147322654724,1.0681289434432983,0.979918360710144,1.0677083730697632,0.9776538014411926,1.0638102293014526,0.9757804870605469,1.0630090236663818,0.9737268686294556,1.0541315078735352,0.9713534116744995,1.0574568510055542,0.968703031539917,1.0472763776779175,0.9660365581512451,1.038956880569458,0.9642517566680908,1.0348906517028809,0.9611867070198059,1.0290155410766602,0.9576282501220703,1.0206866264343262,0.9551560878753662,1.0172301530838013,0.9515568614006042,1.005436897277832,0.9485141634941101,0.9973551034927368,0.9444984793663025,0.987518846988678,0.9419043660163879,0.9802843928337097,0.9387193322181702,0.974611222743988,0.9358190298080444,0.9655023217201233,0.9317725896835327,0.9526051878929138,0.9272813200950623,0.9453749060630798,0.9214839935302734,0.9386193752288818,0.9200842976570129,0.9306851029396057,0.9151028990745544,0.9191352128982544,0.9121303558349609,0.9155443906784058,0.9069713950157166,0.90330970287323,0.9025864005088806,0.8997249603271484,0.9010457396507263,0.8852037191390991,0.8976044654846191,0.8815600275993347,0.8929183483123779
cnn_wst azure-salad-88,cnn_wst,93,37,0.7795918583869934,1.030114435707219e-05,1.0029064416885376,0.9999803900718689,1.0086052417755127,0.9999526143074036,1.006355881690979,0.9999269843101501,1.004202127456665,0.9999057650566101,1.0056335926055908,0.9998767375946045,1.0060169696807861,0.999811053276062,1.0065983533859253,0.9997002482414246,1.0029289722442627,0.9996779561042786,1.010188102722168,0.9995395541191101,1.0095515251159668,0.9993387460708618,1.0049155950546265,0.9991819262504578,1.0048235654830933,0.9990270137786865,1.0065258741378784,0.9986571669578552,1.0121978521347046,0.9985397458076477,1.0098539590835571,0.9980584979057312,1.0167486667633057,0.9977225065231323,1.0187352895736694,0.9971741437911987,1.0161027908325195,0.9965972900390625,1.0157723426818848,0.9959726929664612,1.0207945108413696,0.995539128780365,1.0211540460586548,0.9946979284286499,1.0266963243484497,0.9941146373748779,1.0233675241470337,0.9931421875953674,1.0299466848373413,0.9921107888221741,1.0299570560455322,0.9914796948432922,1.0292831659317017,0.9904581904411316,1.0374900102615356,0.9888790249824524,1.024808406829834,0.9880527257919312,1.0336805582046509,0.9861243963241577,1.0279258489608765,0.9846758842468262,1.0222225189208984,0.9837448596954346,1.021442174911499,0.9820275902748108,1.0180823802947998,0.9801365733146667,1.0158741474151611,0.9787066578865051,1.0114116668701172,0.9770045876502991,1.0078520774841309,0.9754193425178528,1.000380039215088,0.9731484651565552,1.001160740852356,0.9708935618400574,0.998939037322998,0.9685258865356445,0.9943562150001526,0.9663970470428467,0.9926155209541321,0.9634612798690796,0.9906097650527954,0.9610731601715088,0.9736894965171814,0.9591876864433289,0.9744551181793213,0.9572708606719971,0.9678040742874146,0.9539404511451721,0.9535693526268005,0.9511167407035828,0.9498798847198486,0.948097825050354,0.943814218044281,0.9451656937599182,0.9380770325660706,0.9412778615951538,0.9306398630142212,0.9392880201339722,0.9218992590904236,0.9350521564483643,0.9152358174324036,0.9311837553977966,0.9070881009101868,0.927855908870697,0.900262713432312,0.925399661064148,0.8909114003181458,0.920002818107605,0.886489748954773,0.9188898205757141,0.8742508292198181,0.9127529859542847,0.8677178025245667,0.9099902510643005,0.8633477091789246,0.9050244092941284,0.8523372411727905,0.9017512202262878,0.8494186997413635,0.8980687856674194,0.8436073064804077,0.8944408893585205,0.8382145762443542,0.8899655342102051
cnn_wst azure-salad-88,cnn_wst,93,49,1.0,1.3930612112744711e-05,1.0024439096450806,0.9999837279319763,1.0083011388778687,0.9999563694000244,1.0069152116775513,0.9999337196350098,1.0038306713104248,0.9999008178710938,1.0054614543914795,0.9998620748519897,1.0054997205734253,0.9997862577438354,1.0056791305541992,0.9995943903923035,1.0014010667800903,0.9995522499084473,1.0091348886489868,0.9993099570274353,1.009321689605713,0.9990283846855164,1.002784252166748,0.998741626739502,1.0008955001831055,0.9984991550445557,1.0024653673171997,0.9978907704353333,1.0047253370285034,0.9978066086769104,1.003589391708374,0.9968651533126831,1.0097261667251587,0.9965153336524963,1.0100467205047607,0.9956464171409607,1.0052611827850342,0.9947367906570435,1.00459885597229,0.9939624071121216,1.004944086074829,0.9931713938713074,1.0075559616088867,0.9920193552970886,1.0095083713531494,0.9911415576934814,1.006360411643982,0.9894400238990784,1.008573055267334,0.9883286952972412,1.009122610092163,0.987428605556488,1.0057467222213745,0.9859296083450317,1.0163999795913696,0.9841029047966003,1.001464605331421,0.9825628995895386,1.0073609352111816,0.9803152680397034,1.0029784440994263,0.9785785675048828,0.996535062789917,0.976819634437561,0.9948714375495911,0.9741557240486145,0.9945186972618103,0.9724514484405518,0.9880566000938416,0.9700800180435181,0.9818081259727478,0.9683011174201965,0.9758481979370117,0.9661190509796143,0.968220591545105,0.9630073308944702,0.9655777215957642,0.9611126780509949,0.9632522463798523,0.9578648209571838,0.9530744552612305,0.9554651379585266,0.9477948546409607,0.9511645436286926,0.9419519305229187,0.9481571912765503,0.9316827058792114,0.9461557865142822,0.9298363327980042,0.9426514506340027,0.9218656420707703,0.9399012327194214,0.9069905877113342,0.9364233016967773,0.9070707559585571,0.9334519505500793,0.9014241099357605,0.9297162890434265,0.890342116355896,0.9265877604484558,0.8788357377052307,0.9220783710479736,0.8733974695205688,0.918458104133606,0.8622788190841675,0.9142623543739319,0.8544109463691711,0.9090383052825928,0.8496518135070801,0.9056642055511475,0.8414452075958252,0.9010231494903564,0.8308397531509399,0.897444486618042,0.8326846957206726,0.8929322361946106,0.8245040774345398,0.8880276083946228,0.8163312077522278,0.8822227716445923,0.8042510747909546,0.8770810961723328,0.8058217167854309,0.8734126687049866,0.7953718304634094,0.8688564300537109,0.7906836271286011,0.8649144172668457
cnn_wst azure-salad-88,cnn_wst,94,0,0.10000000149011612,4.482032522901136e-07,0.9999510645866394,0.9998354911804199,0.9992415904998779,0.9995858073234558,0.9984837174415588,0.9993691444396973,0.9979344010353088,0.9986332058906555,0.9962801337242126,0.9982311725616455,0.9947166442871094,0.9970712661743164,0.9927282333374023,0.9963642358779907,0.990123450756073,0.9952666163444519,0.9873432517051697,0.9942411184310913,0.9851270914077759,0.9927177429199219,0.980960488319397,0.9907033443450928,0.9773740172386169,0.9895209670066833,0.9716213941574097,0.986966609954834,0.9675471186637878,0.985175609588623,0.9634631276130676,0.9835323691368103,0.9585183262825012,0.9799715280532837,0.951331377029419,0.9783833622932434,0.9427661299705505,0.9750655293464661,0.9374653697013855,0.971828281879425,0.9278979897499084,0.9689126014709473,0.9217804670333862,0.9658105373382568,0.9113256335258484,0.9622218608856201,0.898959755897522,0.9592446088790894,0.8899700045585632,0.9563853144645691,0.8792321085929871,0.95157390832901,0.8684947490692139,0.9477342963218689,0.8547478318214417,0.9446426630020142,0.8407464623451233,0.9375494718551636,0.8304154276847839,0.9332589507102966,0.8156943321228027,0.9273573160171509,0.8006287813186646,0.9239732027053833,0.782869815826416,0.9177439212799072,0.770432710647583,0.9118609428405762,0.7506916522979736,0.9041212201118469,0.735725462436676,0.8972089886665344,0.7226225137710571,0.890716016292572,0.7027269005775452,0.8850390911102295,0.6813520789146423,0.8732776641845703,0.6678379774093628,0.8680803179740906,0.6445856094360352,0.8600404858589172,0.6319541335105896,0.8495172262191772,0.611944854259491,0.8428025841712952,0.5920315980911255,0.831918478012085,0.5701915621757507,0.8200545310974121,0.5531232357025146,0.8089137673377991,0.5339745879173279,0.7939873933792114,0.5221967101097107,0.7858177423477173,0.5042694807052612,0.770088791847229,0.4813454747200012,0.762199878692627,0.4636171758174896,0.7418293952941895,0.43792980909347534,0.7243146300315857,0.4273909330368042,0.7099905610084534,0.4081501364707947,0.6956993341445923,0.3966512978076935,0.6698711514472961,0.3764711916446686,0.6573904156684875,0.3586123287677765,0.637521505355835,0.3431275188922882,0.6197412014007568,0.3290722668170929,0.6004555821418762,0.3114231824874878,0.5770306587219238,0.2947157919406891,0.5553017258644104,0.28909656405448914,0.5395495891571045,0.2739717364311218,0.5219063758850098,0.2632288932800293,0.4985811412334442
cnn_wst azure-salad-88,cnn_wst,94,12,0.3204081654548645,2.8944209589099046e-06,1.007468581199646,0.9999343752861023,1.0073601007461548,0.9998161196708679,1.0093437433242798,0.9996972680091858,1.0076202154159546,0.9994314908981323,1.0068941116333008,0.999325156211853,1.0049980878829956,0.9988370537757874,1.0046782493591309,0.9986559748649597,1.0033897161483765,0.9982153177261353,1.0047961473464966,0.9979945421218872,1.0056477785110474,0.997529923915863,1.0023250579833984,0.9971132278442383,1.0046417713165283,0.9966556429862976,1.0039173364639282,0.9961625933647156,1.0086113214492798,0.9956979155540466,1.0136207342147827,0.9954529404640198,1.011790156364441,0.994714617729187,1.0154740810394287,0.9943787455558777,1.0142747163772583,0.9936380386352539,1.019534945487976,0.9930329322814941,1.022961974143982,0.9925628900527954,1.0252037048339844,0.9918347597122192,1.0263516902923584,0.990802526473999,1.032314658164978,0.9901114106178284,1.0327075719833374,0.989323616027832,1.0310763120651245,0.9879454970359802,1.0351943969726562,0.9867565035820007,1.033126950263977,0.9852593541145325,1.0298320055007935,0.983395516872406,1.0276100635528564,0.981631338596344,1.0222715139389038,0.979893147945404,1.0194289684295654,0.9779935479164124,1.0115841627120972,0.9750463962554932,1.0073764324188232,0.9716050028800964,0.9972353577613831,0.9687906503677368,0.9819996356964111,0.9660892486572266,0.9767947196960449,0.962589681148529,0.9631381034851074,0.9577855467796326,0.9492709040641785,0.9540250301361084,0.9295029640197754,0.949118971824646,0.9157587885856628,0.9436940550804138,0.9081705808639526,0.9393190741539001,0.8885354995727539,0.9317693114280701,0.874375581741333,0.92722487449646,0.8587427139282227,0.9197389483451843,0.8427109718322754,0.9141733646392822,0.8203094005584717,0.9068136215209961,0.8074328303337097,0.8997645974159241,0.7943470478057861,0.893143355846405,0.7710238695144653,0.885110080242157,0.7527136206626892,0.8747201561927795,0.7350094318389893,0.868224561214447,0.7163810133934021,0.8600521087646484,0.7010812163352966,0.851341962814331,0.6911199688911438,0.8438202142715454,0.6734265089035034,0.8343077301979065,0.6563243269920349,0.8272846341133118,0.6388301253318787,0.8152958750724792,0.6293759942054749,0.8070323467254639,0.6129410862922668,0.7972676157951355,0.6065661907196045,0.7887803316116333,0.5908625721931458,0.7797573804855347,0.5820083618164062,0.7697223424911499,0.5703878402709961,0.7657890915870667
cnn_wst azure-salad-88,cnn_wst,94,24,0.5408163070678711,6.172042958496604e-06,1.008469820022583,0.9999753832817078,1.0084072351455688,0.9999237060546875,1.0119032859802246,0.9998704195022583,1.0100375413894653,0.9998030662536621,1.0101323127746582,0.9997818470001221,1.0090765953063965,0.9996755719184875,1.0092655420303345,0.9996157288551331,1.008549451828003,0.999412477016449,1.0118149518966675,0.9993826150894165,1.0102888345718384,0.9992201924324036,1.0100308656692505,0.9990761876106262,1.013025164604187,0.9989000558853149,1.0145127773284912,0.9987748861312866,1.0210769176483154,0.9985414743423462,1.0249321460723877,0.9982686042785645,1.023097276687622,0.9981793165206909,1.0297564268112183,0.9978874325752258,1.0355132818222046,0.9974157214164734,1.0419355630874634,0.9972019791603088,1.0474789142608643,0.9967437982559204,1.0501000881195068,0.9960691928863525,1.0551559925079346,0.9955052137374878,1.062813401222229,0.9949960112571716,1.0647327899932861,0.9943719506263733,1.0720983743667603,0.9937325716018677,1.0714695453643799,0.9925615191459656,1.0791277885437012,0.9918791055679321,1.0865126848220825,0.9905703663825989,1.088024377822876,0.9896186590194702,1.0893678665161133,0.9880392551422119,1.0858932733535767,0.9871271252632141,1.0958918333053589,0.9855239391326904,1.0972903966903687,0.9837513566017151,1.0911465883255005,0.9821517467498779,1.0889043807983398,0.9804188013076782,1.0849679708480835,0.9784761667251587,1.083815574645996,0.9759344458580017,1.0800875425338745,0.9744256734848022,1.0799832344055176,0.9715005159378052,1.070826768875122,0.9685494303703308,1.068503499031067,0.9669091105461121,1.0694761276245117,0.9632893800735474,1.0502781867980957,0.9609096646308899,1.0610907077789307,0.9579602479934692,1.0391417741775513,0.9550803899765015,1.044418215751648,0.9515870809555054,1.0312066078186035,0.9483915567398071,1.028729796409607,0.9444862604141235,1.0169155597686768,0.9411810636520386,1.0105865001678467,0.9370520710945129,1.0017162561416626,0.9346084594726562,0.9952623248100281,0.9306657314300537,0.9799659848213196,0.9276442527770996,0.9705133438110352,0.922863781452179,0.9682143926620483,0.9192545413970947,0.9576749205589294,0.9144899845123291,0.9553590416908264,0.9107217192649841,0.9378212690353394,0.9062167406082153,0.9302332401275635,0.9037005305290222,0.9239131212234497,0.9007047414779663,0.9174292087554932,0.8964002132415771,0.9093733429908752,0.8930917382240295,0.9013180732727051,0.8912696242332458
cnn_wst azure-salad-88,cnn_wst,94,37,0.7795918583869934,1.0263349395245314e-05,1.0087777376174927,0.9999855756759644,1.008498191833496,0.9999524354934692,1.0122942924499512,0.9999143481254578,1.0100681781768799,0.9998916387557983,1.0105597972869873,0.9998524785041809,1.0094777345657349,0.9998334050178528,1.0099120140075684,0.9997327923774719,1.0083116292953491,0.9995644688606262,1.011689305305481,0.9994571805000305,1.005336880683899,0.999200165271759,1.0090515613555908,0.9989821910858154,1.0090113878250122,0.998713493347168,1.0069031715393066,0.9984112977981567,1.013112187385559,0.9980270862579346,1.0168899297714233,0.9974202513694763,1.0079084634780884,0.9969964027404785,1.011819839477539,0.9964866042137146,1.0196735858917236,0.995811939239502,1.0188813209533691,0.9951916337013245,1.0195585489273071,0.9942629337310791,1.0264188051223755,0.9933416247367859,1.026748538017273,0.991960346698761,1.0288569927215576,0.9912859797477722,1.0257213115692139,0.9899515509605408,1.0343416929244995,0.9889135360717773,1.0267528295516968,0.9876988530158997,1.0315505266189575,0.9863163232803345,1.035983920097351,0.9849158525466919,1.0347615480422974,0.9837621450424194,1.029484748840332,0.981407880783081,1.032469630241394,0.9793422818183899,1.033430814743042,0.9781992435455322,1.0278809070587158,0.9760929346084595,1.0339027643203735,0.9739704728126526,1.0256274938583374,0.9720498919487,1.0267590284347534,0.9698604345321655,1.0215643644332886,0.96719890832901,1.011594533920288,0.9649098515510559,1.008707880973816,0.9619455933570862,1.0056341886520386,0.9581440091133118,0.9934518337249756,0.9572135210037231,0.9954127669334412,0.9538335800170898,0.983007550239563,0.9508078098297119,0.9811487793922424,0.9470750093460083,0.9696051478385925,0.9438894987106323,0.9613937139511108,0.9419859051704407,0.9510074257850647,0.938360869884491,0.945450484752655,0.9341253638267517,0.9423068761825562,0.9302024841308594,0.9318624138832092,0.9274560213088989,0.9207940101623535,0.9241084456443787,0.9138118028640747,0.921276867389679,0.8953200578689575,0.9177959561347961,0.8902246952056885,0.9139544367790222,0.8895425200462341,0.9082997441291809,0.8819389939308167,0.9045949578285217,0.8706725239753723,0.9009239673614502,0.8738659620285034,0.8977017998695374,0.8645983934402466,0.8947396278381348,0.849824845790863,0.8881217837333679,0.8379683494567871,0.8856430649757385,0.8257061839103699,0.881621241569519,0.8297494649887085,0.877287745475769
cnn_wst azure-salad-88,cnn_wst,94,49,1.0,1.3887081877328455e-05,1.0089075565338135,0.9999871253967285,1.0083210468292236,0.9999490976333618,1.01221764087677,0.9999104142189026,1.0097676515579224,0.9998697638511658,1.010566234588623,0.9997929334640503,1.0094661712646484,0.9997252225875854,1.0104914903640747,0.9995383024215698,1.0081061124801636,0.9993317723274231,1.0117343664169312,0.9990914463996887,1.0026416778564453,0.9986391663551331,1.0081048011779785,0.9982998371124268,1.0075727701187134,0.9978316426277161,1.0021036863327026,0.997314989566803,1.0076371431350708,0.9967090487480164,1.013336181640625,0.9958621859550476,1.0010398626327515,0.9948056936264038,1.00380539894104,0.9941176176071167,1.009117603302002,0.9932079315185547,1.0078810453414917,0.9921563267707825,1.0065873861312866,0.9905727505683899,1.0109058618545532,0.9895628690719604,1.0100377798080444,0.9878181219100952,1.0128552913665771,0.9866313934326172,1.005271553993225,0.9844347834587097,1.0106781721115112,0.9832016229629517,1.0031386613845825,0.9814473986625671,1.0095511674880981,0.9795807003974915,1.0058951377868652,0.9775341749191284,1.003379225730896,0.9763830304145813,0.9997780323028564,0.9739487767219543,1.0038121938705444,0.9712059497833252,0.9963675141334534,0.968705952167511,0.9927070140838623,0.9666427969932556,0.9927781224250793,0.9651778936386108,0.9850267767906189,0.9620577096939087,0.9902092814445496,0.9597067832946777,0.980641782283783,0.9565467238426208,0.9760885238647461,0.9535845518112183,0.9693102240562439,0.9513870477676392,0.9692716598510742,0.9465287923812866,0.9667179584503174,0.9444665908813477,0.9517542123794556,0.9409189820289612,0.951362669467926,0.9374327063560486,0.9508867263793945,0.9327581524848938,0.9415987133979797,0.9296312928199768,0.9326667189598083,0.9263563752174377,0.9222309589385986,0.9227081537246704,0.9193572402000427,0.9174642562866211,0.9139510989189148,0.9138091802597046,0.8995808362960815,0.9103633165359497,0.8845335245132446,0.9055639505386353,0.8847213387489319,0.9021965265274048,0.8737996220588684,0.8974471688270569,0.8572853803634644,0.8926716446876526,0.8507277369499207,0.8874016404151917,0.8395545482635498,0.8831937313079834,0.8366440534591675,0.8770894408226013,0.8278977274894714,0.8742428421974182,0.8267858624458313,0.8694629073143005,0.8220438957214355,0.8631371855735779,0.8074572086334229,0.8591526746749878,0.8043743968009949,0.8513230085372925,0.7983145713806152,0.8475061655044556
cnn_wst iconc-forest-90,cnn_wst,90,0,0.10000000149011612,4.493977598940546e-07,0.9996241927146912,0.9998853802680969,0.9990619421005249,0.9997056722640991,0.9986512660980225,0.9992582201957703,0.9980437755584717,0.9987939596176147,0.9962612986564636,0.9981728196144104,0.9942710399627686,0.9970662593841553,0.9929862022399902,0.9962755441665649,0.9911167025566101,0.9951551556587219,0.9883244633674622,0.9938913583755493,0.9844130873680115,0.9919803738594055,0.9814527630805969,0.9905538558959961,0.9770862460136414,0.9892794489860535,0.9739026427268982,0.9870649576187134,0.9668514728546143,0.9851984977722168,0.9633346199989319,0.9820929765701294,0.9581321477890015,0.9804789423942566,0.951606035232544,0.9778317213058472,0.9416728615760803,0.9756509065628052,0.9343868494033813,0.9736071228981018,0.9278396368026733,0.9696323871612549,0.9203401803970337,0.9658859372138977,0.909049391746521,0.9626150727272034,0.9001166224479675,0.958143949508667,0.890314519405365,0.9555714726448059,0.8770971894264221,0.951562762260437,0.8680785298347473,0.9489686489105225,0.8538547158241272,0.9426073431968689,0.8439575433731079,0.937544047832489,0.8280649185180664,0.9325358271598816,0.8141358494758606,0.9286158084869385,0.7987420558929443,0.9233182668685913,0.7830955982208252,0.9168745279312134,0.7675581574440002,0.9117825031280518,0.7530739307403564,0.9031548500061035,0.7329167127609253,0.8972408771514893,0.7173629403114319,0.8895071744918823,0.700074315071106,0.8818028569221497,0.6817082762718201,0.876166820526123,0.6674871444702148,0.869067907333374,0.6459514498710632,0.8621178269386292,0.627623975276947,0.8506778478622437,0.6103745698928833,0.8406911492347717,0.5932691693305969,0.8298658132553101,0.5677506327629089,0.8194338083267212,0.5569761991500854,0.8076539635658264,0.5368790626525879,0.7975839972496033,0.5120578408241272,0.7872165441513062,0.4934198260307312,0.7697196006774902,0.4831303656101227,0.7558965086936951,0.4593241810798645,0.7390425205230713,0.44051599502563477,0.7262324690818787,0.42722535133361816,0.7128149271011353,0.40599921345710754,0.6902661919593811,0.39305901527404785,0.6735792756080627,0.37297970056533813,0.6577240228652954,0.3564891517162323,0.6389309167861938,0.3435513377189636,0.6142921447753906,0.3265867829322815,0.599306046962738,0.31068089604377747,0.5780586004257202,0.2986030876636505,0.5565333366394043,0.2818989157676697,0.5291686058044434,0.2734781503677368,0.5134257674217224,0.2618308663368225,0.4955272078514099
cnn_wst iconc-forest-90,cnn_wst,90,12,0.3204081654548645,2.395572664681822e-06,1.003771185874939,0.9999827742576599,1.004949927330017,0.9999295473098755,1.0037347078323364,0.9998441338539124,1.0042593479156494,0.9997304081916809,1.0050513744354248,0.9996035695075989,1.0065648555755615,0.999382495880127,1.0074301958084106,0.999249279499054,1.006517767906189,0.9990751147270203,1.0102893114089966,0.9988678097724915,1.0071330070495605,0.9985612630844116,1.0089815855026245,0.9982756972312927,1.0041015148162842,0.9981544613838196,1.0090240240097046,0.997783899307251,1.0020028352737427,0.9976634979248047,1.0064387321472168,0.9972421526908875,1.0078978538513184,0.9971356987953186,1.0039066076278687,0.9968110918998718,0.9992268085479736,0.9965692758560181,1.0029658079147339,0.9960088729858398,1.0026441812515259,0.9958220720291138,1.0039284229278564,0.9951232075691223,1.0061633586883545,0.994426429271698,1.003566026687622,0.9942370653152466,1.007664680480957,0.9932500123977661,1.0106810331344604,0.9929961562156677,1.0094668865203857,0.9920305013656616,1.0152342319488525,0.9908918738365173,1.0154932737350464,0.9900761842727661,1.0201541185379028,0.9883082509040833,1.0163168907165527,0.9871928691864014,1.0245128870010376,0.9854350090026855,1.0189424753189087,0.9839868545532227,1.0334014892578125,0.9826692938804626,1.0273313522338867,0.9796309471130371,1.0247761011123657,0.9777189493179321,1.0292404890060425,0.9745703935623169,1.0255517959594727,0.9726024866104126,1.0294525623321533,0.9703608751296997,1.0277390480041504,0.9674652218818665,1.0194690227508545,0.9630060195922852,1.0123907327651978,0.9585247039794922,1.0065996646881104,0.9550467133522034,1.0025980472564697,0.9498803019523621,0.990265965461731,0.9465834498405457,0.9876298904418945,0.9409546852111816,0.9701600074768066,0.9362711310386658,0.9552817940711975,0.9296539425849915,0.9399017095565796,0.9237915277481079,0.9324783086776733,0.9160405397415161,0.9143173694610596,0.9105294942855835,0.8962551951408386,0.9030058979988098,0.8831565976142883,0.8952970504760742,0.8665730357170105,0.8890544176101685,0.8544231653213501,0.8799770474433899,0.8344379663467407,0.8722578883171082,0.815131425857544,0.8646008968353271,0.801645040512085,0.8560450077056885,0.7840650081634521,0.8481777310371399,0.7633441686630249,0.83554607629776,0.757371187210083,0.8302772045135498,0.7400639653205872,0.8215224742889404,0.7262362241744995,0.8155555725097656,0.7177307605743408,0.8031179904937744
cnn_wst iconc-forest-90,cnn_wst,90,24,0.5408163070678711,5.184593192097964e-06,1.0057018995285034,0.9999982118606567,1.0065152645111084,0.9999831318855286,1.004319429397583,0.9999672770500183,1.0049331188201904,0.9999404549598694,1.0075114965438843,0.9999049305915833,1.0108537673950195,0.9998534321784973,1.012257695198059,0.9997860193252563,1.0118310451507568,0.9997171759605408,1.017593264579773,0.999604344367981,1.015363335609436,0.9994029998779297,1.01656174659729,0.9992960095405579,1.0116808414459229,0.9991400241851807,1.0207691192626953,0.9987955093383789,1.0135810375213623,0.9986369609832764,1.0175880193710327,0.9983808994293213,1.0192168951034546,0.9982205629348755,1.01404869556427,0.9978517293930054,1.0116291046142578,0.9974552392959595,1.0195705890655518,0.9969090223312378,1.0147957801818848,0.9964349269866943,1.0177676677703857,0.9957202076911926,1.0156270265579224,0.995228111743927,1.0221636295318604,0.9945087432861328,1.0176447629928589,0.9940993785858154,1.0216012001037598,0.9930731654167175,1.0232462882995605,0.9923520684242249,1.0295045375823975,0.991155207157135,1.0263454914093018,0.9900935888290405,1.0332859754562378,0.9889963269233704,1.0278271436691284,0.9881604909896851,1.039770245552063,0.9863827228546143,1.0338910818099976,0.985044538974762,1.0429236888885498,0.9837214946746826,1.0450206995010376,0.982637882232666,1.0457261800765991,0.9804685711860657,1.0482125282287598,0.9783832430839539,1.0493180751800537,0.9764237999916077,1.0572853088378906,0.9745941162109375,1.0544283390045166,0.972926914691925,1.0584666728973389,0.9701583385467529,1.0552937984466553,0.9674548506736755,1.0558123588562012,0.9657819271087646,1.0556492805480957,0.9630783200263977,1.053402066230774,0.9601221084594727,1.058915376663208,0.9582116007804871,1.0552833080291748,0.9557189345359802,1.0500330924987793,0.9516355991363525,1.0424519777297974,0.9487215876579285,1.0467263460159302,0.9457091689109802,1.0370746850967407,0.9423565864562988,1.032553791999817,0.9401878714561462,1.032141089439392,0.9374211430549622,1.0306859016418457,0.9328676462173462,1.0355390310287476,0.9306829571723938,1.0190491676330566,0.9255191087722778,1.0121033191680908,0.9230506420135498,0.9978820085525513,0.9183399081230164,0.9932751059532166,0.9146571755409241,0.9870962500572205,0.9110380411148071,0.9815358519554138,0.9070675373077393,0.977759838104248,0.9051376581192017,0.967401921749115,0.9006110429763794,0.9663175940513611,0.8987391591072083
cnn_wst iconc-forest-90,cnn_wst,90,37,0.7795918583869934,8.75653131515719e-06,1.0067745447158813,0.9999977350234985,1.006782054901123,0.9999858140945435,1.0044575929641724,0.9999639987945557,1.0046337842941284,0.999932587146759,1.0075708627700806,0.9998727440834045,1.0115962028503418,0.9997867941856384,1.0126104354858398,0.9996896386146545,1.0122944116592407,0.999546229839325,1.0173169374465942,0.9993259906768799,1.0155600309371948,0.9989900588989258,1.0154772996902466,0.9988247156143188,1.0104782581329346,0.998495876789093,1.0206975936889648,0.9979738593101501,1.0129005908966064,0.9976415038108826,1.0168864727020264,0.9970881342887878,1.0143629312515259,0.9968077540397644,1.0117136240005493,0.9962773323059082,1.0089064836502075,0.9955394268035889,1.012264609336853,0.9948578476905823,1.0084129571914673,0.9940186738967896,1.0087025165557861,0.9929950833320618,1.0021640062332153,0.9918239712715149,1.011656403541565,0.9910157918930054,1.0053839683532715,0.9903289675712585,1.0074129104614258,0.9886916279792786,1.0042517185211182,0.987744927406311,1.0061849355697632,0.9866380095481873,1.0003046989440918,0.9847267270088196,1.0032954216003418,0.9833978414535522,0.9962782263755798,0.9823671579360962,1.002697467803955,0.9807437658309937,0.9983545541763306,0.9786404967308044,0.9992271661758423,0.9767877459526062,1.004500150680542,0.9757274389266968,0.9999651908874512,0.9736700057983398,0.9979193806648254,0.9716457724571228,0.9961734414100647,0.9695195555686951,0.9926432967185974,0.9676671624183655,0.991275429725647,0.9654078483581543,0.988451361656189,0.962741494178772,0.9943823218345642,0.9599274396896362,0.9902657270431519,0.9582909941673279,0.9908226132392883,0.9555253386497498,0.9837472438812256,0.9523218274116516,0.9852551817893982,0.9494979977607727,0.9853894710540771,0.9464904069900513,0.9787114858627319,0.9421418905258179,0.9730254411697388,0.9406198859214783,0.9783693552017212,0.9371890425682068,0.9673270583152771,0.9339048266410828,0.9609598517417908,0.9290629029273987,0.9538331031799316,0.9262444972991943,0.9603480696678162,0.9247696995735168,0.9449999332427979,0.9207738637924194,0.9423927664756775,0.9161816835403442,0.9346786737442017,0.9110009670257568,0.9312447309494019,0.9085972309112549,0.9286283254623413,0.9036404490470886,0.9190852046012878,0.9009132981300354,0.9213763475418091,0.8959916830062866,0.914953351020813,0.8915652632713318,0.9083737730979919,0.8868041038513184,0.8990156054496765,0.8841562271118164
cnn_wst iconc-forest-90,cnn_wst,90,49,1.0,1.1885064850503113e-05,1.0071848630905151,0.9999954104423523,1.0065507888793945,0.9999787211418152,1.0046119689941406,0.9999401569366455,1.004213571548462,0.9998813271522522,1.0070486068725586,0.9997882843017578,1.0112560987472534,0.9996435046195984,1.0117623805999756,0.999504566192627,1.0118210315704346,0.9992721676826477,1.015554666519165,0.9989668130874634,1.0141509771347046,0.9984850287437439,1.0125911235809326,0.9982304573059082,1.0069915056228638,0.9977871179580688,1.016994595527649,0.9971668720245361,1.0103195905685425,0.9966628551483154,1.013624668121338,0.9958665370941162,1.0095493793487549,0.9953532814979553,1.0066684484481812,0.9948618412017822,1.0043349266052246,0.993848443031311,1.0044184923171997,0.9929190278053284,1.0014328956604004,0.9920610785484314,1.0003471374511719,0.9905978441238403,0.9923145771026611,0.9891407489776611,1.0011036396026611,0.9882316589355469,0.9969200491905212,0.9869118928909302,0.996312141418457,0.9852761626243591,0.9898728132247925,0.9837016463279724,0.9912059307098389,0.9827538728713989,0.9842463135719299,0.9806680083274841,0.9872848987579346,0.9786442518234253,0.9788051843643188,0.9775986671447754,0.9810057878494263,0.9748649597167969,0.9763621091842651,0.973041832447052,0.9767517447471619,0.9710535407066345,0.9781185984611511,0.9691224098205566,0.9713507890701294,0.9670949578285217,0.9738060832023621,0.963828980922699,0.9662452340126038,0.9617869257926941,0.9610192775726318,0.9603886008262634,0.9600340127944946,0.9574899077415466,0.9488556385040283,0.954639732837677,0.9505568146705627,0.951510488986969,0.9490085244178772,0.9478402137756348,0.9410907626152039,0.9460640549659729,0.9434021711349487,0.9431272149085999,0.9370879530906677,0.9393435716629028,0.9296960234642029,0.9372852444648743,0.9191661477088928,0.9323689937591553,0.9168886542320251,0.9290280342102051,0.9217365980148315,0.9246769547462463,0.9100475311279297,0.9209666848182678,0.9052684903144836,0.9167946577072144,0.8945392370223999,0.91215980052948,0.892951250076294,0.9095449447631836,0.8929674625396729,0.9058988094329834,0.8765869736671448,0.9005491137504578,0.8665274381637573,0.8945958614349365,0.8653379678726196,0.8932183384895325,0.8571681976318359,0.8863386511802673,0.8490265011787415,0.882777988910675,0.8462087512016296,0.8795990943908691,0.833416223526001,0.8715929388999939,0.8249327540397644,0.8683065176010132,0.8235239386558533,0.8629114627838135
cnn_wst iconc-forest-90,cnn_wst,91,0,0.10000000149011612,4.520675247476902e-07,0.9996595978736877,0.9998195171356201,0.9992917776107788,0.9995725154876709,0.9984555840492249,0.9990624785423279,0.9975649118423462,0.9985461831092834,0.9965077042579651,0.9979872703552246,0.9947652816772461,0.9972635507583618,0.9925094842910767,0.9960384964942932,0.9908837080001831,0.9950862526893616,0.9879041314125061,0.9935909509658813,0.9848684668540955,0.9925693869590759,0.9803504943847656,0.9914740920066833,0.9781332612037659,0.9890925288200378,0.9732064604759216,0.9870558381080627,0.968171238899231,0.9852275252342224,0.9619947671890259,0.9833880066871643,0.9585216641426086,0.9806089997291565,0.9507867097854614,0.9774346351623535,0.9441978931427002,0.9750794768333435,0.9377886056900024,0.9727152585983276,0.926919162273407,0.9693140983581543,0.9192090034484863,0.9668508768081665,0.9112487435340881,0.9630544781684875,0.9008567333221436,0.9583312273025513,0.8902456164360046,0.9550018310546875,0.875666618347168,0.9516435861587524,0.8682913184165955,0.9466357231140137,0.8540211915969849,0.9435619115829468,0.8423284888267517,0.9386886954307556,0.8276040554046631,0.9349479675292969,0.8136973977088928,0.9267591238021851,0.7989750504493713,0.9233006834983826,0.7815259695053101,0.9176585674285889,0.7697226405143738,0.9103250503540039,0.7506228089332581,0.9031534790992737,0.7343282699584961,0.8977127075195312,0.7219159007072449,0.8908053040504456,0.7001457810401917,0.8856357336044312,0.6853397488594055,0.8777262568473816,0.6657660007476807,0.8691728711128235,0.6471022963523865,0.8574357628822327,0.6286426782608032,0.8510178327560425,0.6149415969848633,0.8418169021606445,0.5875621438026428,0.8301105499267578,0.5713641047477722,0.8221848607063293,0.5544371008872986,0.8097809553146362,0.5367878079414368,0.7942980527877808,0.5187248587608337,0.7808578610420227,0.4974818229675293,0.7720089554786682,0.480365514755249,0.7594041228294373,0.4608292579650879,0.7442300319671631,0.44579246640205383,0.728638768196106,0.42419230937957764,0.7106131911277771,0.4073353707790375,0.6966645121574402,0.3873943090438843,0.6698001623153687,0.37633755803108215,0.6542658805847168,0.35575318336486816,0.6358240842819214,0.344198614358902,0.6174820065498352,0.32633617520332336,0.5967166423797607,0.31143540143966675,0.5754918456077576,0.3012956380844116,0.5546325445175171,0.2808244526386261,0.5391964316368103,0.2705075442790985,0.5169143676757812,0.261534184217453,0.4989174008369446
cnn_wst iconc-forest-90,cnn_wst,91,12,0.3204081654548645,2.411807827229495e-06,1.0067445039749146,0.9999791383743286,1.0076645612716675,0.9999118447303772,1.0065983533859253,0.9997898936271667,1.007378101348877,0.9996734857559204,1.006346344947815,0.9995402097702026,1.008544921875,0.9994323253631592,1.0067517757415771,0.9991933703422546,1.0091291666030884,0.9990563988685608,1.0117783546447754,0.9988057613372803,1.0095340013504028,0.9987028241157532,1.0089523792266846,0.9984311461448669,1.0105400085449219,0.9982373714447021,1.0082119703292847,0.9979761242866516,1.010576605796814,0.9976273775100708,1.006110429763794,0.997502863407135,1.0068660974502563,0.9971824884414673,1.0072858333587646,0.9969000220298767,1.0074443817138672,0.9965049028396606,1.010858416557312,0.9961685538291931,1.0041815042495728,0.9958233833312988,1.00629460811615,0.9954900741577148,1.0111048221588135,0.9949076771736145,1.014517068862915,0.9942300915718079,1.0124582052230835,0.99322110414505,1.0181962251663208,0.9927631616592407,1.0192289352416992,0.9918848872184753,1.0195752382278442,0.9904866814613342,1.023369312286377,0.9897453188896179,1.033553957939148,0.9883661270141602,1.032698392868042,0.9869969487190247,1.0359147787094116,0.9855608344078064,1.0377321243286133,0.9840593934059143,1.0446354150772095,0.981557309627533,1.0410226583480835,0.9802284836769104,1.051540732383728,0.9772464632987976,1.0525792837142944,0.97507244348526,1.0448435544967651,0.9721643328666687,1.0512195825576782,0.9689728617668152,1.0516895055770874,0.9664502143859863,1.0440049171447754,0.9621140360832214,1.0380736589431763,0.9584022164344788,1.0310802459716797,0.9539165496826172,1.018968105316162,0.9505680799484253,1.0139732360839844,0.9449499249458313,1.0058284997940063,0.9405616521835327,0.9976720809936523,0.9345484375953674,0.980665385723114,0.9294782876968384,0.9717451333999634,0.9229532480239868,0.949474573135376,0.9170939922332764,0.9406867623329163,0.9108496308326721,0.9155389070510864,0.9028770327568054,0.9013277888298035,0.8961741328239441,0.8880886435508728,0.8855694532394409,0.8675268292427063,0.8788760900497437,0.8558880090713501,0.8692060112953186,0.8351646065711975,0.8643056154251099,0.8214947581291199,0.8544859290122986,0.801964282989502,0.847670316696167,0.7920504212379456,0.8342400193214417,0.7680211663246155,0.8318036794662476,0.75431889295578,0.8204047083854675,0.7447289824485779,0.8135835528373718,0.7309249043464661,0.8083198666572571
cnn_wst iconc-forest-90,cnn_wst,91,24,0.5408163070678711,5.342490112525411e-06,1.007076621055603,0.999998152256012,1.0083283185958862,0.9999839067459106,1.0089945793151855,0.9999669194221497,1.0093833208084106,0.9999333024024963,1.0085322856903076,0.9998874068260193,1.011799931526184,0.9998490214347839,1.0098761320114136,0.9997257590293884,1.0138814449310303,0.9996137619018555,1.0183993577957153,0.9995323419570923,1.0166422128677368,0.9993237257003784,1.0163086652755737,0.9991481900215149,1.0165858268737793,0.9988963007926941,1.017776370048523,0.9986713528633118,1.0184866189956665,0.998254656791687,1.0147371292114258,0.9979194402694702,1.0147151947021484,0.9975553750991821,1.0181987285614014,0.9968770146369934,1.0158993005752563,0.9963019490242004,1.0182260274887085,0.9958512783050537,1.0128318071365356,0.9951659440994263,1.0172361135482788,0.9945299029350281,1.0154216289520264,0.99371737241745,1.0177747011184692,0.9928581714630127,1.0218966007232666,0.991415798664093,1.02266263961792,0.9905056953430176,1.0251532793045044,0.9891757369041443,1.0247188806533813,0.9876465201377869,1.0284358263015747,0.9864206910133362,1.035764217376709,0.9851403832435608,1.0377386808395386,0.9832893013954163,1.0419397354125977,0.981137216091156,1.0390831232070923,0.9798493981361389,1.0490278005599976,0.9775307178497314,1.0502667427062988,0.975426197052002,1.0552661418914795,0.9737654328346252,1.0584434270858765,0.972283661365509,1.0604969263076782,0.9693570137023926,1.0641286373138428,0.9675368070602417,1.0635771751403809,0.9650073051452637,1.0658985376358032,0.9610663652420044,1.0666463375091553,0.9587903022766113,1.067053198814392,0.9560043215751648,1.0750300884246826,0.9534389972686768,1.064805269241333,0.9514026045799255,1.0668938159942627,0.9471362233161926,1.0734363794326782,0.9443048238754272,1.0670024156570435,0.9411793351173401,1.056395411491394,0.9364172220230103,1.0487875938415527,0.933563232421875,1.054405927658081,0.9291340708732605,1.0533552169799805,0.9267910718917847,1.0442389249801636,0.9224247932434082,1.0436400175094604,0.9164055585861206,1.0300594568252563,0.9145763516426086,1.0290462970733643,0.9096824526786804,1.0217703580856323,0.9067696332931519,1.008858561515808,0.9014960527420044,1.0040749311447144,0.8966479897499084,1.0033531188964844,0.8910270929336548,0.9858571290969849,0.8899780511856079,0.9860970973968506,0.8848077058792114,0.975786566734314,0.8814358115196228,0.9705408811569214,0.8765280246734619
cnn_wst iconc-forest-90,cnn_wst,91,37,0.7795918583869934,9.160373338090722e-06,1.0071067810058594,0.9999883770942688,1.0084071159362793,0.9999726414680481,1.0095775127410889,0.9999403953552246,1.0092581510543823,0.9998801946640015,1.008965253829956,0.9997954368591309,1.011875867843628,0.9996749758720398,1.0097097158432007,0.9994456171989441,1.0132591724395752,0.9992347359657288,1.0186010599136353,0.9989713430404663,1.0182842016220093,0.9985597729682922,1.0161845684051514,0.9982537031173706,1.0142537355422974,0.9977597594261169,1.0179039239883423,0.997305154800415,1.0177454948425293,0.9965135455131531,1.0116125345230103,0.9960160255432129,1.0107908248901367,0.9952472448348999,1.0138065814971924,0.9939938187599182,1.011605978012085,0.9932191967964172,1.0106470584869385,0.9923493266105652,1.0059192180633545,0.9909616708755493,1.011945128440857,0.9900439381599426,1.0056010484695435,0.9888933300971985,1.0013537406921387,0.9878044128417969,1.0058022737503052,0.9861339926719666,1.0031739473342896,0.9845205545425415,1.0049854516983032,0.9829095005989075,1.0022834539413452,0.9810870289802551,0.9935954213142395,0.9795357584953308,0.9978442788124084,0.9773375391960144,1.003331184387207,0.9757422804832458,1.0055150985717773,0.9732305407524109,0.9995037913322449,0.9708964228630066,0.9997082948684692,0.9682567119598389,0.9948311448097229,0.9660652875900269,0.998583972454071,0.9632700681686401,0.9960533976554871,0.9617733955383301,0.9966237545013428,0.9587611556053162,0.993887186050415,0.9554557204246521,1.003432273864746,0.9534017443656921,0.9970240592956543,0.948743462562561,0.9900186061859131,0.9463928937911987,0.989227294921875,0.9444378614425659,0.9940178990364075,0.9403495192527771,0.9884247183799744,0.9361333847045898,0.9861743450164795,0.9332475066184998,0.9891386032104492,0.9305645823478699,0.9839741587638855,0.9270271062850952,0.9773809909820557,0.9227589964866638,0.9719198942184448,0.9196599721908569,0.9692391753196716,0.9135411381721497,0.9649613499641418,0.9105216860771179,0.9583002328872681,0.9073432683944702,0.9449845552444458,0.9013884663581848,0.9442457556724548,0.8993937969207764,0.9477361440658569,0.8952998518943787,0.9346135854721069,0.889495313167572,0.9356374740600586,0.8850946426391602,0.9276964664459229,0.8810265064239502,0.9180545210838318,0.8757027387619019,0.92188560962677,0.8714280128479004,0.9149390459060669,0.8671098947525024,0.9105941653251648,0.8640711903572083,0.8975988626480103,0.8594408631324768
cnn_wst iconc-forest-90,cnn_wst,91,49,1.0,1.2517297363956459e-05,1.0071892738342285,0.9999793171882629,1.0085142850875854,0.9999509453773499,1.0095477104187012,0.9998795390129089,1.0087733268737793,0.9997909665107727,1.0089229345321655,0.999639630317688,1.0116876363754272,0.9994301199913025,1.0090645551681519,0.9990927577018738,1.012220859527588,0.9987810850143433,1.0174940824508667,0.9983577728271484,1.0183875560760498,0.9977654218673706,1.015602707862854,0.9973152279853821,1.0126194953918457,0.9966312050819397,1.0157893896102905,0.9960101246833801,1.0162899494171143,0.9949327707290649,1.0101354122161865,0.9943830370903015,1.0078051090240479,0.9932428598403931,1.0103150606155396,0.9918464422225952,1.0068528652191162,0.9908538460731506,1.004241704940796,0.9895975589752197,1.0029253959655762,0.9877997636795044,1.0060384273529053,0.9864755272865295,1.0003728866577148,0.9848648905754089,0.9967876672744751,0.9836943745613098,0.9997649192810059,0.981911301612854,0.9967551231384277,0.9798979163169861,0.9989702105522156,0.9779156446456909,0.9929378628730774,0.9762274026870728,0.9847363233566284,0.9740076661109924,0.9866036176681519,0.9718114733695984,0.9915907382965088,0.9689860939979553,0.9903112053871155,0.9665202498435974,0.9834955334663391,0.9645175337791443,0.9838947653770447,0.961145281791687,0.9797106385231018,0.9586115479469299,0.9746711254119873,0.9556223750114441,0.9758317470550537,0.952793300151825,0.9711004495620728,0.951035737991333,0.9710009098052979,0.9476647973060608,0.9744013547897339,0.9443076848983765,0.9729316830635071,0.9406872987747192,0.9630990028381348,0.9377078413963318,0.9637479782104492,0.9343975186347961,0.9588392972946167,0.9316673278808594,0.9527013897895813,0.9274490475654602,0.9493980407714844,0.9233160614967346,0.9490162134170532,0.9188942313194275,0.9447723627090454,0.9154592156410217,0.9428202509880066,0.9103060960769653,0.9436283111572266,0.9061086177825928,0.9279932379722595,0.9022724628448486,0.9258947372436523,0.8976547122001648,0.9274390935897827,0.8939037322998047,0.9183570742607117,0.8900498151779175,0.9067822098731995,0.8832846283912659,0.9022955894470215,0.8808413147926331,0.8971179723739624,0.8722578287124634,0.8913963437080383,0.8717907071113586,0.8860604763031006,0.8641073703765869,0.8760247826576233,0.8588632941246033,0.8800593614578247,0.8542185425758362,0.8687418103218079,0.8464661836624146,0.8696223497390747,0.8435742855072021,0.8577723503112793,0.8386951088905334
cnn_wst iconc-forest-90,cnn_wst,92,0,0.10000000149011612,4.52115784810303e-07,0.999731183052063,0.999887228012085,0.9994415044784546,0.9995930790901184,0.9982906579971313,0.9991273880004883,0.9972566962242126,0.998645544052124,0.996596097946167,0.9982337355613708,0.994470477104187,0.9974056482315063,0.9922887086868286,0.9962034225463867,0.9901105761528015,0.9950383305549622,0.9882196187973022,0.9938936829566956,0.9840390086174011,0.9923091530799866,0.981164813041687,0.990886390209198,0.9772958159446716,0.9889736175537109,0.9729131460189819,0.9876459836959839,0.9695176482200623,0.9852349758148193,0.963546097278595,0.9829712510108948,0.9576697945594788,0.9803557395935059,0.9509329199790955,0.977836012840271,0.9435097575187683,0.9754984378814697,0.9357525706291199,0.9730401039123535,0.9277867674827576,0.9694560766220093,0.9187102317810059,0.9668198227882385,0.9105598330497742,0.9632852673530579,0.9013379216194153,0.9593865275382996,0.8889241814613342,0.9560264348983765,0.8789322972297668,0.9513162970542908,0.8648899793624878,0.9466355443000793,0.8537808656692505,0.9424787759780884,0.8412498235702515,0.9377089738845825,0.8250495195388794,0.9332176446914673,0.8126348853111267,0.9281834363937378,0.7979604601860046,0.9235422015190125,0.7810807824134827,0.917496383190155,0.7666364312171936,0.9124685525894165,0.749234676361084,0.9025766253471375,0.7311608195304871,0.8968808054924011,0.7144820094108582,0.889464795589447,0.6950721740722656,0.8836692571640015,0.6834455132484436,0.8751033544540405,0.6616738438606262,0.8678348660469055,0.6430945992469788,0.857617199420929,0.6226810216903687,0.8502635955810547,0.6072179079055786,0.8404534459114075,0.5890681147575378,0.8304967284202576,0.5699475407600403,0.8183026909828186,0.5489463806152344,0.8083013296127319,0.5314550995826721,0.7953401207923889,0.5086201429367065,0.7847611904144287,0.49036163091659546,0.7711391448974609,0.47787225246429443,0.7561797499656677,0.4572910964488983,0.7401573657989502,0.4361325800418854,0.7231307029724121,0.4204781949520111,0.7139208316802979,0.4030402898788452,0.6916244029998779,0.3881269693374634,0.6738332509994507,0.36605924367904663,0.6568013429641724,0.351122111082077,0.6391409635543823,0.33718007802963257,0.6189653277397156,0.3178967237472534,0.5956186652183533,0.3037356734275818,0.5744965672492981,0.2883044481277466,0.5507544875144958,0.2775791585445404,0.5440695285797119,0.2677672803401947,0.5146982073783875,0.25309687852859497,0.4963930547237396
cnn_wst iconc-forest-90,cnn_wst,92,12,0.3204081654548645,2.4277876491396455e-06,1.004286527633667,0.9999833106994629,1.0044302940368652,0.9999099969863892,1.0039476156234741,0.9998062252998352,1.0039809942245483,0.9996739029884338,1.0065486431121826,0.9995913505554199,1.0039944648742676,0.9994215965270996,1.0055850744247437,0.9992024302482605,1.0049159526824951,0.9989628791809082,1.0065323114395142,0.9988422989845276,1.00497305393219,0.9984720349311829,1.006788730621338,0.9981481432914734,1.0070827007293701,0.9980877041816711,1.0039821863174438,0.9978690147399902,1.0059008598327637,0.9973958134651184,1.006433367729187,0.9969773292541504,1.00312340259552,0.9966533780097961,1.0004791021347046,0.9965660572052002,1.0004141330718994,0.9960307478904724,0.9981681108474731,0.9958481192588806,1.0020415782928467,0.9952128529548645,0.9981189370155334,0.9948118329048157,1.0032933950424194,0.9943827986717224,1.002544641494751,0.9938220381736755,1.0037014484405518,0.9929343461990356,1.002777338027954,0.9923099875450134,1.005321979522705,0.991318941116333,1.0088748931884766,0.9905301332473755,1.0103174448013306,0.9894639849662781,1.0097564458847046,0.9881969690322876,1.0133845806121826,0.9867565035820007,1.0126901865005493,0.9850382208824158,1.0152920484542847,0.9830673336982727,1.021060824394226,0.9817107915878296,1.0175384283065796,0.9799840450286865,1.0171977281570435,0.9776579737663269,1.013555884361267,0.9745264053344727,1.0050017833709717,0.9719499945640564,1.0151784420013428,0.9695339798927307,1.0061426162719727,0.9658880829811096,1.0032312870025635,0.9621111750602722,1.0032947063446045,0.9582545757293701,0.9933127760887146,0.9538602828979492,0.9828406572341919,0.9490365982055664,0.9752036333084106,0.9445158839225769,0.9662889838218689,0.9388955235481262,0.950559139251709,0.9337635040283203,0.9379861354827881,0.9287319779396057,0.9208620190620422,0.9220362901687622,0.9108868837356567,0.9179822206497192,0.8990381360054016,0.9079403281211853,0.8844870924949646,0.901735782623291,0.8636310696601868,0.8967944383621216,0.8516890406608582,0.8891169428825378,0.8333485126495361,0.8810481429100037,0.8143921494483948,0.8710094094276428,0.804509162902832,0.8632932305335999,0.7816894054412842,0.852837860584259,0.7688185572624207,0.846264660358429,0.7526774406433105,0.8372589945793152,0.7372670769691467,0.8286614418029785,0.7311009764671326,0.8225598931312561,0.7113704681396484,0.8166512250900269,0.7104042172431946,0.8069437146186829
cnn_wst iconc-forest-90,cnn_wst,92,24,0.5408163070678711,5.20155072081252e-06,1.0058590173721313,0.9999976754188538,1.005896806716919,0.9999844431877136,1.005367636680603,0.9999657273292542,1.005763292312622,0.9999220967292786,1.010526180267334,0.9998840689659119,1.0073785781860352,0.9998308420181274,1.008783221244812,0.9997642636299133,1.0117377042770386,0.9996581673622131,1.0126878023147583,0.9996489882469177,1.0118156671524048,0.9994274973869324,1.0139825344085693,0.9993016123771667,1.0170254707336426,0.9991792440414429,1.0143696069717407,0.9990599751472473,1.0151053667068481,0.9987302422523499,1.0179847478866577,0.9984513521194458,1.0139516592025757,0.9982109665870667,1.0137251615524292,0.9979957938194275,1.01680588722229,0.9974908828735352,1.0128549337387085,0.9972057342529297,1.0128902196884155,0.9967854619026184,1.011738896369934,0.996300220489502,1.0187705755233765,0.9957854151725769,1.0164549350738525,0.9951987266540527,1.0196101665496826,0.9944688677787781,1.019224762916565,0.9940117597579956,1.0230313539505005,0.9927607774734497,1.0214616060256958,0.9924226403236389,1.0250804424285889,0.991339385509491,1.026898741722107,0.9902928471565247,1.0331482887268066,0.988990068435669,1.031454086303711,0.9880787134170532,1.0352694988250732,0.9867115020751953,1.0302759408950806,0.985344409942627,1.0389991998672485,0.9837938547134399,1.0382530689239502,0.9827765226364136,1.0409342050552368,0.9811931252479553,1.0420151948928833,0.9785886406898499,1.0481977462768555,0.9771162867546082,1.0465887784957886,0.9757908582687378,1.046979308128357,0.9730770587921143,1.0472701787948608,0.9716572761535645,1.0501928329467773,0.9687851667404175,1.0453087091445923,0.9654091000556946,1.042725920677185,0.964704155921936,1.0406315326690674,0.9616955518722534,1.0377885103225708,0.9575672745704651,1.0384491682052612,0.9565356969833374,1.0374274253845215,0.9532709717750549,1.0296778678894043,0.9504657983779907,1.0344293117523193,0.9482538104057312,1.0249329805374146,0.9448035955429077,1.0159322023391724,0.9407185316085815,1.0127934217453003,0.9381119012832642,1.018810510635376,0.9343671202659607,1.0027656555175781,0.9305489659309387,0.9978916049003601,0.9280179142951965,0.9926176071166992,0.9236288070678711,0.9887105226516724,0.9193113446235657,0.9790343046188354,0.9186806082725525,0.9690816402435303,0.9138541221618652,0.9680299162864685,0.9107886552810669,0.9572078585624695,0.9084945321083069,0.9585568904876709,0.9035003185272217
cnn_wst iconc-forest-90,cnn_wst,92,37,0.7795918583869934,8.722287930140737e-06,1.0066519975662231,0.999998152256012,1.0063459873199463,0.9999913573265076,1.0053752660751343,0.9999770522117615,1.0063508749008179,0.9999287724494934,1.011605978012085,0.9998708367347717,1.008405089378357,0.9997947812080383,1.0080757141113281,0.9996890425682068,1.0129475593566895,0.9995344281196594,1.01292085647583,0.9994919896125793,1.0117907524108887,0.9991555213928223,1.0127875804901123,0.999046266078949,1.0158047676086426,0.9987034201622009,1.0122934579849243,0.9984993934631348,1.0144870281219482,0.9981216788291931,1.0148054361343384,0.9975361824035645,1.0102345943450928,0.9972296953201294,1.0131046772003174,0.9968053698539734,1.0105961561203003,0.9960486888885498,1.006484866142273,0.9955123662948608,1.0031564235687256,0.9948016405105591,1.000125527381897,0.9942914843559265,1.0076594352722168,0.9935489296913147,1.0029741525650024,0.9925820231437683,1.005244493484497,0.9917859435081482,0.9980903267860413,0.9905791282653809,1.0048375129699707,0.9894862174987793,1.0003117322921753,0.9886444807052612,1.0005041360855103,0.9875923991203308,1.0018583536148071,0.9863818287849426,1.0043277740478516,0.9844078421592712,1.0011683702468872,0.9836840629577637,0.9992253184318542,0.9820188283920288,0.9989455342292786,0.9800276160240173,1.002478837966919,0.9778273701667786,0.9961931705474854,0.9772971272468567,1.0016378164291382,0.9753087162971497,0.9979208707809448,0.972533106803894,0.9980514645576477,0.9711917042732239,0.9975454807281494,0.9693019986152649,0.9938140511512756,0.9671642780303955,0.9958645701408386,0.9652426242828369,0.9971102476119995,0.9623213410377502,0.9853727221488953,0.9597203731536865,0.9876763224601746,0.9573676586151123,0.9813200831413269,0.9552178978919983,0.9884378910064697,0.9518616795539856,0.9791290163993835,0.9501819014549255,0.9755328893661499,0.9473940134048462,0.9753696322441101,0.9440009593963623,0.9643775224685669,0.9410280585289001,0.9654541015625,0.93852698802948,0.9580186009407043,0.9348000884056091,0.9502736926078796,0.9314641952514648,0.951675295829773,0.9270059466362,0.9487412571907043,0.9240602254867554,0.9405269622802734,0.9217821955680847,0.9312004446983337,0.9167235493659973,0.9325842261314392,0.9138861298561096,0.9313396215438843,0.9093037247657776,0.9209284782409668,0.9081599712371826,0.9184103608131409,0.9016824960708618,0.920971691608429,0.8981063961982727,0.9068514704704285,0.8975847363471985
cnn_wst iconc-forest-90,cnn_wst,92,49,1.0,1.1806773727585096e-05,1.0069594383239746,0.9999966621398926,1.0064077377319336,0.999982476234436,1.005212664604187,0.9999558925628662,1.0066752433776855,0.9998869299888611,1.0116431713104248,0.9997918009757996,1.0085163116455078,0.9996799826622009,1.0070449113845825,0.9995162487030029,1.0125489234924316,0.9992851614952087,1.012267827987671,0.9991827011108398,1.0114141702651978,0.9987772703170776,1.0102121829986572,0.9985544085502625,1.012853741645813,0.998076856136322,1.0087528228759766,0.9977964758872986,1.0117961168289185,0.9973025321960449,1.011013150215149,0.9965435862541199,1.0088862180709839,0.9960507750511169,1.0101028680801392,0.9955322742462158,1.004972219467163,0.9946089386940002,0.9995563626289368,0.9938300251960754,0.9984672665596008,0.9928426146507263,0.9924576878547668,0.992331862449646,0.996656060218811,0.991442084312439,0.9878818392753601,0.9904244542121887,0.9905614852905273,0.989420473575592,0.9824948906898499,0.9875903129577637,0.9850680828094482,0.9865242838859558,0.9813766479492188,0.9853420257568359,0.9768613576889038,0.9843552708625793,0.9775736331939697,0.9828094840049744,0.9760991334915161,0.980735182762146,0.973266065120697,0.9795936942100525,0.9708225727081299,0.9775294065475464,0.9727976322174072,0.9760477542877197,0.9686152935028076,0.9731520414352417,0.9656612277030945,0.971699059009552,0.9683561325073242,0.9694305658340454,0.9602219462394714,0.9662547707557678,0.9564768075942993,0.9652887582778931,0.9544559121131897,0.9629886746406555,0.9504497647285461,0.9602434039115906,0.9475230574607849,0.9568238258361816,0.9477866291999817,0.9550421237945557,0.9350429177284241,0.9519020318984985,0.9340396523475647,0.9489703178405762,0.9221603870391846,0.9467943906784058,0.9276765584945679,0.94432133436203,0.9231534004211426,0.9388579726219177,0.9146179556846619,0.9368229508399963,0.9106031656265259,0.9330763816833496,0.9018217325210571,0.9305300116539001,0.9016199111938477,0.9255028963088989,0.8968261480331421,0.9225909113883972,0.8844388127326965,0.9201599955558777,0.8779783248901367,0.9132931232452393,0.8739574551582336,0.9117594957351685,0.8617667555809021,0.908515989780426,0.8610973954200745,0.9020605087280273,0.8564046621322632,0.8985061645507812,0.8496913313865662,0.8946418762207031,0.8496986627578735,0.8902838826179504,0.8416489362716675,0.8844155669212341,0.8371594548225403,0.8807136416435242,0.8260071277618408,0.8758484125137329
cnn_wst iconc-forest-90,cnn_wst,93,0,0.10000000149011612,4.4951013933314243e-07,1.0000040531158447,0.999857485294342,0.9992031455039978,0.9997034072875977,0.9985001683235168,0.9993234276771545,0.9975544214248657,0.9987583160400391,0.9963083863258362,0.9979454874992371,0.994157075881958,0.9972172975540161,0.9927947521209717,0.9961937665939331,0.9900438785552979,0.9955627918243408,0.9877768754959106,0.9939608573913574,0.9849514365196228,0.9924148917198181,0.9805967211723328,0.9907628893852234,0.9773529171943665,0.9894617199897766,0.9733323454856873,0.9867694973945618,0.9690394401550293,0.9849605560302734,0.9635107517242432,0.9830803275108337,0.9576496481895447,0.9793858528137207,0.9507233500480652,0.9784059524536133,0.9436550736427307,0.9755598902702332,0.9361805319786072,0.97276771068573,0.9283674955368042,0.9689371585845947,0.9183149933815002,0.9672141671180725,0.9096685647964478,0.9619811177253723,0.8998252749443054,0.959173321723938,0.8899354338645935,0.9554461240768433,0.8780702948570251,0.9503926038742065,0.8651956915855408,0.9463222622871399,0.8525658249855042,0.9429750442504883,0.8436604738235474,0.9379926919937134,0.8250346183776855,0.9343113899230957,0.812593936920166,0.9265278577804565,0.802243709564209,0.9224916100502014,0.7832708358764648,0.9172873497009277,0.7650653719902039,0.9106560349464417,0.7505393028259277,0.9041145443916321,0.7278509736061096,0.8965901136398315,0.7184627652168274,0.890021026134491,0.6966957449913025,0.8831304311752319,0.6791076064109802,0.8765497803688049,0.6607814431190491,0.8659952878952026,0.6427565217018127,0.8595525026321411,0.6280922889709473,0.8491604924201965,0.6034846305847168,0.8394421935081482,0.5888854265213013,0.8335533738136292,0.5684414505958557,0.8202104568481445,0.5491544008255005,0.8102373480796814,0.5316240191459656,0.7959646582603455,0.5144057273864746,0.786407470703125,0.4954276978969574,0.768726110458374,0.4785340130329132,0.7577804327011108,0.4539859890937805,0.7396706342697144,0.44083306193351746,0.7256687879562378,0.42250576615333557,0.7123062610626221,0.40372100472450256,0.6991499662399292,0.3891688585281372,0.6728636026382446,0.37022340297698975,0.6560185551643372,0.3554723262786865,0.6362380981445312,0.3400048315525055,0.6194214224815369,0.32421964406967163,0.5991792678833008,0.3060126304626465,0.5872302651405334,0.2932840883731842,0.5554165840148926,0.28222039341926575,0.5383244156837463,0.266817182302475,0.5142661929130554,0.254936546087265,0.5007030963897705
cnn_wst iconc-forest-90,cnn_wst,93,12,0.3204081654548645,2.4417390704911668e-06,1.0030412673950195,0.999974250793457,1.0046769380569458,0.9999337792396545,1.0034596920013428,0.9998307824134827,1.0029802322387695,0.9996973276138306,1.0029088258743286,0.9995266795158386,1.0055769681930542,0.9993658065795898,1.0041849613189697,0.9991582036018372,1.0021687746047974,0.9990293979644775,1.0053476095199585,0.9987452626228333,1.0048869848251343,0.9984484910964966,1.00359046459198,0.9981834888458252,1.00399911403656,0.9979683756828308,1.0028643608093262,0.9976112246513367,1.0050079822540283,0.9973435997962952,1.0043143033981323,0.9969924688339233,1.0034990310668945,0.9963867664337158,1.0022377967834473,0.9962601065635681,1.0001634359359741,0.9957782626152039,0.9983883500099182,0.9955474734306335,0.9982419013977051,0.994559109210968,0.9992263913154602,0.9944583773612976,0.9988585114479065,0.9938005208969116,0.9999334812164307,0.9931854009628296,0.9969691038131714,0.9925603270530701,1.0027527809143066,0.991481602191925,1.006230354309082,0.9907243847846985,1.0038336515426636,0.9898893237113953,1.004683256149292,0.9886637926101685,1.0068780183792114,0.9875356554985046,1.0069235563278198,0.9856849908828735,1.007564663887024,0.9843932390213013,1.0081592798233032,0.9829413294792175,1.009008526802063,0.9805625677108765,1.0141594409942627,0.9784027934074402,1.0074459314346313,0.9765049815177917,0.999824583530426,0.9734528660774231,1.0029385089874268,0.97175532579422,0.9991508722305298,0.9676575064659119,0.9977952241897583,0.9635825157165527,0.9921090006828308,0.9605825543403625,0.9913393259048462,0.957105278968811,0.9770655632019043,0.9532816410064697,0.9672916531562805,0.9489840269088745,0.9539039134979248,0.943446934223175,0.9469752311706543,0.9389374852180481,0.9330465197563171,0.9314408302307129,0.9267153739929199,0.9282569885253906,0.9128668308258057,0.9222834706306458,0.892818033695221,0.916029691696167,0.8820869326591492,0.9070274233818054,0.8656318783760071,0.9018006324768066,0.841137170791626,0.8933603763580322,0.8360815644264221,0.8844751715660095,0.8196385502815247,0.8773740530014038,0.7999863028526306,0.8676906228065491,0.7902591228485107,0.8597801923751831,0.7704566717147827,0.8524389266967773,0.7510947585105896,0.8411423563957214,0.7433093786239624,0.8361470699310303,0.7185993194580078,0.8250277042388916,0.7092505693435669,0.8180549740791321,0.6924551725387573,0.8083558678627014,0.6870025992393494,0.8027797341346741
cnn_wst iconc-forest-90,cnn_wst,93,24,0.5408163070678711,5.218590558797587e-06,1.0047616958618164,0.9999937415122986,1.0065666437149048,0.999985933303833,1.0068416595458984,0.9999592304229736,1.005881428718567,0.9999212622642517,1.0054702758789062,0.9998801946640015,1.0104118585586548,0.9998378157615662,1.0094355344772339,0.9997703433036804,1.0072922706604004,0.9997033476829529,1.0127382278442383,0.9995642900466919,1.0128535032272339,0.9994650483131409,1.012070894241333,0.9993535876274109,1.0103542804718018,0.999225378036499,1.0115571022033691,0.9990032911300659,1.014104962348938,0.9988535046577454,1.0106734037399292,0.9986552596092224,1.0148018598556519,0.9983428120613098,1.0144944190979004,0.9979987144470215,1.0142747163772583,0.9977285861968994,1.009813904762268,0.9972431659698486,1.0122770071029663,0.9968854784965515,1.0119500160217285,0.9964646100997925,1.0189276933670044,0.9958865642547607,1.0098947286605835,0.9956041574478149,1.0182284116744995,0.9947652220726013,1.0161774158477783,0.9941923022270203,1.0202367305755615,0.993577241897583,1.0213594436645508,0.9926890134811401,1.0200313329696655,0.9917452931404114,1.0221590995788574,0.9907817244529724,1.0250927209854126,0.989986777305603,1.0231305360794067,0.988689661026001,1.0215295553207397,0.9880028367042542,1.0248000621795654,0.9857560992240906,1.0297585725784302,0.9845432639122009,1.0357601642608643,0.9836010336875916,1.0331838130950928,0.9816991686820984,1.0369493961334229,0.9798814058303833,1.037475347518921,0.9780094027519226,1.0408753156661987,0.9760941863059998,1.0395159721374512,0.9744442701339722,1.0435659885406494,0.9720524549484253,1.0410473346710205,0.9700471758842468,1.0382518768310547,0.9683262705802917,1.0390677452087402,0.9655757546424866,1.0361601114273071,0.9626888036727905,1.034544825553894,0.9598205089569092,1.032918095588684,0.9571827054023743,1.0285396575927734,0.9543159604072571,1.0237010717391968,0.9510164856910706,1.0181208848953247,0.9487677812576294,1.0141161680221558,0.9454232454299927,1.012464165687561,0.9428139328956604,1.0046138763427734,0.9397153854370117,1.0001916885375977,0.9352099299430847,0.9950016140937805,0.9312069416046143,0.9873201251029968,0.9297395348548889,0.9856128692626953,0.9248080849647522,0.9731080532073975,0.9222944974899292,0.972861647605896,0.9176766276359558,0.9607741832733154,0.9134228825569153,0.9578335881233215,0.9119629859924316,0.9483677744865417,0.9089560508728027,0.9427284002304077,0.9051222205162048
cnn_wst iconc-forest-90,cnn_wst,93,37,0.7795918583869934,8.73770477483049e-06,1.0059398412704468,0.9999967217445374,1.0074793100357056,0.999993622303009,1.0084378719329834,0.9999794960021973,1.0069321393966675,0.9999449253082275,1.0066344738006592,0.9998999834060669,1.011873483657837,0.9998369812965393,1.010880947113037,0.999753475189209,1.008461356163025,0.9996584057807922,1.0145695209503174,0.9994782209396362,1.0153071880340576,0.9993456602096558,1.0134449005126953,0.9991410374641418,1.0093759298324585,0.9989067316055298,1.0116084814071655,0.9986173510551453,1.0115160942077637,0.9983863830566406,1.0070265531539917,0.9979656934738159,1.0129238367080688,0.9976468086242676,1.0113518238067627,0.9969943761825562,1.009835124015808,0.996614396572113,1.0040327310562134,0.9958937168121338,1.002258062362671,0.9953044652938843,1.002803921699524,0.994616687297821,1.006912350654602,0.9938114881515503,1.0002506971359253,0.9931102991104126,1.0062642097473145,0.9920973777770996,1.0003889799118042,0.9916348457336426,0.9990226030349731,0.9904562830924988,1.003577470779419,0.9893171191215515,0.9944605231285095,0.9884280562400818,0.9996336102485657,0.9869954586029053,0.9918056130409241,0.9853719472885132,0.9900532364845276,0.9844425916671753,0.9913237690925598,0.9834147095680237,0.9857875108718872,0.9816212058067322,0.9853057861328125,0.9804081916809082,0.9880620837211609,0.9786016345024109,0.9811368584632874,0.9771708846092224,0.9767841100692749,0.9753284454345703,0.9819805026054382,0.972752571105957,0.9846282005310059,0.9704862833023071,0.9788951873779297,0.9691421389579773,0.9801602363586426,0.9663538336753845,0.98310387134552,0.964326024055481,0.9701799750328064,0.9631636738777161,0.9741175770759583,0.9611754417419434,0.9719201326370239,0.9582517743110657,0.959996223449707,0.9549942016601562,0.9587481617927551,0.9524295926094055,0.9563989043235779,0.9505105018615723,0.9570547342300415,0.9461605548858643,0.9498765468597412,0.9452211856842041,0.9441104531288147,0.9408138990402222,0.9411521553993225,0.9370314478874207,0.9345762133598328,0.934877872467041,0.9334905743598938,0.9324625134468079,0.9237418174743652,0.9275975227355957,0.9247190952301025,0.9267993569374084,0.9157925248146057,0.921027660369873,0.9123436808586121,0.9189246296882629,0.9118301272392273,0.9143192172050476,0.9019635319709778,0.9114190340042114,0.8988239169120789,0.908856987953186,0.8977715373039246,0.9046377539634705,0.8946925401687622,0.9005634784698486
cnn_wst iconc-forest-90,cnn_wst,93,49,1.0,1.1835855730168987e-05,1.0065693855285645,0.9999967217445374,1.0078421831130981,0.9999906420707703,1.009130597114563,0.9999713897705078,1.0074471235275269,0.9999202489852905,1.0070741176605225,0.9998459815979004,1.0123658180236816,0.9997406601905823,1.0106719732284546,0.9996140003204346,1.0083085298538208,0.9994707107543945,1.0152089595794678,0.9992303848266602,1.015979528427124,0.9990347623825073,1.0141243934631348,0.9987281560897827,1.008333683013916,0.998393714427948,1.0103273391723633,0.9979961514472961,1.0084989070892334,0.9977284669876099,1.0055874586105347,0.9969939589500427,1.0104053020477295,0.996746838092804,1.0083789825439453,0.9958471655845642,1.0056358575820923,0.9952926635742188,1.0025885105133057,0.9945573210716248,0.9960839152336121,0.9937199354171753,0.9992918968200684,0.9929306507110596,1.0000996589660645,0.9919624328613281,0.9955217242240906,0.9907019138336182,0.9978204965591431,0.9895721673965454,0.9934113621711731,0.9889317154884338,0.9906584024429321,0.9875767230987549,0.9954618811607361,0.9862663149833679,0.9850194454193115,0.9850537776947021,0.9881526827812195,0.983601450920105,0.9778302907943726,0.9817042946815491,0.9765150547027588,0.9801023006439209,0.9745925664901733,0.9781944751739502,0.9736493229866028,0.977229654788971,0.9686210751533508,0.9751912951469421,0.9674124717712402,0.9737702012062073,0.9615135788917542,0.9716799855232239,0.9527410864830017,0.9699163436889648,0.9539855122566223,0.9671896696090698,0.9541589021682739,0.9644337296485901,0.9472813010215759,0.9623676538467407,0.9438982605934143,0.9590268135070801,0.9410440325737,0.9562420845031738,0.9340567588806152,0.954922616481781,0.9335322380065918,0.9516432881355286,0.928549587726593,0.9502253532409668,0.9201576709747314,0.9464795589447021,0.9218825101852417,0.9433063864707947,0.9160413146018982,0.9408911466598511,0.9115522503852844,0.9374991655349731,0.9031687378883362,0.9343860149383545,0.9018232822418213,0.9302540421485901,0.8915500044822693,0.9273710250854492,0.8857065439224243,0.9224113821983337,0.8861513733863831,0.9201082587242126,0.8780597448348999,0.9156716465950012,0.8692497611045837,0.9133359789848328,0.8725965619087219,0.9073187708854675,0.8634793162345886,0.9039081931114197,0.8594144582748413,0.8994746208190918,0.8523908853530884,0.8952013850212097,0.8513514995574951,0.8914167284965515,0.8451846241950989,0.8873154520988464,0.838905930519104,0.8841606378555298
cnn_wst iconc-forest-90,cnn_wst,94,0,0.10000000149011612,4.482032522901136e-07,0.9999510645866394,0.9998353719711304,0.9992415904998779,0.9995859861373901,0.9984836578369141,0.9993693232536316,0.9979346394538879,0.9986333847045898,0.9962803721427917,0.9982316493988037,0.9947159290313721,0.9970706701278687,0.9927284717559814,0.9963650703430176,0.9901235103607178,0.9952667355537415,0.9873437881469727,0.9942418932914734,0.985126256942749,0.9927183985710144,0.9809602499008179,0.9907028675079346,0.9773744344711304,0.9895212054252625,0.9716217517852783,0.9869669675827026,0.9675459861755371,0.9851750135421753,0.9634628295898438,0.9835320115089417,0.9585191607475281,0.979972243309021,0.9513307213783264,0.9783836007118225,0.9427663087844849,0.9750633835792542,0.9374653697013855,0.9718288779258728,0.9278978109359741,0.9689133167266846,0.9217817187309265,0.9658099412918091,0.9113240242004395,0.9622218608856201,0.8989603519439697,0.959246814250946,0.8899694085121155,0.9563843607902527,0.8792317509651184,0.9515748023986816,0.8684961795806885,0.9477349519729614,0.8547496795654297,0.9446414113044739,0.8407455682754517,0.9375506043434143,0.8304144144058228,0.9332576990127563,0.8156945705413818,0.9273582696914673,0.8006261587142944,0.9239725470542908,0.7828687429428101,0.9177426695823669,0.7704329490661621,0.9118618965148926,0.7506917119026184,0.9041205048561096,0.7357258200645447,0.8972102999687195,0.7226239442825317,0.8907172679901123,0.7027285099029541,0.8850393891334534,0.6813528537750244,0.8732730746269226,0.6678381562232971,0.8680800795555115,0.6445851922035217,0.8600404262542725,0.6319540739059448,0.8495163917541504,0.6119463443756104,0.8428030610084534,0.5920304656028748,0.8319185376167297,0.5701915621757507,0.8200551271438599,0.5531237125396729,0.8089142441749573,0.5339738130569458,0.793988049030304,0.5221958160400391,0.7858175039291382,0.5042694807052612,0.7700897455215454,0.48134565353393555,0.7621992826461792,0.463617742061615,0.7418294548988342,0.4379293918609619,0.7243127226829529,0.42739129066467285,0.709991991519928,0.408150851726532,0.6956997513771057,0.3966502547264099,0.6698717474937439,0.3764701187610626,0.6573905348777771,0.3586118817329407,0.6375225782394409,0.3431267738342285,0.619740903377533,0.3290718197822571,0.6004565954208374,0.311423122882843,0.577028751373291,0.29471614956855774,0.5553023815155029,0.28909656405448914,0.5395484566688538,0.2739724814891815,0.5219067335128784,0.26322975754737854,0.4985804557800293
cnn_wst iconc-forest-90,cnn_wst,94,12,0.3204081654548645,2.392340320511721e-06,1.0062931776046753,0.9999765157699585,1.0058543682098389,0.9999058842658997,1.0090317726135254,0.9998478293418884,1.0075627565383911,0.9996936321258545,1.0071427822113037,0.999646782875061,1.0076756477355957,0.9994145631790161,1.0072953701019287,0.9992733597755432,1.0073214769363403,0.9990214109420776,1.009573221206665,0.9989779591560364,1.0103532075881958,0.9987025260925293,1.0072319507598877,0.9984775185585022,1.0092411041259766,0.9982606768608093,1.0052082538604736,0.9980438351631165,1.0073171854019165,0.9977273344993591,1.0096644163131714,0.997519850730896,1.0080615282058716,0.9971668720245361,1.0065473318099976,0.9969090819358826,1.0042965412139893,0.9964333772659302,1.0054854154586792,0.9960716366767883,1.005233883857727,0.9957013726234436,1.0076743364334106,0.9952607154846191,1.0072845220565796,0.994565486907959,1.0120221376419067,0.9940836429595947,1.0150541067123413,0.9936146140098572,1.0133765935897827,0.9926658272743225,1.0204415321350098,0.9918007850646973,1.0230259895324707,0.9907460808753967,1.0242695808410645,0.9897018671035767,1.0296214818954468,0.9882112741470337,1.0300179719924927,0.9868496656417847,1.0374499559402466,0.9860763549804688,1.0377649068832397,0.9837865829467773,1.0447102785110474,0.9816998243331909,1.0437759160995483,0.9795511960983276,1.0416404008865356,0.9780744314193726,1.0460540056228638,0.9751492142677307,1.0479308366775513,0.9724254608154297,1.0433845520019531,0.9697583913803101,1.0369503498077393,0.9661034941673279,1.0333890914916992,0.9624413847923279,1.0375410318374634,0.959221601486206,1.028771162033081,0.9539287686347961,1.022011399269104,0.950965166091919,1.0119560956954956,0.9451768398284912,1.004488468170166,0.9408974051475525,0.988903820514679,0.9354180097579956,0.9790405631065369,0.9295431971549988,0.972882091999054,0.923468828201294,0.9507458209991455,0.9179344773292542,0.9310942888259888,0.9088035821914673,0.9146959185600281,0.9026988744735718,0.8964036107063293,0.8966407179832458,0.8813076019287109,0.8878042101860046,0.871475338935852,0.8808751702308655,0.8543992638587952,0.8722566366195679,0.8342385292053223,0.8657392859458923,0.812046468257904,0.8550285696983337,0.8015357851982117,0.8461470603942871,0.784486711025238,0.8379536271095276,0.7769688963890076,0.8307873010635376,0.7572383880615234,0.8217592239379883,0.7448663115501404,0.8132081031799316,0.7330362200737,0.8098281025886536
cnn_wst iconc-forest-90,cnn_wst,94,24,0.5408163070678711,5.237618097453378e-06,1.00742769241333,0.9999977946281433,1.006852626800537,0.9999820590019226,1.0111291408538818,0.9999647736549377,1.0097500085830688,0.9999422430992126,1.0101633071899414,0.9999027252197266,1.011631965637207,0.9998668432235718,1.0122071504592896,0.9997517466545105,1.0128545761108398,0.9996146559715271,1.0162843465805054,0.9995617866516113,1.015294075012207,0.9993772506713867,1.015385627746582,0.9991469383239746,1.0171843767166138,0.9989452958106995,1.013144612312317,0.9987407326698303,1.0180988311767578,0.9984296560287476,1.0165705680847168,0.9979731440544128,1.014283537864685,0.9977360367774963,1.0144784450531006,0.9972625970840454,1.0166562795639038,0.9967085123062134,1.017469882965088,0.9963240027427673,1.0166395902633667,0.9955888390541077,1.0152655839920044,0.9948548674583435,1.0159567594528198,0.9938015937805176,1.0203936100006104,0.9929718375205994,1.021362066268921,0.9923070073127747,1.021586537361145,0.9913351535797119,1.0212162733078003,0.9901446104049683,1.0259313583374023,0.9889710545539856,1.034193992614746,0.9877079725265503,1.0332088470458984,0.9864481091499329,1.0373207330703735,0.9846751689910889,1.0403499603271484,0.9834885597229004,1.0472272634506226,0.9818817377090454,1.05145263671875,0.9796909093856812,1.0510867834091187,0.978472113609314,1.049330711364746,0.9764399528503418,1.0564829111099243,0.9745028614997864,1.052740454673767,0.971380352973938,1.058311939239502,0.9698460102081299,1.0621006488800049,0.967707633972168,1.0573339462280273,0.9645689725875854,1.062067985534668,0.9625881910324097,1.0713911056518555,0.9597532749176025,1.0580568313598633,0.957346498966217,1.069197177886963,0.9538148641586304,1.0600552558898926,0.9509379863739014,1.0646823644638062,0.9483314752578735,1.0616732835769653,0.9451256990432739,1.0593310594558716,0.940731406211853,1.0548533201217651,0.938691258430481,1.0536123514175415,0.9346100687980652,1.0453952550888062,0.9311615824699402,1.0444772243499756,0.9275751709938049,1.0328636169433594,0.9244561195373535,1.025762677192688,0.9201552867889404,1.0287972688674927,0.9167709350585938,1.0185695886611938,0.9116295576095581,1.0132489204406738,0.9085957407951355,1.0023070573806763,0.9043296575546265,0.9979877471923828,0.9009766578674316,0.9903993606567383,0.8972185254096985,0.9873001575469971,0.8939701318740845,0.979718029499054,0.8904345631599426,0.9697063565254211,0.8883301615715027
cnn_wst iconc-forest-90,cnn_wst,94,37,0.7795918583869934,8.884832823241595e-06,1.0081342458724976,0.9999948740005493,1.0073353052139282,0.9999801516532898,1.011118769645691,0.9999598264694214,1.0098861455917358,0.99991774559021,1.0108305215835571,0.9998235106468201,1.0120339393615723,0.9997140169143677,1.013366460800171,0.9995224475860596,1.014186143875122,0.9993189573287964,1.0172832012176514,0.9991317987442017,1.0136736631393433,0.9987702965736389,1.0175234079360962,0.998380720615387,1.0172808170318604,0.998022735118866,1.0115967988967896,0.9974901080131531,1.0173550844192505,0.997022271156311,1.015316367149353,0.9963012933731079,1.0081291198730469,0.9955333471298218,1.0084571838378906,0.9948722720146179,1.0116912126541138,0.9939870238304138,1.0070548057556152,0.9934579730033875,1.0061993598937988,0.992156982421875,1.0059103965759277,0.9911873936653137,1.004928708076477,0.9895703196525574,1.0050381422042847,0.988740861415863,1.0007340908050537,0.9874096512794495,1.0045216083526611,0.9858995079994202,0.9993046522140503,0.984619140625,0.9986332654953003,0.9834176898002625,1.003790259361267,0.9817756414413452,0.9983961582183838,0.9803026914596558,0.9968563318252563,0.9779590368270874,1.0010284185409546,0.9758060574531555,1.004212498664856,0.9745464324951172,1.00121009349823,0.9719865322113037,1.0027635097503662,0.970381498336792,0.9985656142234802,0.9680989384651184,0.9999830722808838,0.9657049179077148,0.9970071911811829,0.9627858996391296,0.9941811561584473,0.9606713652610779,0.9955838322639465,0.9580466151237488,0.9908621907234192,0.9540401697158813,0.9854462146759033,0.9529364109039307,0.9894564151763916,0.9487624168395996,0.9827334880828857,0.9459716081619263,0.9828420877456665,0.9421056509017944,0.9763032793998718,0.9390231370925903,0.9708350300788879,0.9368032217025757,0.9612874984741211,0.9331662654876709,0.9614013433456421,0.9289464950561523,0.9618474245071411,0.925204873085022,0.9535614252090454,0.9226676821708679,0.9479968547821045,0.9191954731941223,0.9450768232345581,0.9156014323234558,0.9322336316108704,0.9124350547790527,0.9269006252288818,0.9081912636756897,0.9297800660133362,0.9024627804756165,0.9253926277160645,0.8989953398704529,0.919133186340332,0.8967077136039734,0.9234017729759216,0.892880380153656,0.9173876047134399,0.8897246718406677,0.9054873585700989,0.8833362460136414,0.8924028873443604,0.880286693572998,0.8878186345100403,0.8752472996711731,0.8862823247909546,0.8720428943634033
cnn_wst iconc-forest-90,cnn_wst,94,49,1.0,1.2083253750461154e-05,1.0084292888641357,0.999990701675415,1.0073885917663574,0.9999648928642273,1.0104343891143799,0.9999359250068665,1.0095542669296265,0.9998489022254944,1.0108174085617065,0.9997142553329468,1.0121535062789917,0.9994999766349792,1.0139025449752808,0.9992313981056213,1.014809012413025,0.9989598989486694,1.017183780670166,0.9986667633056641,1.0122898817062378,0.9981070160865784,1.0177826881408691,0.9976504445075989,1.017001986503601,0.9971607327461243,1.0109070539474487,0.996375322341919,1.0154592990875244,0.995816171169281,1.0151196718215942,0.9948979020118713,1.0063104629516602,0.9936957955360413,1.0080281496047974,0.9929186105728149,1.0090548992156982,0.9919022917747498,1.0032380819320679,0.9911028146743774,1.0030713081359863,0.9894048571586609,1.0000990629196167,0.9882587790489197,1.0000767707824707,0.9864815473556519,0.9998549222946167,0.9854853749275208,0.9928577542304993,0.9836094379425049,0.9955838322639465,0.9820495843887329,0.991951048374176,0.9803454875946045,0.9892760515213013,0.9789815545082092,0.9892477989196777,0.9769547581672668,0.9838941097259521,0.9757362008094788,0.9831992983818054,0.973574161529541,0.9881882071495056,0.9707022905349731,0.9843477606773376,0.9684986472129822,0.982280433177948,0.9663071036338806,0.9792042970657349,0.9646700024604797,0.9756574630737305,0.9623668193817139,0.9785590767860413,0.9596349596977234,0.9707484245300293,0.9567307233810425,0.9709625244140625,0.9539077877998352,0.9722098112106323,0.9513569474220276,0.9715675115585327,0.9475978016853333,0.9668665528297424,0.9450483322143555,0.9601849317550659,0.9421783089637756,0.9622189402580261,0.9384412169456482,0.9597048759460449,0.9345461130142212,0.9530950784683228,0.9311397671699524,0.9479119777679443,0.9280224442481995,0.9385006427764893,0.9253060817718506,0.9376286268234253,0.9203144311904907,0.9376855492591858,0.9170978665351868,0.9246577024459839,0.9135385155677795,0.9139837026596069,0.9087402820587158,0.9144710898399353,0.9055511355400085,0.9095215797424316,0.9003003239631653,0.8939012289047241,0.8958672881126404,0.8877964615821838,0.8910017013549805,0.8828168511390686,0.8862346410751343,0.8801057934761047,0.8806053400039673,0.8758082985877991,0.879091739654541,0.877362072467804,0.8735371232032776,0.8699477314949036,0.8677149415016174,0.8525948524475098,0.8645797371864319,0.8557661175727844,0.8570512533187866,0.8477259874343872,0.8525674939155579
