run,model_type,sim_id,snap_idx,a,pos_mse,pk_ratio_k0.0245,cross_corr_k0.0245,pk_ratio_k0.0491,cross_corr_k0.0491,pk_ratio_k0.0736,cross_corr_k0.0736,pk_ratio_k0.0982,cross_corr_k0.0982,pk_ratio_k0.1227,cross_corr_k0.1227,pk_ratio_k0.1473,cross_corr_k0.1473,pk_ratio_k0.1718,cross_corr_k0.1718,pk_ratio_k0.1963,cross_corr_k0.1963,pk_ratio_k0.2209,cross_corr_k0.2209,pk_ratio_k0.2454,cross_corr_k0.2454,pk_ratio_k0.2700,cross_corr_k0.2700,pk_ratio_k0.2945,cross_corr_k0.2945,pk_ratio_k0.3191,cross_corr_k0.3191,pk_ratio_k0.3436,cross_corr_k0.3436,pk_ratio_k0.3682,cross_corr_k0.3682,pk_ratio_k0.3927,cross_corr_k0.3927,pk_ratio_k0.4172,cross_corr_k0.4172,pk_ratio_k0.4418,cross_corr_k0.4418,pk_ratio_k0.4663,cross_corr_k0.4663,pk_ratio_k0.4909,cross_corr_k0.4909,pk_ratio_k0.5154,cross_corr_k0.5154,pk_ratio_k0.5400,cross_corr_k0.5400,pk_ratio_k0.5645,cross_corr_k0.5645,pk_ratio_k0.5890,cross_corr_k0.5890,pk_ratio_k0.6136,cross_corr_k0.6136,pk_ratio_k0.6381,cross_corr_k0.6381,pk_ratio_k0.6627,cross_corr_k0.6627,pk_ratio_k0.6872,cross_corr_k0.6872,pk_ratio_k0.7118,cross_corr_k0.7118,pk_ratio_k0.7363,cross_corr_k0.7363,pk_ratio_k0.7609,cross_corr_k0.7609,pk_ratio_k0.7854,cross_corr_k0.7854,pk_ratio_k0.8099,cross_corr_k0.8099,pk_ratio_k0.8345,cross_corr_k0.8345,pk_ratio_k0.8590,cross_corr_k0.8590,pk_ratio_k0.8836,cross_corr_k0.8836,pk_ratio_k0.9081,cross_corr_k0.9081,pk_ratio_k0.9327,cross_corr_k0.9327,pk_ratio_k0.9572,cross_corr_k0.9572,pk_ratio_k0.9817,cross_corr_k0.9817,pk_ratio_k1.0063,cross_corr_k1.0063,pk_ratio_k1.0308,cross_corr_k1.0308,pk_ratio_k1.0554,cross_corr_k1.0554,pk_ratio_k1.0799,cross_corr_k1.0799,pk_ratio_k1.1045,cross_corr_k1.1045,pk_ratio_k1.1290,cross_corr_k1.1290,pk_ratio_k1.1536,cross_corr_k1.1536,pk_ratio_k1.1781,cross_corr_k1.1781,pk_ratio_k1.2026,cross_corr_k1.2026,pk_ratio_k1.2272,cross_corr_k1.2272,pk_ratio_k1.2517,cross_corr_k1.2517,pk_ratio_k1.2763,cross_corr_k1.2763,pk_ratio_k1.3008,cross_corr_k1.3008,pk_ratio_k1.3254,cross_corr_k1.3254,pk_ratio_k1.3499,cross_corr_k1.3499,pk_ratio_k1.3744,cross_corr_k1.3744,pk_ratio_k1.3990,cross_corr_k1.3990,pk_ratio_k1.4235,cross_corr_k1.4235,pk_ratio_k1.4481,cross_corr_k1.4481,pk_ratio_k1.4726,cross_corr_k1.4726,pk_ratio_k1.4972,cross_corr_k1.4972,pk_ratio_k1.5217,cross_corr_k1.5217,pk_ratio_k1.5463,cross_corr_k1.5463
LR (baseline),baseline,90,0,0.10000000149011612,4.493977314723452e-07,0.9996253252029419,0.9998854398727417,0.9990618228912354,0.9997052550315857,0.9986518025398254,0.9992578029632568,0.9980436563491821,0.9987940192222595,0.9962619543075562,0.9981729388237,0.9942710399627686,0.9970657229423523,0.9929867386817932,0.9962758421897888,0.9911176562309265,0.9951552748680115,0.9883239269256592,0.9938908219337463,0.984413206577301,0.9919793605804443,0.9814523458480835,0.9905533790588379,0.9770858883857727,0.9892798662185669,0.9739035367965698,0.9870653748512268,0.9668517112731934,0.9851985573768616,0.9633337259292603,0.982093095779419,0.9581326246261597,0.9804783463478088,0.9516059160232544,0.9778316617012024,0.9416739344596863,0.9756516218185425,0.9343870878219604,0.9736071228981018,0.9278387427330017,0.9696340560913086,0.9203413724899292,0.9658865928649902,0.9090502858161926,0.9626138210296631,0.9001150727272034,0.9581444263458252,0.8903136253356934,0.955572247505188,0.8770979046821594,0.9515636563301086,0.8680778741836548,0.9489702582359314,0.8538554906845093,0.9426084160804749,0.8439568877220154,0.9375437498092651,0.8280657529830933,0.9325373768806458,0.8141359686851501,0.9286152124404907,0.7987412810325623,0.9233179092407227,0.7830963730812073,0.9168716073036194,0.7675592303276062,0.9117820858955383,0.7530719637870789,0.9031555652618408,0.7329143285751343,0.8972403407096863,0.7173631191253662,0.8895077705383301,0.7000724077224731,0.8818009495735168,0.6817108392715454,0.8761674165725708,0.6674867272377014,0.8690674304962158,0.6459507346153259,0.8621164560317993,0.6276237964630127,0.8506772518157959,0.6103743314743042,0.8406906723976135,0.5932689905166626,0.8298670053482056,0.5677499175071716,0.8194347023963928,0.5569742918014526,0.8076529502868652,0.5368785262107849,0.7975836992263794,0.5120585560798645,0.7872161269187927,0.49342072010040283,0.7697189450263977,0.4831303060054779,0.7558956146240234,0.45932403206825256,0.7390426993370056,0.4405156970024109,0.7262316346168518,0.4272252023220062,0.7128150463104248,0.40599867701530457,0.6902651786804199,0.39305877685546875,0.6735787391662598,0.37297964096069336,0.6577244400978088,0.356489896774292,0.6389312744140625,0.34355151653289795,0.6142921447753906,0.32658758759498596,0.5993053913116455,0.310680627822876,0.5780565142631531,0.29860275983810425,0.5565336346626282,0.2818986177444458,0.5291672348976135,0.2734782099723816,0.5134279131889343,0.2618308961391449,0.4955271780490875
LR (baseline),baseline,90,12,0.3204081654548645,4.5797910388500895e-06,0.9991183876991272,0.9998870491981506,0.9975573420524597,0.9997057318687439,0.995728611946106,0.9992555975914001,0.9935569763183594,0.9987887144088745,0.988739013671875,0.9981905221939087,0.9844284653663635,0.9970826506614685,0.9797875881195068,0.9963136911392212,0.9730218648910522,0.9950768947601318,0.9662296175956726,0.9939342737197876,0.9571864604949951,0.9919268488883972,0.9482971429824829,0.9904366135597229,0.9361588358879089,0.9887064695358276,0.9299567937850952,0.9869732856750488,0.9152554273605347,0.9849905371665955,0.9067134857177734,0.9819657802581787,0.8971899747848511,0.9803386330604553,0.8813024163246155,0.9772511720657349,0.865293025970459,0.9748948812484741,0.8523011803627014,0.972217857837677,0.8380804061889648,0.9690707921981812,0.8250589966773987,0.9649536609649658,0.8056836128234863,0.9613219499588013,0.7921377420425415,0.9571182727813721,0.7775627970695496,0.9525821805000305,0.75885009765625,0.9498000741004944,0.7435194849967957,0.9466733336448669,0.7279815673828125,0.9394615292549133,0.7102901935577393,0.9352856874465942,0.6934901475906372,0.9304376840591431,0.6778109669685364,0.9238794445991516,0.6621911525726318,0.9186117649078369,0.6443479657173157,0.912358283996582,0.6311911344528198,0.9061055183410645,0.6107869744300842,0.8979259133338928,0.5942748188972473,0.8932949900627136,0.5841207504272461,0.8853901624679565,0.5654516816139221,0.8764737844467163,0.5541902184486389,0.8710485696792603,0.5392485857009888,0.8636011481285095,0.5240556597709656,0.8553731441497803,0.5077597498893738,0.8478338718414307,0.4963354468345642,0.8375539183616638,0.48355287313461304,0.825702428817749,0.468099445104599,0.8181535601615906,0.4580981433391571,0.809852123260498,0.443813681602478,0.7991493940353394,0.43138110637664795,0.7893970012664795,0.4170263409614563,0.777556300163269,0.407300740480423,0.7648903131484985,0.3953973352909088,0.7537392377853394,0.3805178999900818,0.7448185086250305,0.3728310465812683,0.7306130528450012,0.36134421825408936,0.7199699282646179,0.3502713739871979,0.70597904920578,0.3407592475414276,0.6954299807548523,0.32837626338005066,0.6822943687438965,0.3175542950630188,0.6683374047279358,0.3082762062549591,0.6545844674110413,0.29803702235221863,0.6389488577842712,0.29017913341522217,0.6245615482330322,0.28281015157699585,0.6173120737075806,0.27560219168663025,0.6079182624816895,0.26743993163108826,0.5874408483505249
LR (baseline),baseline,90,24,0.5408163070678711,1.241775771632092e-05,0.9990869760513306,0.9998883008956909,0.9975034594535828,0.9997046589851379,0.995602011680603,0.9992548227310181,0.9935389161109924,0.998778223991394,0.9888067245483398,0.9981971383094788,0.9853723645210266,0.9971128702163696,0.9806520938873291,0.996335506439209,0.9739618301391602,0.9949910640716553,0.968468189239502,0.9939945340156555,0.9605609178543091,0.9916468262672424,0.9523014426231384,0.9905466437339783,0.9407317042350769,0.9883508086204529,0.9371445775032043,0.9867671132087708,0.9220778346061707,0.9845936894416809,0.9174922704696655,0.981773316860199,0.9089080095291138,0.9796470999717712,0.8959656953811646,0.9765556454658508,0.8827854990959167,0.9733806848526001,0.8752232193946838,0.9707513451576233,0.8654322624206543,0.9678754210472107,0.8498987555503845,0.9633822441101074,0.8394045233726501,0.959555983543396,0.8316454887390137,0.9554260969161987,0.8186232447624207,0.9503917694091797,0.8052800893783569,0.9475553035736084,0.7897108793258667,0.9438236355781555,0.7799136638641357,0.9357505440711975,0.7700114250183105,0.9309879541397095,0.7585352659225464,0.9274642467498779,0.7422907948493958,0.9205920696258545,0.7382760643959045,0.9158927798271179,0.7242909073829651,0.9088786244392395,0.7139375805854797,0.9024428725242615,0.6999194025993347,0.8963605165481567,0.6935843825340271,0.8879056572914124,0.6875107288360596,0.8833730816841125,0.6737061738967896,0.8746654987335205,0.6651896834373474,0.8693699836730957,0.6552329659461975,0.8606219291687012,0.6472907066345215,0.8483912944793701,0.6350048184394836,0.8427396416664124,0.629692018032074,0.8351656198501587,0.6175180673599243,0.8249494433403015,0.6154926419258118,0.8170825839042664,0.6069552898406982,0.8070993423461914,0.5999026298522949,0.7965756058692932,0.5897104144096375,0.7918733954429626,0.5767667293548584,0.7789952158927917,0.57308030128479,0.7695109248161316,0.5635079145431519,0.7574365735054016,0.5567800998687744,0.7493277788162231,0.5485227704048157,0.7356308102607727,0.5471765995025635,0.7264895439147949,0.5366039872169495,0.7153074145317078,0.5269213318824768,0.7060884237289429,0.5216753482818604,0.6982448697090149,0.5111896395683289,0.6831384897232056,0.504062294960022,0.6733061671257019,0.4993886649608612,0.6616500616073608,0.48955872654914856,0.6564574837684631,0.4841178357601166,0.6401796936988831,0.488012433052063,0.6324535012245178,0.4732498824596405,0.6172177791595459
LR (baseline),baseline,90,37,0.7795918583869934,2.1658339392160997e-05,0.9991655945777893,0.9998893141746521,0.9978260397911072,0.9997046589851379,0.9960784316062927,0.9992576241493225,0.9945507645606995,0.9987648129463196,0.9906364679336548,0.9981951117515564,0.9884949922561646,0.9971556663513184,0.9846999645233154,0.9963557124137878,0.9789361953735352,0.9949473142623901,0.9747963547706604,0.9940541982650757,0.9695308804512024,0.991366982460022,0.9625523090362549,0.9906309843063354,0.9533759951591492,0.988258957862854,0.9524226188659668,0.9866772890090942,0.938869297504425,0.9843969941139221,0.9372148513793945,0.9817889928817749,0.9291161298751831,0.9792503118515015,0.9218049645423889,0.9762371778488159,0.9096020460128784,0.9727116823196411,0.9076648950576782,0.969917893409729,0.8983264565467834,0.9669297337532043,0.885801374912262,0.9623923897743225,0.8823447823524475,0.9587529897689819,0.8779265284538269,0.9532026052474976,0.8675387501716614,0.9488993287086487,0.8576799035072327,0.9448780417442322,0.8463470935821533,0.9418943524360657,0.8373669981956482,0.9348171949386597,0.8341598510742188,0.9296529293060303,0.8254124522209167,0.9244233965873718,0.8103535175323486,0.9166386723518372,0.8053565621376038,0.9128972887992859,0.7990803122520447,0.9056199789047241,0.7858268618583679,0.9002324938774109,0.7856616377830505,0.8930849432945251,0.775376558303833,0.8887345194816589,0.7688243389129639,0.880420446395874,0.7574009895324707,0.8732779622077942,0.751031219959259,0.8675678968429565,0.7469319701194763,0.859614908695221,0.7421256303787231,0.8508791923522949,0.7351807355880737,0.8427980542182922,0.7287811636924744,0.8338269591331482,0.7211531400680542,0.8257961273193359,0.7077599763870239,0.8173489570617676,0.7047053575515747,0.8080373406410217,0.7044591903686523,0.7990474104881287,0.6996651887893677,0.7888157963752747,0.6864210367202759,0.777738630771637,0.6812846660614014,0.7692573666572571,0.6719150543212891,0.7563861012458801,0.6659196615219116,0.7440273761749268,0.6640847325325012,0.7401054501533508,0.6536648273468018,0.7263110876083374,0.6437754034996033,0.7161371111869812,0.6417850852012634,0.7047584056854248,0.6418370604515076,0.6932339072227478,0.6358006596565247,0.6878039240837097,0.6264813542366028,0.6712043285369873,0.620928168296814,0.6581746935844421,0.6182569861412048,0.6484671831130981,0.6138920187950134,0.6382007002830505,0.6123288869857788,0.6241695880889893,0.5951924324035645,0.6168352365493774
LR (baseline),baseline,90,49,1.0,2.8813210519729182e-05,0.9991997480392456,0.9998899102210999,0.9979794025421143,0.9997053146362305,0.9963065981864929,0.9992589354515076,0.9951660633087158,0.9987547993659973,0.9913440346717834,0.9981871247291565,0.9898077249526978,0.9971874952316284,0.9863446950912476,0.9963711500167847,0.9816085696220398,0.9949319958686829,0.9779218435287476,0.9940778017044067,0.9725279211997986,0.9912660717964172,0.9664927124977112,0.9906268119812012,0.9581702947616577,0.9882972240447998,0.9587134718894958,0.9867820739746094,0.9468368291854858,0.9842803478240967,0.9457337856292725,0.9818160533905029,0.9373354911804199,0.9791996479034424,0.9312485456466675,0.9765030145645142,0.9206793904304504,0.9728806614875793,0.9202471375465393,0.970331072807312,0.9092758893966675,0.9669927954673767,0.9002168774604797,0.9626518487930298,0.8964533805847168,0.9594955444335938,0.8906575441360474,0.9527534246444702,0.8825958371162415,0.9492572546005249,0.8748634457588196,0.944638729095459,0.8649274706840515,0.9413978457450867,0.855933427810669,0.9359517693519592,0.853252649307251,0.9314123392105103,0.8433570861816406,0.924049437046051,0.8318284153938293,0.9186449646949768,0.825555145740509,0.9130527973175049,0.8185644745826721,0.9063772559165955,0.8041718006134033,0.9016426801681519,0.8046038746833801,0.8918675780296326,0.795097827911377,0.8893606662750244,0.7846981287002563,0.8811759948730469,0.7804602980613708,0.8713586330413818,0.7683490514755249,0.8673424124717712,0.7650255560874939,0.8612426519393921,0.7592923641204834,0.852662205696106,0.7488464713096619,0.8447465300559998,0.7465516924858093,0.8361499309539795,0.7342433333396912,0.8309258222579956,0.7274446487426758,0.8218783736228943,0.7240860462188721,0.8133008480072021,0.7161126136779785,0.8052907586097717,0.707464337348938,0.8000760078430176,0.6982723474502563,0.7900049686431885,0.693402111530304,0.7828181982040405,0.6879405975341797,0.769094705581665,0.6830196380615234,0.7613751292228699,0.6789823174476624,0.7492821216583252,0.6626050472259521,0.7390435934066772,0.6618191599845886,0.7294124364852905,0.6487545967102051,0.7203477621078491,0.6457107067108154,0.7131454348564148,0.6371446251869202,0.7027378678321838,0.6331207156181335,0.6878015995025635,0.623077929019928,0.6749204993247986,0.6222938895225525,0.6689809560775757,0.6187986135482788,0.6583766937255859,0.6175340414047241,0.647232711315155,0.6041423678398132,0.6392725706100464
LR (baseline),baseline,91,0,0.10000000149011612,4.520675247476902e-07,0.9996592402458191,0.9998195171356201,0.9992918968200684,0.9995723962783813,0.9984554648399353,0.9990628361701965,0.9975645542144775,0.9985463619232178,0.9965085983276367,0.9979867935180664,0.9947657585144043,0.9972635507583618,0.9925096035003662,0.9960389137268066,0.9908833503723145,0.9950868487358093,0.9879046678543091,0.9935908913612366,0.9848690032958984,0.9925690293312073,0.9803515076637268,0.9914743304252625,0.9781324863433838,0.9890920519828796,0.9732065796852112,0.9870561361312866,0.9681705832481384,0.9852272272109985,0.9619947075843811,0.9833875298500061,0.958521842956543,0.9806087613105774,0.9507872462272644,0.9774346947669983,0.9441985487937927,0.9750785827636719,0.9377877116203308,0.9727162718772888,0.9269182682037354,0.9693143367767334,0.9192097187042236,0.9668496251106262,0.9112493991851807,0.9630551338195801,0.9008572101593018,0.9583296179771423,0.8902456760406494,0.955003023147583,0.8756667971611023,0.9516445398330688,0.8682926297187805,0.9466367363929749,0.8540226817131042,0.9435636401176453,0.842329204082489,0.9386903643608093,0.827606201171875,0.9349491000175476,0.8136972188949585,0.9267591238021851,0.798975944519043,0.92330002784729,0.7815256118774414,0.9176596999168396,0.769723117351532,0.9103272557258606,0.7506245970726013,0.903152346611023,0.7343260645866394,0.8977128863334656,0.7219144701957703,0.8908063173294067,0.7001442909240723,0.8856378793716431,0.685339629650116,0.8777265548706055,0.6657654643058777,0.8691726326942444,0.6471017003059387,0.8574379682540894,0.6286429166793823,0.8510197997093201,0.6149408221244812,0.8418188691139221,0.5875612497329712,0.8301110863685608,0.5713639855384827,0.82218337059021,0.5544371604919434,0.8097801804542542,0.5367881059646606,0.7942991852760315,0.5187247395515442,0.7808582782745361,0.4974818527698517,0.7720075249671936,0.48036691546440125,0.7594051361083984,0.4608282744884491,0.7442293167114258,0.4457927346229553,0.7286379337310791,0.42419230937957764,0.7106143236160278,0.4073348641395569,0.6966657042503357,0.38739416003227234,0.6697988510131836,0.3763370215892792,0.6542669534683228,0.3557540476322174,0.6358240246772766,0.3442007899284363,0.6174818277359009,0.3263353407382965,0.5967162251472473,0.3114350438117981,0.5754926800727844,0.3012959957122803,0.5546329021453857,0.2808251976966858,0.5391963124275208,0.27050668001174927,0.5169152617454529,0.2615337371826172,0.4989165663719177
LR (baseline),baseline,91,12,0.3204081654548645,4.600750344252447e-06,0.9991022348403931,0.999819815158844,0.9977142214775085,0.9995713829994202,0.9955844879150391,0.999065101146698,0.9928985238075256,0.99858558177948,0.9894056916236877,0.9979101419448853,0.9841780662536621,0.9972489476203918,0.9783208966255188,0.9961003661155701,0.9729678630828857,0.9950639605522156,0.9663795232772827,0.9933501482009888,0.9574741721153259,0.9925789833068848,0.948213517665863,0.9911739230155945,0.9406623840332031,0.9889143705368042,0.9290090799331665,0.9866776466369629,0.9173998832702637,0.9850468635559082,0.9049683213233948,0.9828184247016907,0.8958091735839844,0.9806046485900879,0.8816584348678589,0.9773113131523132,0.8689055442810059,0.9741351008415222,0.8553928732872009,0.9716408252716064,0.8352643251419067,0.9676434397697449,0.8221356272697449,0.9656226634979248,0.80596524477005,0.9613569974899292,0.7924660444259644,0.9562260508537292,0.7756145000457764,0.9536723494529724,0.7596191167831421,0.9493250250816345,0.7414639592170715,0.9448352456092834,0.7244763374328613,0.9388613700866699,0.7105877995491028,0.9361727237701416,0.6947774887084961,0.9304404854774475,0.6736737489700317,0.9232313632965088,0.6620288491249084,0.9176066517829895,0.6421607732772827,0.9114473462104797,0.6281613111495972,0.9048692584037781,0.6092491745948792,0.8988268375396729,0.5969302654266357,0.890218198299408,0.5837563872337341,0.8860957622528076,0.5643279552459717,0.8760059475898743,0.5536467432975769,0.8680458068847656,0.5417723059654236,0.8639686107635498,0.5253645181655884,0.8530993461608887,0.5128172636032104,0.84576416015625,0.4948909878730774,0.8383497595787048,0.4810478985309601,0.8249521851539612,0.4693601727485657,0.8176508545875549,0.45692893862724304,0.8056630492210388,0.44437816739082336,0.7966921925544739,0.43028202652931213,0.7884748578071594,0.4207953214645386,0.7782734036445618,0.4079170227050781,0.7661926746368408,0.396557092666626,0.7532770037651062,0.3805433213710785,0.745124876499176,0.3703770935535431,0.7338375449180603,0.3632473349571228,0.7151384353637695,0.3490186035633087,0.7039409279823303,0.34232255816459656,0.6934388279914856,0.32663023471832275,0.682181715965271,0.32097914814949036,0.6662070751190186,0.31022050976753235,0.6555429697036743,0.30165427923202515,0.6418694853782654,0.2872084677219391,0.6341279745101929,0.2814996540546417,0.6154994964599609,0.2760513424873352,0.6081070899963379,0.26506108045578003,0.5986570715904236
LR (baseline),baseline,91,24,0.5408163070678711,1.246189003722975e-05,0.9990735650062561,0.9998195767402649,0.9976755976676941,0.9995712637901306,0.9955304861068726,0.9990695714950562,0.9927720427513123,0.9986307621002197,0.9893847703933716,0.9978379011154175,0.9845427870750427,0.9971790313720703,0.9790709018707275,0.9961150884628296,0.9745597839355469,0.9950188398361206,0.9684860706329346,0.9931707382202148,0.9607825875282288,0.9924849271774292,0.952580451965332,0.9908362627029419,0.9452345371246338,0.9886318445205688,0.9347155690193176,0.9866786599159241,0.9257263541221619,0.9847151637077332,0.9152011871337891,0.9824047088623047,0.9086838960647583,0.9801825284957886,0.8978115320205688,0.9763740301132202,0.88811194896698,0.9737051725387573,0.8768689632415771,0.9706555604934692,0.8595839738845825,0.966488242149353,0.8530530333518982,0.9638909101486206,0.8413431644439697,0.9601446986198425,0.8307368755340576,0.9552280902862549,0.8159559965133667,0.9513296484947205,0.8087420463562012,0.946657121181488,0.7940810918807983,0.9422325491905212,0.7838014960289001,0.9379624128341675,0.7714114189147949,0.9314818382263184,0.7623385787010193,0.9263320565223694,0.7505984306335449,0.9209957122802734,0.7391246557235718,0.9139600396156311,0.7264212965965271,0.9073464870452881,0.7187416553497314,0.9012323021888733,0.7070629596710205,0.896995484828949,0.6972610950469971,0.8870900869369507,0.6828631162643433,0.8815728425979614,0.6726915240287781,0.8767092227935791,0.6686998605728149,0.8667998909950256,0.6592446565628052,0.8589963912963867,0.651054859161377,0.8500384092330933,0.6404262781143188,0.8430298566818237,0.6296278834342957,0.8358985185623169,0.6236090064048767,0.8236933350563049,0.6124120354652405,0.8171076774597168,0.6062434315681458,0.8072259426116943,0.5988561511039734,0.7966793179512024,0.5888198614120483,0.790355384349823,0.578021228313446,0.7781054377555847,0.5702106952667236,0.7670130133628845,0.5626716017723083,0.7565479874610901,0.5577147603034973,0.7463842034339905,0.5503965020179749,0.7377080917358398,0.5471088290214539,0.7236406207084656,0.5357337594032288,0.7155722975730896,0.5345616936683655,0.7049614787101746,0.5184100270271301,0.6960734128952026,0.5133969187736511,0.6827390193939209,0.5095466375350952,0.6679989099502563,0.5055451989173889,0.6555340886116028,0.4914526045322418,0.6500787734985352,0.491445928812027,0.6370944976806641,0.4875178933143616,0.6291499137878418,0.4746754765510559,0.6160425543785095
LR (baseline),baseline,91,37,0.7795918583869934,2.1663570805685595e-05,0.9991982579231262,0.9998196363449097,0.9979938268661499,0.9995715022087097,0.9961436986923218,0.9990761280059814,0.9936315417289734,0.9986684918403625,0.9908826351165771,0.9977867603302002,0.9872127175331116,0.9971099495887756,0.9832882881164551,0.9960728883743286,0.9797902703285217,0.9949461817741394,0.9749131798744202,0.9931163787841797,0.9696421027183533,0.9922103881835938,0.9638099670410156,0.9905965328216553,0.9566712975502014,0.9883987903594971,0.9486095309257507,0.9865310192108154,0.9431259632110596,0.98435378074646,0.933891773223877,0.9825129508972168,0.9304627776145935,0.9795912504196167,0.9207876920700073,0.9760276079177856,0.913121223449707,0.9737220406532288,0.9046452641487122,0.9704537391662598,0.8938050270080566,0.966230034828186,0.8912072777748108,0.9630877375602722,0.8826195001602173,0.960076093673706,0.8742842078208923,0.9563026428222656,0.8625479340553284,0.9503238201141357,0.8565598130226135,0.9469777345657349,0.8470364809036255,0.9418924450874329,0.8427233099937439,0.9379746317863464,0.8299747109413147,0.9317879676818848,0.8250433206558228,0.9265288710594177,0.8164011240005493,0.9201115369796753,0.8062777519226074,0.9142025709152222,0.7993394732475281,0.9094073176383972,0.7896687388420105,0.903746485710144,0.7799612879753113,0.8972988724708557,0.775787353515625,0.8888624310493469,0.7602068185806274,0.88108891248703,0.7554051876068115,0.8770501017570496,0.7467975616455078,0.8708215355873108,0.7465370297431946,0.8603083491325378,0.7414580583572388,0.8527727723121643,0.7312390208244324,0.8490893244743347,0.721610426902771,0.8407542109489441,0.718384861946106,0.8313698768615723,0.7087010145187378,0.8228709101676941,0.701747477054596,0.8127598762512207,0.6917654871940613,0.8016907572746277,0.6859419345855713,0.7956442832946777,0.6781409382820129,0.7879390716552734,0.6689517498016357,0.7764946818351746,0.6690046191215515,0.7680278420448303,0.6643670201301575,0.7573251128196716,0.6542841196060181,0.7484368681907654,0.6475827693939209,0.7386761903762817,0.643552303314209,0.7256140112876892,0.6343097686767578,0.7172092199325562,0.6360737085342407,0.7053741812705994,0.6261789798736572,0.6930124759674072,0.6164824366569519,0.6888633370399475,0.6119754910469055,0.6742115616798401,0.6079609990119934,0.6626972556114197,0.6015976071357727,0.6515639424324036,0.6007292866706848,0.6460469365119934,0.592169463634491,0.6415373086929321
LR (baseline),baseline,91,49,1.0,2.8773651138180867e-05,0.999264121055603,0.9998193979263306,0.9981321692466736,0.9995707273483276,0.9964255690574646,0.9990822076797485,0.9939612746238708,0.9986929297447205,0.9915671944618225,0.9977631568908691,0.988492488861084,0.9970659017562866,0.9852835536003113,0.9960424900054932,0.981816291809082,0.9949048757553101,0.9773200750350952,0.9931275248527527,0.973579466342926,0.9920225739479065,0.9685276746749878,0.9904929399490356,0.9619015455245972,0.9882137775421143,0.9544560313224792,0.9863450527191162,0.9507681727409363,0.9840275645256042,0.9416012763977051,0.9825624823570251,0.9389342665672302,0.9792923331260681,0.9300661683082581,0.9757727384567261,0.9240481853485107,0.9735551476478577,0.9147847294807434,0.9704569578170776,0.9068440794944763,0.9661967754364014,0.9043193459510803,0.962927520275116,0.8967726230621338,0.9597764611244202,0.8873070478439331,0.9563468098640442,0.881786584854126,0.951406717300415,0.8717125654220581,0.9465300440788269,0.8638490438461304,0.9419774413108826,0.8580793142318726,0.9384918212890625,0.8471192121505737,0.9317730069160461,0.8404801487922668,0.9271020889282227,0.8355663418769836,0.9192666411399841,0.8224040865898132,0.9144254922866821,0.8184540867805481,0.9088647365570068,0.812372624874115,0.903989315032959,0.8024252653121948,0.896868884563446,0.7929415702819824,0.8910977840423584,0.783183753490448,0.8835754990577698,0.7717229127883911,0.878123939037323,0.7677598595619202,0.8749831318855286,0.7636212706565857,0.8644972443580627,0.7574290037155151,0.8558753728866577,0.742851734161377,0.8503673672676086,0.7362170815467834,0.8429697155952454,0.7282458543777466,0.8345820903778076,0.7179470658302307,0.8244101405143738,0.7089264988899231,0.8169909119606018,0.6995508074760437,0.8070675730705261,0.6924446821212769,0.8002919554710388,0.6848190426826477,0.7905968427658081,0.6788249611854553,0.779035747051239,0.667725682258606,0.7739051580429077,0.663049578666687,0.7614908218383789,0.6533102989196777,0.7517219185829163,0.6438082456588745,0.7398063540458679,0.636838436126709,0.7303310632705688,0.6310186386108398,0.7219281792640686,0.6257377862930298,0.7085248231887817,0.6133101582527161,0.6996882557868958,0.6075043678283691,0.6915971636772156,0.6042289137840271,0.6768836975097656,0.6013858914375305,0.6625544428825378,0.5900027751922607,0.6544967889785767,0.5845798850059509,0.6470087170600891,0.5779522657394409,0.633238673210144
LR (baseline),baseline,92,0,0.10000000149011612,4.5211584165372187e-07,0.9997312426567078,0.999887228012085,0.9994411468505859,0.9995930790901184,0.9982907772064209,0.9991275072097778,0.9972564578056335,0.9986453652381897,0.9965957999229431,0.99823397397995,0.9944711923599243,0.9974054098129272,0.9922888875007629,0.9962036609649658,0.9901107549667358,0.9950394034385681,0.9882203340530396,0.9938926100730896,0.9840392470359802,0.9923095703125,0.9811649322509766,0.9908864498138428,0.9772961735725403,0.9889733195304871,0.9729128479957581,0.9876466393470764,0.9695169925689697,0.9852352142333984,0.9635471701622009,0.982971727848053,0.9576700329780579,0.9803555011749268,0.9509342312812805,0.9778342247009277,0.9435120224952698,0.9754990339279175,0.9357520341873169,0.9730392098426819,0.9277872443199158,0.9694570899009705,0.9187094569206238,0.9668194651603699,0.9105603694915771,0.9632846713066101,0.9013360142707825,0.9593859910964966,0.8889243602752686,0.9560239315032959,0.8789318799972534,0.9513148665428162,0.8648887276649475,0.9466362595558167,0.8537809252738953,0.9424770474433899,0.8412514925003052,0.9377086162567139,0.825049102306366,0.9332176446914673,0.8126338720321655,0.9281837940216064,0.7979598045349121,0.9235403537750244,0.781082272529602,0.9174985289573669,0.7666378617286682,0.912466824054718,0.7492345571517944,0.9025751948356628,0.7311598062515259,0.8968795537948608,0.7144818902015686,0.889464795589447,0.6950728893280029,0.8836700916290283,0.6834441423416138,0.8751018047332764,0.6616747379302979,0.867834746837616,0.6430944204330444,0.8576173782348633,0.6226819753646851,0.8502629399299622,0.6072185635566711,0.8404533267021179,0.589068591594696,0.8304963707923889,0.5699470639228821,0.8183008432388306,0.548945426940918,0.8083013296127319,0.5314540863037109,0.7953398823738098,0.5086203217506409,0.7847623229026794,0.49036210775375366,0.7711392641067505,0.47787272930145264,0.7561802864074707,0.4572914242744446,0.7401573657989502,0.4361325800418854,0.7231329679489136,0.4204777479171753,0.7139219045639038,0.40303972363471985,0.6916260123252869,0.38812682032585144,0.6738332509994507,0.3660586476325989,0.6568013429641724,0.3511216640472412,0.639139711856842,0.33717983961105347,0.6189662218093872,0.31789642572402954,0.5956198573112488,0.30373522639274597,0.5744970440864563,0.2883031368255615,0.5507546663284302,0.27757829427719116,0.5440692901611328,0.2677672207355499,0.5146974325180054,0.25309669971466064,0.496393620967865
LR (baseline),baseline,92,12,0.3204081654548645,4.610325959220063e-06,0.9992678165435791,0.9998871088027954,0.998018741607666,0.9995968341827393,0.9956092238426208,0.9991264939308167,0.9925807118415833,0.9986342787742615,0.9898014664649963,0.9981734752655029,0.9842675924301147,0.9974238872528076,0.9783350825309753,0.9961869120597839,0.9713190197944641,0.9948214888572693,0.9665564894676208,0.9939184188842773,0.9565734267234802,0.99233078956604,0.9472382664680481,0.9906746745109558,0.9392492771148682,0.9890179634094238,0.9288476705551147,0.9878013134002686,0.9178850650787354,0.9846466183662415,0.9075115919113159,0.982319176197052,0.8947862386703491,0.9795759916305542,0.879955530166626,0.9776066541671753,0.8659524321556091,0.9742809534072876,0.85319983959198,0.9723536968231201,0.8393222093582153,0.968761146068573,0.8217442631721497,0.9656738042831421,0.8058075308799744,0.9619989991188049,0.7910591959953308,0.9581103324890137,0.7778025269508362,0.9535089731216431,0.7584310173988342,0.9500249028205872,0.7417807579040527,0.9439685940742493,0.7295461893081665,0.939712643623352,0.7122761011123657,0.9359942078590393,0.6939778327941895,0.9303188323974609,0.6797834634780884,0.9253924489021301,0.6626278162002563,0.9181106686592102,0.6457005739212036,0.9120485186576843,0.6316137313842773,0.9065130352973938,0.6147384643554688,0.8982523083686829,0.5974441766738892,0.8924754858016968,0.5830695033073425,0.8852711319923401,0.5641246438026428,0.8786781430244446,0.556272566318512,0.8709755539894104,0.5386835932731628,0.8625738024711609,0.5245035290718079,0.8526635766029358,0.5148019790649414,0.8435474634170532,0.49963322281837463,0.8332273364067078,0.4854487180709839,0.8251640200614929,0.4712665379047394,0.8151763081550598,0.45965632796287537,0.8043937087059021,0.44396430253982544,0.7959997653961182,0.43190300464630127,0.7884963154792786,0.41849836707115173,0.7755904793739319,0.4072916507720947,0.7669062614440918,0.3998594880104065,0.7540150880813599,0.3870369791984558,0.7407781481742859,0.3730243742465973,0.7307897210121155,0.36210519075393677,0.7210672497749329,0.35004863142967224,0.7066075801849365,0.3408574163913727,0.6925696134567261,0.33351007103919983,0.6817256808280945,0.31933003664016724,0.6631829738616943,0.3139120638370514,0.6527819633483887,0.29965144395828247,0.6403499245643616,0.29158616065979004,0.6268000602722168,0.287919282913208,0.6188091039657593,0.27735862135887146,0.6050517559051514,0.2729848027229309,0.5904684662818909
LR (baseline),baseline,92,24,0.5408163070678711,1.2495644114096649e-05,0.9992889165878296,0.9998872876167297,0.9980273246765137,0.999600887298584,0.9956243634223938,0.9991254806518555,0.992387056350708,0.998623251914978,0.9905164241790771,0.9981064796447754,0.9851114749908447,0.9974427223205566,0.9792307615280151,0.9961667656898499,0.9724027514457703,0.9945595264434814,0.9681485295295715,0.9939122796058655,0.9601618647575378,0.9923551678657532,0.9510009288787842,0.990496814250946,0.9436478614807129,0.9890649914741516,0.936331033706665,0.9878154397010803,0.9259703755378723,0.984598696231842,0.9177770018577576,0.981985867023468,0.9064697027206421,0.9792681932449341,0.8974668383598328,0.9772065877914429,0.8831393718719482,0.9737969040870667,0.8767445087432861,0.9707184433937073,0.8654803037643433,0.968035101890564,0.8495771288871765,0.9636746644973755,0.8399518728256226,0.9600151777267456,0.8261957764625549,0.9559457898139954,0.8184557557106018,0.9511690139770508,0.7991506457328796,0.9481644034385681,0.7927730679512024,0.9424704909324646,0.7845799922943115,0.9376125335693359,0.7694123387336731,0.9335830807685852,0.7597600817680359,0.9269564151763916,0.7491399049758911,0.9226492643356323,0.7354608178138733,0.9175398945808411,0.7223684787750244,0.9107984900474548,0.7158805131912231,0.9028282165527344,0.7044826745986938,0.8975996375083923,0.6907600164413452,0.8896331787109375,0.6812348961830139,0.8851346373558044,0.6714306473731995,0.8778036236763,0.6596402525901794,0.8693860769271851,0.6539044380187988,0.8614222407341003,0.6409236788749695,0.8547322154045105,0.6377031207084656,0.8459859490394592,0.6258609890937805,0.8396298289299011,0.6127190589904785,0.8270360827445984,0.6046454310417175,0.8215144276618958,0.5935242176055908,0.8122119307518005,0.5893059372901917,0.800003170967102,0.582714855670929,0.7940829992294312,0.5746433734893799,0.7805443406105042,0.5677302479743958,0.773118793964386,0.5625789165496826,0.7646729946136475,0.5500732660293579,0.7477782368659973,0.5446788668632507,0.7458665370941162,0.5369811058044434,0.7324603199958801,0.532314658164978,0.7243929505348206,0.5191499590873718,0.7131604552268982,0.513974130153656,0.6994336247444153,0.5056517124176025,0.6926379203796387,0.5034501552581787,0.6757494807243347,0.4895854890346527,0.6694867014884949,0.48743581771850586,0.6605186462402344,0.4809247851371765,0.6486048102378845,0.4754398465156555,0.6400494575500488,0.4750990867614746,0.6328349709510803
LR (baseline),baseline,92,37,0.7795918583869934,2.1806950826430693e-05,0.9994519352912903,0.9998868703842163,0.998367190361023,0.999603807926178,0.9963194727897644,0.999123752117157,0.9933492541313171,0.9986197352409363,0.9926509857177734,0.9980496764183044,0.9881924390792847,0.9974444508552551,0.9837003946304321,0.9961416125297546,0.9779443740844727,0.9943616390228271,0.9747160077095032,0.9938725829124451,0.9691741466522217,0.9922950863838196,0.9619284868240356,0.9903324246406555,0.9563602209091187,0.9889634251594543,0.9512678980827332,0.9875922799110413,0.9457112550735474,0.9845683574676514,0.9377751350402832,0.9819360375404358,0.9283947944641113,0.979316234588623,0.9248782992362976,0.9767484664916992,0.9120281934738159,0.973739743232727,0.9091740846633911,0.9710002541542053,0.9002437591552734,0.9671801328659058,0.8928816318511963,0.9634209275245667,0.8848457336425781,0.9586349129676819,0.8746346831321716,0.9547856450080872,0.8697448372840881,0.9513087272644043,0.857703685760498,0.9470740556716919,0.8530646562576294,0.9432898759841919,0.8456862568855286,0.9368225336074829,0.835992157459259,0.9327335357666016,0.8305193185806274,0.9265265464782715,0.8210175633430481,0.9207288026809692,0.8096224069595337,0.916695773601532,0.8030633330345154,0.9107734560966492,0.7978343963623047,0.9034380912780762,0.7904683351516724,0.8970020413398743,0.7819220423698425,0.888209879398346,0.7739266753196716,0.8843234181404114,0.7677674293518066,0.8758159875869751,0.7573128342628479,0.8714823126792908,0.7537356615066528,0.8604526519775391,0.7412569522857666,0.8533075451850891,0.7427813410758972,0.8458572030067444,0.7343868017196655,0.8384116291999817,0.7236970663070679,0.8312752842903137,0.7148751616477966,0.8252402544021606,0.706634521484375,0.8162937760353088,0.702963650226593,0.8036209940910339,0.6963690519332886,0.7957907915115356,0.6858096718788147,0.7863916754722595,0.6858704090118408,0.7753870487213135,0.6730102896690369,0.7658768892288208,0.6667596101760864,0.7561238408088684,0.6648321747779846,0.7500370740890503,0.6522902250289917,0.7396384477615356,0.6517980098724365,0.7284203767776489,0.6423606276512146,0.7187618017196655,0.6430366039276123,0.7088994383811951,0.6358765363693237,0.6967880129814148,0.628506600856781,0.6793651580810547,0.6255276799201965,0.6751326322555542,0.609921395778656,0.6630415320396423,0.6131955981254578,0.6504454016685486,0.612545907497406,0.6382417678833008,0.5995354056358337,0.6350076198577881
LR (baseline),baseline,92,49,1.0,2.899870196415577e-05,0.9995042681694031,0.9998865127563477,0.9985032677650452,0.9996061325073242,0.996640682220459,0.9991215467453003,0.9938375353813171,0.9986242055892944,0.9936794638633728,0.9980157017707825,0.9893673658370972,0.9974342584609985,0.9854976534843445,0.9961315989494324,0.9804545044898987,0.9942888021469116,0.9771779179573059,0.9938182830810547,0.9724285006523132,0.9921713471412659,0.9660226702690125,0.9901832342147827,0.9616227746009827,0.9888784289360046,0.9565058350563049,0.9873495697975159,0.9529902338981628,0.984571635723114,0.9451366066932678,0.9817354083061218,0.9363358616828918,0.9792451858520508,0.9345071911811829,0.9763708114624023,0.9234273433685303,0.9737974405288696,0.9194638729095459,0.9715428948402405,0.9141491651535034,0.9667463898658752,0.9072110056877136,0.9632347822189331,0.8983737826347351,0.9581598043441772,0.8870456218719482,0.9544158577919006,0.8857427835464478,0.9511042833328247,0.875178337097168,0.9464148283004761,0.8714092373847961,0.9437331557273865,0.8606280088424683,0.9372133016586304,0.8565780520439148,0.9314519166946411,0.851823091506958,0.9279953241348267,0.8447677493095398,0.92032790184021,0.8344764709472656,0.916172981262207,0.8286772966384888,0.9113963842391968,0.8242308497428894,0.9044972062110901,0.8128512501716614,0.8972141146659851,0.8088754415512085,0.8902920484542847,0.8056352138519287,0.8871927857398987,0.7969526648521423,0.877558171749115,0.7812154293060303,0.8724782466888428,0.7765653729438782,0.8641828298568726,0.7666075229644775,0.8549376726150513,0.7642162442207336,0.8467370867729187,0.7566578984260559,0.8405589461326599,0.7463372349739075,0.8334113359451294,0.7462092041969299,0.8254005312919617,0.7354017496109009,0.8157606720924377,0.7323076128959656,0.8052167892456055,0.722916841506958,0.7954954504966736,0.7181206345558167,0.7904115319252014,0.7123647332191467,0.7795457243919373,0.7025921940803528,0.7700956463813782,0.6939902901649475,0.7634553909301758,0.6916565895080566,0.7508722543716431,0.6843699812889099,0.7417232990264893,0.6778844594955444,0.7297824621200562,0.6721511483192444,0.7208936214447021,0.6600510478019714,0.712325930595398,0.6555970311164856,0.7001129984855652,0.6533708572387695,0.6873549818992615,0.6456682085990906,0.6787554025650024,0.638267457485199,0.6676758527755737,0.638130784034729,0.6564838886260986,0.6319882273674011,0.6436354517936707,0.6262239217758179,0.638237476348877
LR (baseline),baseline,93,0,0.10000000149011612,4.4951008248972357e-07,1.0000048875808716,0.999857485294342,0.9992032647132874,0.9997033476829529,0.9985002279281616,0.9993235468864441,0.9975543022155762,0.9987581372261047,0.9963087439537048,0.9979449510574341,0.9941571950912476,0.9972168803215027,0.9927941560745239,0.9961937665939331,0.9900436997413635,0.9955618977546692,0.9877774119377136,0.9939611554145813,0.984951913356781,0.992415726184845,0.9805981516838074,0.9907627701759338,0.9773516058921814,0.9894629120826721,0.9733328819274902,0.9867696762084961,0.9690394997596741,0.9849602580070496,0.9635106921195984,0.9830799102783203,0.9576497673988342,0.9793857336044312,0.9507229328155518,0.978405237197876,0.9436560869216919,0.9755613803863525,0.9361804127693176,0.972768247127533,0.9283670783042908,0.9689368009567261,0.9183143973350525,0.9672154188156128,0.9096674919128418,0.9619802832603455,0.8998242616653442,0.959173321723938,0.8899348974227905,0.9554461240768433,0.8780708312988281,0.9503915905952454,0.8651944398880005,0.9463223814964294,0.8525628447532654,0.9429751634597778,0.8436580896377563,0.9379934072494507,0.8250344395637512,0.9343084692955017,0.8125945925712585,0.9265283942222595,0.8022434711456299,0.9224903583526611,0.7832688093185425,0.917287290096283,0.7650647163391113,0.9106552004814148,0.7505385875701904,0.9041134119033813,0.727851152420044,0.8965917229652405,0.718462347984314,0.8900196552276611,0.6966968774795532,0.8831292390823364,0.679107129573822,0.8765497803688049,0.6607820987701416,0.8659937381744385,0.6427560448646545,0.85955411195755,0.6280918121337891,0.849161684513092,0.6034838557243347,0.8394421935081482,0.5888858437538147,0.8335530161857605,0.5684414505958557,0.8202104568481445,0.5491534471511841,0.8102387189865112,0.5316252708435059,0.7959638237953186,0.5144054889678955,0.7864070534706116,0.4954282343387604,0.7687262892723083,0.47853249311447144,0.7577795386314392,0.4539863169193268,0.7396694421768188,0.4408329129219055,0.7256695628166199,0.42250576615333557,0.7123075723648071,0.40372031927108765,0.6991494297981262,0.38916829228401184,0.6728640794754028,0.3702234625816345,0.6560187339782715,0.35547205805778503,0.6362371444702148,0.34000542759895325,0.6194221377372742,0.324219673871994,0.5991795063018799,0.30601274967193604,0.5872313380241394,0.29328465461730957,0.5554170608520508,0.2822205126285553,0.5383211374282837,0.26681676506996155,0.5142674446105957,0.25493693351745605,0.5007026195526123
LR (baseline),baseline,93,12,0.3204081654548645,4.580812856147531e-06,0.9995208978652954,0.9998564124107361,0.9977362751960754,0.9997044205665588,0.9955576658248901,0.9993088245391846,0.9929837584495544,0.9987517595291138,0.9888310432434082,0.9979637265205383,0.9840594530105591,0.9971205592155457,0.9789939522743225,0.9961170554161072,0.9722174406051636,0.9956056475639343,0.9651798605918884,0.9940323233604431,0.958212673664093,0.9923709034919739,0.9474435448646545,0.9906967282295227,0.9399323463439941,0.9890345335006714,0.9289564490318298,0.9869656562805176,0.9202072024345398,0.9844309091567993,0.9075044989585876,0.9822725057601929,0.8946285247802734,0.9784770011901855,0.8817111849784851,0.9775744080543518,0.866752028465271,0.9736818671226501,0.8543775677680969,0.9720460772514343,0.8374738693237305,0.9674850106239319,0.822425127029419,0.9651761054992676,0.8075758814811707,0.9612595438957214,0.7944577932357788,0.9574272632598877,0.7763969302177429,0.9533349871635437,0.7616583704948425,0.9482677578926086,0.7453847527503967,0.9437063336372375,0.7290816903114319,0.9397647380828857,0.7121192812919617,0.9334295392036438,0.6958562731742859,0.9276799559593201,0.6774467825889587,0.9230690002441406,0.6643270254135132,0.9175180196762085,0.6471968293190002,0.911989688873291,0.6303872466087341,0.9062764048576355,0.6161893606185913,0.8988503813743591,0.599875807762146,0.8906506299972534,0.5827804803848267,0.8851687908172607,0.5689037442207336,0.8781766891479492,0.5549672842025757,0.8697651028633118,0.5425564646720886,0.8605222702026367,0.5257542133331299,0.8520126938819885,0.5153670907020569,0.8453713655471802,0.4978592097759247,0.8387553095817566,0.4846345782279968,0.8283052444458008,0.46893781423568726,0.816164493560791,0.45854294300079346,0.8064737915992737,0.4465440809726715,0.7960658669471741,0.4353506565093994,0.7884334325790405,0.42386817932128906,0.7759397029876709,0.40860623121261597,0.7656867504119873,0.3982993960380554,0.7524361610412598,0.3870084881782532,0.742805540561676,0.3723828196525574,0.732732355594635,0.3634152412414551,0.7147419452667236,0.35501930117607117,0.7052522301673889,0.34474408626556396,0.6921390295028687,0.3351297080516815,0.6804116368293762,0.32158204913139343,0.6706516146659851,0.312526673078537,0.6505818367004395,0.3048403263092041,0.6436226963996887,0.2941632568836212,0.6257708072662354,0.2844640016555786,0.612718403339386,0.27575817704200745,0.5969595313072205,0.2726409137248993,0.5887038707733154
LR (baseline),baseline,93,24,0.5408163070678711,1.2430191418388858e-05,0.999487042427063,0.9998552799224854,0.997774064540863,0.9997061491012573,0.995453953742981,0.9992934465408325,0.9931955337524414,0.9987456202507019,0.9886936545372009,0.9979862570762634,0.9851125478744507,0.9970444440841675,0.9798721671104431,0.9960411190986633,0.9737827181816101,0.9954907298088074,0.9665240049362183,0.9940825700759888,0.9613719582557678,0.9924595952033997,0.9528255462646484,0.9906017780303955,0.9458224177360535,0.9888730645179749,0.9366521239280701,0.9872899055480957,0.930540144443512,0.9845276474952698,0.9173310399055481,0.9817509055137634,0.9082030057907104,0.9786122441291809,0.9003072381019592,0.9768453240394592,0.8883699178695679,0.9720442295074463,0.8785389065742493,0.9709553718566895,0.8641480803489685,0.9663671255111694,0.8550389409065247,0.9632784724235535,0.8464566469192505,0.9584096670150757,0.8314528465270996,0.9555089473724365,0.8247871398925781,0.9511948227882385,0.8116796016693115,0.9468516707420349,0.7995705008506775,0.9426429271697998,0.7893440127372742,0.937203586101532,0.7757601141929626,0.9294984340667725,0.7661598324775696,0.9256443381309509,0.7573742866516113,0.9209447503089905,0.7429412007331848,0.9142950177192688,0.7317237854003906,0.9094943404197693,0.7201322913169861,0.9010992646217346,0.7114560604095459,0.8974789381027222,0.7043765783309937,0.8872304558753967,0.6919555068016052,0.88337242603302,0.6855835914611816,0.8743841648101807,0.675022542476654,0.8659656047821045,0.6689980626106262,0.8595862984657288,0.6522724032402039,0.8525137901306152,0.6538692116737366,0.8431375026702881,0.6449658274650574,0.8341751098632812,0.6357244253158569,0.827849268913269,0.6285052299499512,0.8177796006202698,0.6220628619194031,0.8106814622879028,0.6139845848083496,0.8003897070884705,0.6052311658859253,0.7897653579711914,0.6003350615501404,0.77889484167099,0.5921357274055481,0.771195650100708,0.5820343494415283,0.7607740163803101,0.576493501663208,0.7506797313690186,0.569796085357666,0.7411618232727051,0.5618431568145752,0.73029625415802,0.5556336641311646,0.7231650352478027,0.5517630577087402,0.7064403295516968,0.5425208806991577,0.70086669921875,0.5386277437210083,0.6877403855323792,0.5247597694396973,0.6780766844749451,0.5237967371940613,0.6646475791931152,0.5188140869140625,0.6569198966026306,0.508216917514801,0.644745945930481,0.5035301446914673,0.6385500431060791,0.5049340724945068,0.6295348405838013
LR (baseline),baseline,93,37,0.7795918583869934,2.1712990928790532e-05,0.9995566606521606,0.9998540282249451,0.9981299638748169,0.9997057914733887,0.996075451374054,0.9992804527282715,0.9942567348480225,0.9987434148788452,0.9902159571647644,0.9980154037475586,0.9880812168121338,0.9970186948776245,0.9838883876800537,0.9959820508956909,0.9787617325782776,0.9953092932701111,0.9717236161231995,0.9940428733825684,0.9688559770584106,0.9924700856208801,0.9628617167472839,0.9904894232749939,0.9560863971710205,0.9888396263122559,0.9496660232543945,0.9874324798583984,0.9458912014961243,0.9849506616592407,0.9335628151893616,0.98182213306427,0.9290545582771301,0.9791285395622253,0.9244507551193237,0.9766319990158081,0.9171619415283203,0.972733736038208,0.907052755355835,0.9712477922439575,0.8981452584266663,0.9666514992713928,0.8939197063446045,0.9639875292778015,0.8871166110038757,0.9588185548782349,0.8756983280181885,0.9552820920944214,0.872584879398346,0.9512770175933838,0.8613871335983276,0.9463691115379333,0.8543025851249695,0.9431973695755005,0.8466749787330627,0.9369382262229919,0.8380854725837708,0.9310076832771301,0.831030011177063,0.9266032576560974,0.8224059343338013,0.9201493263244629,0.8093301653862,0.913374125957489,0.8010915517807007,0.9116995930671692,0.791019856929779,0.9036460518836975,0.7859529256820679,0.8981525301933289,0.774680495262146,0.8888473510742188,0.7665731906890869,0.8835618495941162,0.7616362571716309,0.8756879568099976,0.7534840703010559,0.8700874447822571,0.7491235733032227,0.865905225276947,0.7395418882369995,0.8569883704185486,0.7360016107559204,0.8491628766059875,0.729261577129364,0.8409311771392822,0.7187025547027588,0.8313280940055847,0.7118037343025208,0.8245857357978821,0.7115548253059387,0.8162969946861267,0.7014455199241638,0.8075198531150818,0.6936905980110168,0.800152063369751,0.6943697929382324,0.7904202938079834,0.6817464828491211,0.7781340479850769,0.6770476698875427,0.7674626708030701,0.6712101697921753,0.7613616585731506,0.6647688746452332,0.74778813123703,0.6564032435417175,0.741269052028656,0.6546668410301208,0.7356423139572144,0.651296079158783,0.724155843257904,0.6402680277824402,0.7138364911079407,0.6392600536346436,0.70176762342453,0.6284246444702148,0.6897752285003662,0.6253507733345032,0.6830727458000183,0.6188489198684692,0.6695401072502136,0.6156502366065979,0.6588042378425598,0.6181747317314148,0.6520794034004211,0.6054298877716064,0.6438137292861938
LR (baseline),baseline,93,49,1.0,2.8926187951583415e-05,0.9995906352996826,0.999853789806366,0.9983226656913757,0.9997044801712036,0.9964631199836731,0.9992730617523193,0.9948370456695557,0.9987424612045288,0.9909243583679199,0.9980295300483704,0.9894264936447144,0.9970172643661499,0.9857602119445801,0.9959527850151062,0.9808318018913269,0.9951865673065186,0.9741443395614624,0.9939865469932556,0.9712268114089966,0.9923984408378601,0.9670917987823486,0.9903788566589355,0.9601964354515076,0.9887136220932007,0.9541448354721069,0.9873524308204651,0.9511926174163818,0.9850266575813293,0.9395943284034729,0.9819425940513611,0.9353991150856018,0.979108989238739,0.9318546056747437,0.976022481918335,0.9247363209724426,0.9730198979377747,0.9161966443061829,0.9711633324623108,0.9061363935470581,0.9664359092712402,0.9037261009216309,0.9636915922164917,0.8960777521133423,0.9595795273780823,0.8876275420188904,0.9543265700340271,0.8795143365859985,0.9500753283500671,0.8734006881713867,0.9465373754501343,0.8674963712692261,0.9421370625495911,0.8584170937538147,0.9361770749092102,0.8526283502578735,0.9319501519203186,0.8451328277587891,0.9275491237640381,0.8373112678527832,0.920498251914978,0.833975076675415,0.9132466316223145,0.8216355443000793,0.9108684659004211,0.812167763710022,0.9051242470741272,0.8067160844802856,0.8988056182861328,0.7948135137557983,0.8891751170158386,0.7874689102172852,0.8817001581192017,0.7782140970230103,0.8769593238830566,0.7785143852233887,0.8699582815170288,0.7703198194503784,0.8634147644042969,0.7582247257232666,0.8579760789871216,0.7551296949386597,0.8478281497955322,0.7474281191825867,0.8382254838943481,0.7351266145706177,0.8313997387886047,0.7298918962478638,0.8227701187133789,0.7223042845726013,0.8147849440574646,0.7065662741661072,0.8045769929885864,0.6979580521583557,0.7991229295730591,0.7031395435333252,0.788149356842041,0.6905974745750427,0.7767579555511475,0.6802345514297485,0.7670394778251648,0.6729490160942078,0.7578430771827698,0.6626748442649841,0.7451803088188171,0.6614541411399841,0.7363240718841553,0.6506307125091553,0.7276737093925476,0.6468695402145386,0.7173259258270264,0.6302708387374878,0.707413911819458,0.6333268284797668,0.6934890747070312,0.6251860857009888,0.6844385862350464,0.6134392023086548,0.6744138598442078,0.6092283129692078,0.6587413549423218,0.6002246737480164,0.6553583145141602,0.5891118049621582,0.6415073275566101,0.5869922637939453,0.6299746632575989
LR (baseline),baseline,94,0,0.10000000149011612,4.482032522901136e-07,0.9999514818191528,0.9998354315757751,0.9992417693138123,0.9995860457420349,0.9984834790229797,0.9993689656257629,0.9979346990585327,0.9986333847045898,0.9962800145149231,0.9982312321662903,0.9947165250778198,0.9970706105232239,0.9927281141281128,0.996364414691925,0.990123987197876,0.9952675700187683,0.9873434901237488,0.9942419528961182,0.9851272702217102,0.9927186965942383,0.9809603095054626,0.9907021522521973,0.9773746728897095,0.9895212054252625,0.9716223478317261,0.9869663715362549,0.9675472974777222,0.9851752519607544,0.9634652733802795,0.9835324883460999,0.9585186243057251,0.9799720644950867,0.9513327479362488,0.9783840179443359,0.9427648782730103,0.9750643968582153,0.937465250492096,0.9718291759490967,0.927898108959198,0.9689129590988159,0.9217806458473206,0.9658113718032837,0.9113248586654663,0.9622213244438171,0.898958683013916,0.9592453837394714,0.8899697661399841,0.9563854336738586,0.8792324662208557,0.9515724778175354,0.8684963583946228,0.9477338790893555,0.8547488451004028,0.944641649723053,0.8407467007637024,0.9375495910644531,0.8304150104522705,0.9332584738731384,0.81569504737854,0.9273579120635986,0.8006278872489929,0.9239721894264221,0.7828689217567444,0.9177441000938416,0.7704312205314636,0.9118614792823792,0.750691294670105,0.9041194319725037,0.7357259392738342,0.8972087502479553,0.7226244807243347,0.8907160758972168,0.7027272582054138,0.885038435459137,0.6813526749610901,0.8732763528823853,0.6678379774093628,0.8680804371833801,0.644586443901062,0.8600402474403381,0.6319537162780762,0.8495146036148071,0.6119451522827148,0.8428027033805847,0.5920318365097046,0.8319182991981506,0.5701913833618164,0.820054829120636,0.5531237125396729,0.8089134097099304,0.5339735746383667,0.7939882874488831,0.5221955180168152,0.78581702709198,0.5042696595191956,0.7700890898704529,0.48134517669677734,0.7621995210647583,0.4636181890964508,0.7418280839920044,0.437930166721344,0.7243133187294006,0.42739149928092957,0.7099916934967041,0.4081500768661499,0.69569993019104,0.3966516852378845,0.6698717474937439,0.3764709234237671,0.6573897004127502,0.3586122989654541,0.6375198364257812,0.3431275188922882,0.6197394132614136,0.32907235622406006,0.6004568338394165,0.31142356991767883,0.577031135559082,0.2947155237197876,0.5553021430969238,0.28909653425216675,0.5395491123199463,0.2739720344543457,0.5219076871871948,0.2632289230823517,0.49857965111732483
LR (baseline),baseline,94,12,0.3204081654548645,4.560339220915921e-06,0.9994309544563293,0.9998356103897095,0.9978305697441101,0.9995879530906677,0.9957288503646851,0.9993811249732971,0.993230402469635,0.9986292123794556,0.9889005422592163,0.9982805252075195,0.9840887188911438,0.9970157742500305,0.978983998298645,0.9962649345397949,0.9722169041633606,0.9952425956726074,0.9649571776390076,0.9941644668579102,0.9575971961021423,0.9925667643547058,0.9485757946968079,0.9908567070960999,0.9389949440956116,0.9891276359558105,0.9270877838134766,0.9869400858879089,0.9161972999572754,0.9848522543907166,0.90777188539505,0.9832497239112854,0.8941813111305237,0.979858934879303,0.8817448616027832,0.9778324365615845,0.8626471757888794,0.9743928909301758,0.852798581123352,0.9709238409996033,0.8383061289787292,0.9686257243156433,0.8226285576820374,0.9648712873458862,0.8044082522392273,0.9610408544540405,0.7936177849769592,0.9578865170478821,0.7774961590766907,0.954028308391571,0.7595270276069641,0.9489395022392273,0.7460750341415405,0.9441348314285278,0.7271576523780823,0.9395177364349365,0.7092711329460144,0.9344508647918701,0.6951425671577454,0.9294646978378296,0.6768868565559387,0.9248482584953308,0.6644545793533325,0.9184285402297974,0.6434918642044067,0.9139943718910217,0.6307404041290283,0.9054785370826721,0.6159396767616272,0.8992152810096741,0.596198320388794,0.8928711414337158,0.5867295861244202,0.8886852860450745,0.5671066045761108,0.8773171901702881,0.5533438920974731,0.8697745203971863,0.5367670655250549,0.8627867698669434,0.5227254033088684,0.8527950644493103,0.5120851993560791,0.8482213020324707,0.49672436714172363,0.8367759585380554,0.4842931032180786,0.8270772695541382,0.4709002375602722,0.8171687722206116,0.459042489528656,0.8111981153488159,0.4438152015209198,0.7982314229011536,0.4338708817958832,0.7866060733795166,0.42632409930229187,0.7796707153320312,0.4084818363189697,0.7688234448432922,0.39342981576919556,0.7527580857276917,0.38274145126342773,0.7436630129814148,0.3716683089733124,0.7316731214523315,0.3615055978298187,0.7232373952865601,0.3512521982192993,0.7089805603027344,0.33792486786842346,0.6959603428840637,0.32733282446861267,0.6857289671897888,0.3178357183933258,0.6686463952064514,0.31013455986976624,0.6602921485900879,0.29918673634529114,0.6420091390609741,0.29126328229904175,0.6306953430175781,0.2824954092502594,0.6163752675056458,0.27576351165771484,0.6031680703163147,0.2667119801044464,0.591154158115387
LR (baseline),baseline,94,24,0.5408163070678711,1.237804644915741e-05,0.9994477033615112,0.9998353123664856,0.9978434443473816,0.9995909929275513,0.9957646131515503,0.9993914365768433,0.9933602213859558,0.9986283183097839,0.9894182682037354,0.998293936252594,0.984534740447998,0.9969853162765503,0.9801707863807678,0.9961662888526917,0.9740771055221558,0.9951898455619812,0.9675356149673462,0.9940410852432251,0.9594763517379761,0.9924332499504089,0.952860414981842,0.9909589886665344,0.9453645944595337,0.9887797832489014,0.9353143572807312,0.9871130585670471,0.9246742725372314,0.9844273924827576,0.916689395904541,0.9829404354095459,0.907263994216919,0.9795837998390198,0.8978396058082581,0.9771405458450317,0.88535076379776,0.9733771085739136,0.875215470790863,0.9703004360198975,0.8638463616371155,0.9677250385284424,0.8516243696212769,0.9637979865074158,0.842437744140625,0.9600930213928223,0.8357994556427002,0.956872820854187,0.8210186958312988,0.9519203901290894,0.805822491645813,0.9472025036811829,0.7951036095619202,0.9425963759422302,0.7858713865280151,0.9378984570503235,0.775344729423523,0.9307539463043213,0.7643770575523376,0.9269001483917236,0.7537438869476318,0.9210479855537415,0.7431591749191284,0.9138854742050171,0.7343123555183411,0.9106411933898926,0.7230936288833618,0.9008520841598511,0.7132856249809265,0.8962791562080383,0.698718786239624,0.8892657160758972,0.694892942905426,0.883176326751709,0.6839355826377869,0.8746346831321716,0.6735806465148926,0.8673975467681885,0.667122483253479,0.859978199005127,0.6549561619758606,0.85193932056427,0.6485704183578491,0.8438155055046082,0.6416705250740051,0.8357428908348083,0.6255371570587158,0.8248690962791443,0.6275186538696289,0.8154786229133606,0.6119649410247803,0.8062362670898438,0.6103701591491699,0.7989672422409058,0.5988875031471252,0.7865366339683533,0.5942433476448059,0.7775795459747314,0.5867969989776611,0.7642927765846252,0.5754438638687134,0.755299985408783,0.5704278945922852,0.7501978278160095,0.5563421845436096,0.7327530384063721,0.5531454682350159,0.7261602878570557,0.5484638810157776,0.7137011885643005,0.5397429466247559,0.707023024559021,0.5330674648284912,0.6938604116439819,0.5284041166305542,0.6804332137107849,0.5141101479530334,0.6703446507453918,0.509036123752594,0.6614367961883545,0.5068396329879761,0.6534608602523804,0.5020778775215149,0.6401950120925903,0.495177686214447,0.6323924660682678,0.48943600058555603,0.625663161277771
LR (baseline),baseline,94,37,0.7795918583869934,2.1573196136159822e-05,0.9995654821395874,0.9998350143432617,0.9981813430786133,0.99959397315979,0.9964646697044373,0.9993994832038879,0.9943689703941345,0.9986379146575928,0.9913462996482849,0.9982890486717224,0.9872549176216125,0.9969867467880249,0.9836957454681396,0.9960951209068298,0.9793306589126587,0.9951390027999878,0.9738545417785645,0.9939356446266174,0.9667621850967407,0.9923233985900879,0.9628146886825562,0.9909552335739136,0.9580130577087402,0.988801121711731,0.951228141784668,0.9872217774391174,0.9403680562973022,0.9843112230300903,0.9343262314796448,0.9826963543891907,0.9291364550590515,0.9795872569084167,0.917304277420044,0.9768493175506592,0.9143443703651428,0.9729425311088562,0.9041354060173035,0.9700883030891418,0.8962215781211853,0.9668227434158325,0.8858650326728821,0.9636245965957642,0.8854312896728516,0.95942223072052,0.8759326934814453,0.9565168023109436,0.8641394376754761,0.9517006278038025,0.8558349013328552,0.9467016458511353,0.8449736833572388,0.9418364763259888,0.837390124797821,0.9385247230529785,0.8281207084655762,0.9316990375518799,0.8242558836936951,0.9274974465370178,0.8144434690475464,0.9217298626899719,0.8070963621139526,0.9132835865020752,0.7966384291648865,0.9090673327445984,0.7844176888465881,0.9040417075157166,0.7840609550476074,0.8977236747741699,0.768197774887085,0.8887919783592224,0.7652149796485901,0.8824866414070129,0.7625945210456848,0.8757314682006836,0.7473682761192322,0.8678706288337708,0.7380765676498413,0.8620558977127075,0.7307664752006531,0.8557363748550415,0.7248662114143372,0.8470548391342163,0.7199909090995789,0.8374770879745483,0.7089689373970032,0.8298978805541992,0.7004901170730591,0.8213664293289185,0.6928961873054504,0.8079400658607483,0.6803900599479675,0.802925169467926,0.6755555272102356,0.7964255213737488,0.6729457974433899,0.7842764854431152,0.6629024147987366,0.7710919380187988,0.652840256690979,0.7668348550796509,0.6457967162132263,0.7581610083580017,0.6390254497528076,0.7418835163116455,0.6259474754333496,0.7305582165718079,0.6208500266075134,0.7192628383636475,0.618301272392273,0.7061780691146851,0.6153786182403564,0.6994200944900513,0.606712281703949,0.6902596950531006,0.6068740487098694,0.6735547184944153,0.5912836790084839,0.6681808233261108,0.5906352400779724,0.6532871127128601,0.5820501446723938,0.6494637727737427,0.5748625993728638,0.6363744735717773,0.566802442073822,0.6248841285705566
LR (baseline),baseline,94,49,1.0,2.868125739041716e-05,0.9996110796928406,0.9998351335525513,0.9983201026916504,0.999595582485199,0.9968103170394897,0.9994047284126282,0.9947745203971863,0.9986433982849121,0.9919118881225586,0.998276948928833,0.9882025718688965,0.9969988465309143,0.9848950505256653,0.996056854724884,0.9809684753417969,0.9951130747795105,0.9761859178543091,0.9938492178916931,0.9696417450904846,0.9922298789024353,0.9656960964202881,0.9908801317214966,0.9615755677223206,0.9889836311340332,0.9567479491233826,0.9871605038642883,0.9447611570358276,0.9842503070831299,0.9392850399017334,0.9823827147483826,0.9338184595108032,0.9797715544700623,0.9212853908538818,0.976783812046051,0.9206786751747131,0.9729611277580261,0.9115294814109802,0.9699142575263977,0.9048441052436829,0.9663543701171875,0.8943418264389038,0.96347975730896,0.8933796286582947,0.9586772918701172,0.8824764490127563,0.9556430578231812,0.8760092258453369,0.9508791565895081,0.8659741878509521,0.9460482001304626,0.8556981682777405,0.9410991668701172,0.8464163541793823,0.937339186668396,0.8410450220108032,0.9311637282371521,0.8339917063713074,0.9280977249145508,0.8237879276275635,0.9215736985206604,0.8209746479988098,0.9140282273292542,0.8076176643371582,0.9087101221084595,0.7985199093818665,0.9038633108139038,0.7895660400390625,0.897598922252655,0.7820639610290527,0.8906981945037842,0.7727729678153992,0.8830257058143616,0.7701473832130432,0.8755999803543091,0.7588281631469727,0.8681051731109619,0.7507376074790955,0.8620898723602295,0.7431702613830566,0.8528465628623962,0.7349847555160522,0.8485593199729919,0.7250632047653198,0.8376706838607788,0.7241393327713013,0.8315950036048889,0.7139196991920471,0.8235935568809509,0.7075583338737488,0.8140666484832764,0.6975089907646179,0.803742527961731,0.687156081199646,0.7962656021118164,0.680472195148468,0.7832415699958801,0.6743622422218323,0.7725287079811096,0.6676851511001587,0.7670007348060608,0.6573445200920105,0.7573273181915283,0.6425901055335999,0.7459589838981628,0.6426486968994141,0.7336129546165466,0.6315659880638123,0.7252680063247681,0.6224042177200317,0.7109689116477966,0.6170041561126709,0.7025442719459534,0.609970211982727,0.6910706162452698,0.6071537733078003,0.6772026419639587,0.5975321531295776,0.6673288345336914,0.5991299748420715,0.6559523940086365,0.5867840647697449,0.6469917893409729,0.5828003883361816,0.6323730945587158,0.5830240845680237,0.6219397783279419
cnn electric-dream,cnn,90,0,0.10000000149011612,4.493977314723452e-07,0.9996253252029419,0.9998854398727417,0.9990618228912354,0.9997052550315857,0.9986518025398254,0.9992578029632568,0.9980436563491821,0.9987940192222595,0.9962619543075562,0.9981729388237,0.9942710399627686,0.9970657229423523,0.9929867386817932,0.9962758421897888,0.9911176562309265,0.9951552748680115,0.9883239269256592,0.9938908219337463,0.984413206577301,0.9919793605804443,0.9814523458480835,0.9905533790588379,0.9770858883857727,0.9892798662185669,0.9739035367965698,0.9870653748512268,0.9668517112731934,0.9851985573768616,0.9633337259292603,0.982093095779419,0.9581326246261597,0.9804783463478088,0.9516059160232544,0.9778316617012024,0.9416739344596863,0.9756516218185425,0.9343870878219604,0.9736071228981018,0.9278387427330017,0.9696340560913086,0.9203413724899292,0.9658865928649902,0.9090502858161926,0.9626138210296631,0.9001150727272034,0.9581444263458252,0.8903136253356934,0.955572247505188,0.8770979046821594,0.9515636563301086,0.8680778741836548,0.9489702582359314,0.8538554906845093,0.9426084160804749,0.8439568877220154,0.9375437498092651,0.8280657529830933,0.9325373768806458,0.8141359686851501,0.9286152124404907,0.7987412810325623,0.9233179092407227,0.7830963730812073,0.9168716073036194,0.7675592303276062,0.9117820858955383,0.7530719637870789,0.9031555652618408,0.7329143285751343,0.8972403407096863,0.7173631191253662,0.8895077705383301,0.7000724077224731,0.8818009495735168,0.6817108392715454,0.8761674165725708,0.6674867272377014,0.8690674304962158,0.6459507346153259,0.8621164560317993,0.6276237964630127,0.8506772518157959,0.6103743314743042,0.8406906723976135,0.5932689905166626,0.8298670053482056,0.5677499175071716,0.8194347023963928,0.5569742918014526,0.8076529502868652,0.5368785262107849,0.7975836992263794,0.5120585560798645,0.7872161269187927,0.49342072010040283,0.7697189450263977,0.4831303060054779,0.7558956146240234,0.45932403206825256,0.7390426993370056,0.4405156970024109,0.7262316346168518,0.4272252023220062,0.7128150463104248,0.40599867701530457,0.6902651786804199,0.39305877685546875,0.6735787391662598,0.37297964096069336,0.6577244400978088,0.356489896774292,0.6389312744140625,0.34355151653289795,0.6142921447753906,0.32658758759498596,0.5993053913116455,0.310680627822876,0.5780565142631531,0.29860275983810425,0.5565336346626282,0.2818986177444458,0.5291672348976135,0.2734782099723816,0.5134279131889343,0.2618308961391449,0.4955271780490875
cnn electric-dream,cnn,90,12,0.3204081654548645,3.429165644774912e-06,1.0003522634506226,0.9999508857727051,1.0005207061767578,0.9998400807380676,1.001328468322754,0.9995788335800171,1.0005946159362793,0.9993395209312439,1.0019663572311401,0.9990203976631165,1.0025345087051392,0.9984212517738342,1.002652883529663,0.9980307817459106,1.0000019073486328,0.9973997473716736,1.002037763595581,0.9968184232711792,1.0022333860397339,0.9958093166351318,0.999555766582489,0.9950857758522034,0.9971364736557007,0.9944201111793518,0.9993346929550171,0.9934016466140747,0.9962453246116638,0.9926612377166748,0.9971630573272705,0.9911848306655884,0.9986558556556702,0.9904638528823853,0.9931929111480713,0.9889239072799683,0.9858184456825256,0.9878602027893066,0.9852746725082397,0.9864490032196045,0.9835630655288696,0.9848700165748596,0.9821953177452087,0.9829301238059998,0.973004162311554,0.9810541272163391,0.9685763120651245,0.9791844487190247,0.9630813598632812,0.9764528274536133,0.957598090171814,0.9748753309249878,0.947361171245575,0.9726722240447998,0.9420777559280396,0.9690662622451782,0.9296102523803711,0.9666786193847656,0.9229975342750549,0.963699460029602,0.9126348495483398,0.9593033194541931,0.9003743529319763,0.9556676149368286,0.8881520628929138,0.9523071646690369,0.8833217620849609,0.9481539726257324,0.8625133633613586,0.9422042369842529,0.8476099371910095,0.9387133121490479,0.8436985611915588,0.9328352212905884,0.8206508755683899,0.9268769025802612,0.8180401921272278,0.9230531454086304,0.799879252910614,0.9180659055709839,0.7854527831077576,0.9112651944160461,0.766207754611969,0.9045801758766174,0.7567397356033325,0.8974780440330505,0.7452539205551147,0.888957679271698,0.7276033163070679,0.8834423422813416,0.7164755463600159,0.8764059543609619,0.7003899216651917,0.868547797203064,0.6864898204803467,0.8592113852500916,0.6695510745048523,0.8500809669494629,0.6611432433128357,0.841401994228363,0.6455764770507812,0.8340314030647278,0.6270666718482971,0.8252010345458984,0.6194450855255127,0.8147119283676147,0.6060737371444702,0.8054536581039429,0.5939553380012512,0.7940953969955444,0.5846943259239197,0.7862618565559387,0.5661161541938782,0.7765719890594482,0.5541550517082214,0.7654418349266052,0.5437882542610168,0.7547559142112732,0.529907763004303,0.7399991154670715,0.521710991859436,0.7319764494895935,0.513617753982544,0.725284218788147,0.503369152545929,0.715699315071106,0.4947245121002197,0.7011390328407288
cnn electric-dream,cnn,90,24,0.5408163070678711,7.731916412012652e-06,1.0001343488693237,0.9999802112579346,1.0015136003494263,0.9999123811721802,1.0028856992721558,0.999768853187561,1.0018028020858765,0.999648928642273,1.0054407119750977,0.9994701147079468,1.0081491470336914,0.9991905093193054,1.0090019702911377,0.9989635944366455,1.0075047016143799,0.9986618757247925,1.0127787590026855,0.9984248876571655,1.0148329734802246,0.9978416562080383,1.0133912563323975,0.9975699782371521,1.0110145807266235,0.9972004294395447,1.0188921689987183,0.9966022372245789,1.0177619457244873,0.9963400363922119,1.0226991176605225,0.995695948600769,1.0260063409805298,0.9952583909034729,1.0270274877548218,0.9946067333221436,1.0181255340576172,0.9937613010406494,1.0268092155456543,0.9929995536804199,1.0264757871627808,0.9924428462982178,1.027985692024231,0.9909850358963013,1.0270477533340454,0.9902742505073547,1.0284620523452759,0.9895204901695251,1.0266913175582886,0.9878321886062622,1.0265647172927856,0.9871834516525269,1.0220205783843994,0.9855203628540039,1.0238423347473145,0.9838613271713257,1.024251103401184,0.9824579954147339,1.0152355432510376,0.9808981418609619,1.0125248432159424,0.9788196682929993,1.012641429901123,0.9770681858062744,1.009155511856079,0.9747017025947571,1.0107332468032837,0.9720165729522705,1.0013490915298462,0.9696942567825317,0.9920738935470581,0.9666719436645508,0.995256781578064,0.965189516544342,0.9826906323432922,0.9609424471855164,0.9837673306465149,0.9588375687599182,0.9791468977928162,0.9555770754814148,0.976840615272522,0.9517256021499634,0.9600337147712708,0.9486203789710999,0.9613126516342163,0.945541501045227,0.9500818252563477,0.9418747425079346,0.9486038684844971,0.9387068748474121,0.9449788928031921,0.9341163635253906,0.939971923828125,0.9298952221870422,0.9280131459236145,0.9257440567016602,0.9146607518196106,0.9224088788032532,0.9217373728752136,0.9169978499412537,0.9029938578605652,0.9141437411308289,0.9004877209663391,0.9097272157669067,0.8923920392990112,0.9039304256439209,0.8959356546401978,0.8991746306419373,0.8912076950073242,0.8944157958030701,0.8781275749206543,0.8899622559547424,0.8738248944282532,0.8863340616226196,0.8602628111839294,0.8787638545036316,0.8504186868667603,0.8743652701377869,0.8452539443969727,0.870116114616394,0.8384553790092468,0.8645657896995544,0.8327182531356812,0.861945390701294,0.8280904293060303,0.8557925224304199,0.818951427936554,0.8510421514511108
cnn electric-dream,cnn,90,37,0.7795918583869934,1.2702712410828099e-05,0.9992193579673767,0.9999921321868896,1.001521110534668,0.9999563694000244,1.0027140378952026,0.9998852014541626,1.0011935234069824,0.9998278021812439,1.005767583847046,0.9997073411941528,1.0094980001449585,0.9995803833007812,1.0093724727630615,0.9994131922721863,1.008690595626831,0.9992660880088806,1.0146187543869019,0.9991266131401062,1.0159320831298828,0.9988020062446594,1.0145320892333984,0.9985692501068115,1.00896418094635,0.9982571005821228,1.0205847024917603,0.9978833198547363,1.0186071395874023,0.9975718259811401,1.0245369672775269,0.9970523715019226,1.0229160785675049,0.9966543316841125,1.0273176431655884,0.9962682127952576,1.0195903778076172,0.9954923391342163,1.028297781944275,0.9947897791862488,1.0262277126312256,0.9942343831062317,1.0259145498275757,0.9924284815788269,1.0260326862335205,0.9921229481697083,1.0310746431350708,0.9914112091064453,1.0282032489776611,0.9900537729263306,1.031069278717041,0.9888888001441956,1.0225940942764282,0.9878735542297363,1.026343584060669,0.9866844415664673,1.0267752408981323,0.9849939346313477,1.0187546014785767,0.9833555817604065,1.0145626068115234,0.9822403192520142,1.0161430835723877,0.9803774356842041,1.00718355178833,0.9783879518508911,1.006514549255371,0.9758265018463135,1.0089244842529297,0.9745556712150574,0.9983881115913391,0.9723366498947144,0.9998823404312134,0.9706582427024841,0.9916427731513977,0.9678342938423157,0.9883052110671997,0.9652453660964966,0.9816290140151978,0.9626758694648743,0.9810284376144409,0.9602125883102417,0.9729731678962708,0.9568910598754883,0.9692082405090332,0.9548596739768982,0.9660397171974182,0.9525319337844849,0.9562005400657654,0.9483386278152466,0.952391505241394,0.9454940557479858,0.945930004119873,0.9414045810699463,0.9401649236679077,0.9374087452888489,0.9341762661933899,0.9350593686103821,0.9325347542762756,0.9314115047454834,0.9184598922729492,0.927287220954895,0.9079074859619141,0.9229600429534912,0.9010045528411865,0.9200453758239746,0.9056618809700012,0.9161570072174072,0.8875322937965393,0.9113374948501587,0.882304310798645,0.906563937664032,0.8720108270645142,0.9026142358779907,0.876237154006958,0.8974840044975281,0.8578997254371643,0.8921061158180237,0.8583031892776489,0.8888141512870789,0.8549873232841492,0.8848976492881775,0.8516045808792114,0.878868818283081,0.8434364199638367,0.871338427066803,0.8288394808769226,0.8696985244750977
cnn electric-dream,cnn,90,49,1.0,1.6874320863280445e-05,0.9984008073806763,0.9999943375587463,1.0012199878692627,0.999970555305481,1.0020513534545898,0.9999240636825562,1.0003143548965454,0.9998767971992493,1.0049371719360352,0.9997494220733643,1.0088682174682617,0.999630868434906,1.0079023838043213,0.9994183778762817,1.0075109004974365,0.9992481470108032,1.0137706995010376,0.9990502595901489,1.0133075714111328,0.9986817836761475,1.0115258693695068,0.9983139038085938,1.0034195184707642,0.997829020023346,1.015730857849121,0.9975278973579407,1.0139011144638062,0.9968626499176025,1.021026372909546,0.9959739446640015,1.0144394636154175,0.9953820109367371,1.0164052248001099,0.9946238398551941,1.0117347240447998,0.9936409592628479,1.0172374248504639,0.992530345916748,1.0153700113296509,0.9916634559631348,1.0150866508483887,0.9892017841339111,1.008565902709961,0.9885600805282593,1.0172535181045532,0.9875731468200684,1.012808084487915,0.9854721426963806,1.017303228378296,0.9841232895851135,1.006872534751892,0.9824810028076172,1.0107924938201904,0.9807265996932983,1.0113011598587036,0.9787880778312683,1.0054194927215576,0.9760556817054749,0.9961690306663513,0.9748231172561646,1.000206470489502,0.9721261858940125,0.9904202818870544,0.9695706963539124,0.9889891743659973,0.96611088514328,0.981831967830658,0.9649791717529297,0.9757571220397949,0.9618430137634277,0.9782487750053406,0.9580445885658264,0.9743486046791077,0.9560984969139099,0.9665831923484802,0.9528905153274536,0.9575254321098328,0.9497778415679932,0.9541767835617065,0.9466936588287354,0.9375028014183044,0.9436805844306946,0.9421672224998474,0.9396449327468872,0.9313284754753113,0.9367675185203552,0.9288496971130371,0.9340991973876953,0.9235438108444214,0.929093599319458,0.9062746167182922,0.9261078834533691,0.8967334032058716,0.9201875329017639,0.8949173092842102,0.9162344336509705,0.8915801644325256,0.9114044904708862,0.8805604577064514,0.9068495631217957,0.8791862726211548,0.9035845994949341,0.8660305142402649,0.8966360688209534,0.8579710125923157,0.8930876851081848,0.8535581231117249,0.8891798257827759,0.8403261303901672,0.8822175860404968,0.8293731212615967,0.8762273788452148,0.8272372484207153,0.8723658323287964,0.8110460638999939,0.8643353581428528,0.803410530090332,0.8617966771125793,0.8028164505958557,0.8581428527832031,0.7926068305969238,0.8482003808021545,0.7824084758758545,0.8431942462921143,0.7781022787094116,0.8385331630706787
cnn electric-dream,cnn,91,0,0.10000000149011612,4.5206758159110905e-07,0.9996592402458191,0.9998195171356201,0.9992918968200684,0.9995723962783813,0.9984554648399353,0.9990628361701965,0.9975645542144775,0.9985463619232178,0.9965085983276367,0.9979867935180664,0.9947657585144043,0.9972635507583618,0.9925096035003662,0.9960389137268066,0.9908833503723145,0.9950868487358093,0.9879046678543091,0.9935908913612366,0.9848690032958984,0.9925690293312073,0.9803515076637268,0.9914743304252625,0.9781324863433838,0.9890920519828796,0.9732065796852112,0.9870561361312866,0.9681705832481384,0.9852272272109985,0.9619947075843811,0.9833875298500061,0.958521842956543,0.9806087613105774,0.9507872462272644,0.9774346947669983,0.9441985487937927,0.9750785827636719,0.9377877116203308,0.9727162718772888,0.9269182682037354,0.9693143367767334,0.9192097187042236,0.9668496251106262,0.9112493991851807,0.9630551338195801,0.9008572101593018,0.9583296179771423,0.8902456760406494,0.955003023147583,0.8756667971611023,0.9516445398330688,0.8682926297187805,0.9466367363929749,0.8540226817131042,0.9435636401176453,0.842329204082489,0.9386903643608093,0.827606201171875,0.9349491000175476,0.8136972188949585,0.9267591238021851,0.798975944519043,0.92330002784729,0.7815256118774414,0.9176596999168396,0.769723117351532,0.9103272557258606,0.7506245970726013,0.903152346611023,0.7343260645866394,0.8977128863334656,0.7219144701957703,0.8908063173294067,0.7001442909240723,0.8856378793716431,0.685339629650116,0.8777265548706055,0.6657654643058777,0.8691726326942444,0.6471017003059387,0.8574379682540894,0.6286429166793823,0.8510197997093201,0.6149408221244812,0.8418188691139221,0.5875612497329712,0.8301110863685608,0.5713639855384827,0.82218337059021,0.5544371604919434,0.8097801804542542,0.5367881059646606,0.7942991852760315,0.5187247395515442,0.7808582782745361,0.4974818527698517,0.7720075249671936,0.48036691546440125,0.7594051361083984,0.4608282744884491,0.7442293167114258,0.4457927346229553,0.7286379337310791,0.42419230937957764,0.7106143236160278,0.4073348641395569,0.6966657042503357,0.38739416003227234,0.6697988510131836,0.3763370215892792,0.6542669534683228,0.3557540476322174,0.6358240246772766,0.3442007899284363,0.6174818277359009,0.3263353407382965,0.5967162251472473,0.3114350438117981,0.5754926800727844,0.3012959957122803,0.5546329021453857,0.2808251976966858,0.5391963124275208,0.27050668001174927,0.5169152617454529,0.2615337371826172,0.4989165663719177
cnn electric-dream,cnn,91,12,0.3204081654548645,3.412306341488147e-06,0.9994282126426697,0.9998943209648132,1.0003329515457153,0.9997738599777222,0.9995886087417603,0.9995625019073486,0.9997438788414001,0.999309778213501,1.002349615097046,0.9989291429519653,1.0008203983306885,0.9985809922218323,1.001181960105896,0.997968316078186,1.0007356405258179,0.9974318742752075,1.0028432607650757,0.9966846108436584,1.001529574394226,0.9962926506996155,1.0010509490966797,0.9957997798919678,1.0027087926864624,0.9947342872619629,1.0003528594970703,0.993618905544281,1.0001063346862793,0.9927220940589905,0.9969264268875122,0.9917876720428467,0.9999009370803833,0.990829586982727,0.9956580400466919,0.9892295598983765,0.9945158362388611,0.987686812877655,0.9957595467567444,0.9865782856941223,0.9832219481468201,0.9846028089523315,0.9822477698326111,0.9835310578346252,0.9791411757469177,0.9814155101776123,0.9760322570800781,0.9787436127662659,0.968634843826294,0.9770762324333191,0.9608480930328369,0.9750991463661194,0.9544104933738708,0.9725106954574585,0.9429252743721008,0.9690401554107666,0.9365334510803223,0.9676123857498169,0.9290575385093689,0.9640130996704102,0.9166330695152283,0.9602038860321045,0.9080811738967896,0.9563553929328918,0.893318772315979,0.9526609778404236,0.8853569626808167,0.9479324221611023,0.8667811155319214,0.9444140791893005,0.8577756285667419,0.938071608543396,0.84853196144104,0.9346232414245605,0.8307082056999207,0.9276847839355469,0.8239795565605164,0.9230712652206421,0.8105760216712952,0.9186803102493286,0.7914258241653442,0.9112714529037476,0.7774872183799744,0.9061375856399536,0.7597648501396179,0.8985506296157837,0.7464450001716614,0.8908615112304688,0.7351610660552979,0.8836870193481445,0.7212842702865601,0.8758715391159058,0.7080847024917603,0.8681699633598328,0.6928606629371643,0.8600901365280151,0.680325984954834,0.8526977896690369,0.6645073890686035,0.8449538946151733,0.6537676453590393,0.8348395824432373,0.6325732469558716,0.8264610767364502,0.6224880814552307,0.8184341788291931,0.6141840219497681,0.8039610385894775,0.5985598564147949,0.7946780323982239,0.5901433229446411,0.784900426864624,0.5735272765159607,0.7776331901550293,0.5636866688728333,0.7634149789810181,0.5500232577323914,0.7560168504714966,0.5445724129676819,0.7417437434196472,0.5236237049102783,0.7390989661216736,0.5149253606796265,0.7240058183670044,0.5112731456756592,0.7172691226005554,0.49530845880508423,0.7111788988113403
cnn electric-dream,cnn,91,24,0.5408163070678711,7.676951099711005e-06,0.999017596244812,0.9999434351921082,1.0004061460494995,0.9998896718025208,1.000169277191162,0.9998059272766113,1.0015575885772705,0.9996761083602905,1.005328893661499,0.9994199275970459,1.0043907165527344,0.9992695450782776,1.006307601928711,0.998886227607727,1.0065326690673828,0.9986549615859985,1.0132697820663452,0.9983709454536438,1.012024998664856,0.9981541633605957,1.016466498374939,0.9978819489479065,1.0158241987228394,0.9973794221878052,1.0179078578948975,0.9969111680984497,1.019142508506775,0.9963421821594238,1.020938515663147,0.9960229992866516,1.0274962186813354,0.9954736232757568,1.0275287628173828,0.9945951700210571,1.0298826694488525,0.99386066198349,1.029135823249817,0.9931449294090271,1.0253019332885742,0.992285966873169,1.0313279628753662,0.9915114641189575,1.033880352973938,0.9906205534934998,1.0317668914794922,0.9892466068267822,1.0345571041107178,0.9879152178764343,1.0355181694030762,0.986833930015564,1.028656244277954,0.9854038953781128,1.0297118425369263,0.9836493730545044,1.0252761840820312,0.9821208119392395,1.028640627861023,0.9805787205696106,1.0214142799377441,0.9790591597557068,1.020225167274475,0.976535439491272,1.0120363235473633,0.9744074940681458,1.0117359161376953,0.9715983271598816,1.0058430433273315,0.970503568649292,0.997586190700531,0.9667066335678101,0.9940288066864014,0.9645982384681702,0.9908362627029419,0.9615728259086609,0.9906186461448669,0.9583605527877808,0.979118287563324,0.9549859166145325,0.976111888885498,0.9517354369163513,0.9695864319801331,0.9483674168586731,0.963813066482544,0.9453915357589722,0.9611008763313293,0.941278874874115,0.9485796689987183,0.9384800791740417,0.9440590143203735,0.9333506226539612,0.9440755844116211,0.9298695921897888,0.9328425526618958,0.9259873628616333,0.9208069443702698,0.9198914170265198,0.9149243235588074,0.9164806604385376,0.9070501327514648,0.9111762046813965,0.9030753970146179,0.9068487286567688,0.8997060060501099,0.9030798673629761,0.8966536521911621,0.8967567086219788,0.8868332505226135,0.8910843729972839,0.8836863040924072,0.8885852694511414,0.8736122250556946,0.8826406598091125,0.8591504096984863,0.8753116726875305,0.8558138608932495,0.8719519376754761,0.8513571619987488,0.8647814393043518,0.8372641205787659,0.8626264929771423,0.8353754878044128,0.8565323948860168,0.8337488174438477,0.8522639274597168,0.8144883513450623,0.8460498452186584
cnn electric-dream,cnn,91,37,0.7795918583869934,1.2614325896720402e-05,0.9978331327438354,0.999976634979248,0.99966961145401,0.9999557733535767,0.9999743700027466,0.9999187588691711,1.0016579627990723,0.9998562932014465,1.0052974224090576,0.999692976474762,1.0043748617172241,0.9996285438537598,1.0064986944198608,0.9993096590042114,1.005096197128296,0.999247670173645,1.0153980255126953,0.9991074204444885,1.0119494199752808,0.9989503622055054,1.0201971530914307,0.9987112879753113,1.0147390365600586,0.9983060359954834,1.0175137519836426,0.9980998039245605,1.016675591468811,0.9975557923316956,1.0214300155639648,0.9973825216293335,1.026354432106018,0.9966320395469666,1.0278599262237549,0.9960869550704956,1.0283223390579224,0.9954864382743835,1.0260429382324219,0.994750440120697,1.025499701499939,0.9941580295562744,1.0324122905731201,0.9934011697769165,1.0371394157409668,0.9925909638404846,1.0282857418060303,0.991593062877655,1.034179925918579,0.990136444568634,1.0335620641708374,0.9890264868736267,1.0303163528442383,0.98748379945755,1.0293505191802979,0.9865733981132507,1.0242443084716797,0.9847405552864075,1.025819182395935,0.9833592772483826,1.0289771556854248,0.9823987483978271,1.0245283842086792,0.9804350733757019,1.0200774669647217,0.9780982732772827,1.0175718069076538,0.9757524132728577,1.0071598291397095,0.9742792844772339,1.00484299659729,0.9717838168144226,1.006284236907959,0.969813883304596,0.9958928823471069,0.9676061868667603,0.9967976808547974,0.9644442796707153,0.9918239712715149,0.9614853262901306,0.9873085618019104,0.9600361585617065,0.9758046269416809,0.956685483455658,0.972997784614563,0.9545130133628845,0.9710654020309448,0.9511663317680359,0.9580065608024597,0.9479996562004089,0.956214189529419,0.9442388415336609,0.9557074904441833,0.9412295818328857,0.9490430951118469,0.9382982850074768,0.937071681022644,0.9344295263290405,0.9313616752624512,0.9308590292930603,0.9222710728645325,0.9260455965995789,0.9214048981666565,0.9231171607971191,0.9087733626365662,0.9190791249275208,0.9016231298446655,0.9136481881141663,0.900428831577301,0.9110985994338989,0.8948829174041748,0.9072699546813965,0.8941469192504883,0.9038702845573425,0.8826484084129333,0.8968636393547058,0.8734449744224548,0.893981397151947,0.8709350228309631,0.888775646686554,0.8660225868225098,0.884211540222168,0.8675605058670044,0.880638837814331,0.85319983959198,0.8762319087982178,0.8439472913742065,0.8723725080490112
cnn electric-dream,cnn,91,49,1.0,1.6776226402726024e-05,0.9967868328094482,0.9999905228614807,0.9989829063415527,0.999977171421051,0.9996110200881958,0.9999319911003113,1.0011184215545654,0.9998934864997864,1.0040271282196045,0.9997534155845642,1.0033584833145142,0.9996635913848877,1.0051096677780151,0.9993146657943726,1.0021624565124512,0.9992681741714478,1.0137221813201904,0.9989962577819824,1.0095468759536743,0.9988889694213867,1.0186965465545654,0.9984593987464905,1.0117188692092896,0.9978891015052795,1.0134422779083252,0.9976255297660828,1.0110056400299072,0.9968641400337219,1.0165033340454102,0.9966365694999695,1.019014596939087,0.9953615665435791,1.0223621129989624,0.9946539998054504,1.0191532373428345,0.9937650561332703,1.0190190076828003,0.9926651120185852,1.017988920211792,0.9919235110282898,1.0222220420837402,0.990620493888855,1.0287996530532837,0.9893957376480103,1.0169099569320679,0.9881590008735657,1.0230003595352173,0.9867422580718994,1.0204355716705322,0.985058605670929,1.0230557918548584,0.9830968379974365,1.0148053169250488,0.982060968875885,1.0112258195877075,0.9799207448959351,1.0104150772094727,0.9781332612037659,1.0192201137542725,0.97701495885849,1.0079973936080933,0.9740395545959473,1.004772424697876,0.9722034931182861,1.0045369863510132,0.9690292477607727,0.9986456036567688,0.9666703343391418,0.9887733459472656,0.9640196561813354,0.991066575050354,0.9611799120903015,0.9804995656013489,0.9592394232749939,0.9880966544151306,0.9569530487060547,0.9778825640678406,0.953049898147583,0.9751757979393005,0.9502069354057312,0.9643054008483887,0.9466063380241394,0.9591114521026611,0.9448307156562805,0.9542202353477478,0.9407662749290466,0.9409070611000061,0.9370672702789307,0.9356896877288818,0.932613730430603,0.9273069500923157,0.9282349944114685,0.9244434833526611,0.9269311428070068,0.9124869704246521,0.921916663646698,0.9160690307617188,0.9174990653991699,0.9002295732498169,0.9135063290596008,0.8996589183807373,0.9105569124221802,0.8916290998458862,0.9048793315887451,0.877897322177887,0.9012157320976257,0.8714423775672913,0.8944397568702698,0.8667259216308594,0.8924626708030701,0.8654537200927734,0.8861832618713379,0.8561608791351318,0.8818362951278687,0.8428621292114258,0.8748310208320618,0.8364412784576416,0.8710259199142456,0.8400101661682129,0.8654866218566895,0.8270554542541504,0.8603188395500183,0.8266972899436951,0.8549686074256897,0.8135212659835815,0.8501361012458801
cnn electric-dream,cnn,92,0,0.10000000149011612,4.5211581323201244e-07,0.9997312426567078,0.999887228012085,0.9994411468505859,0.9995930790901184,0.9982907772064209,0.9991275072097778,0.9972564578056335,0.9986453652381897,0.9965957999229431,0.99823397397995,0.9944711923599243,0.9974054098129272,0.9922888875007629,0.9962036609649658,0.9901107549667358,0.9950394034385681,0.9882203340530396,0.9938926100730896,0.9840392470359802,0.9923095703125,0.9811649322509766,0.9908864498138428,0.9772961735725403,0.9889733195304871,0.9729128479957581,0.9876466393470764,0.9695169925689697,0.9852352142333984,0.9635471701622009,0.982971727848053,0.9576700329780579,0.9803555011749268,0.9509342312812805,0.9778342247009277,0.9435120224952698,0.9754990339279175,0.9357520341873169,0.9730392098426819,0.9277872443199158,0.9694570899009705,0.9187094569206238,0.9668194651603699,0.9105603694915771,0.9632846713066101,0.9013360142707825,0.9593859910964966,0.8889243602752686,0.9560239315032959,0.8789318799972534,0.9513148665428162,0.8648887276649475,0.9466362595558167,0.8537809252738953,0.9424770474433899,0.8412514925003052,0.9377086162567139,0.825049102306366,0.9332176446914673,0.8126338720321655,0.9281837940216064,0.7979598045349121,0.9235403537750244,0.781082272529602,0.9174985289573669,0.7666378617286682,0.912466824054718,0.7492345571517944,0.9025751948356628,0.7311598062515259,0.8968795537948608,0.7144818902015686,0.889464795589447,0.6950728893280029,0.8836700916290283,0.6834441423416138,0.8751018047332764,0.6616747379302979,0.867834746837616,0.6430944204330444,0.8576173782348633,0.6226819753646851,0.8502629399299622,0.6072185635566711,0.8404533267021179,0.589068591594696,0.8304963707923889,0.5699470639228821,0.8183008432388306,0.548945426940918,0.8083013296127319,0.5314540863037109,0.7953398823738098,0.5086203217506409,0.7847623229026794,0.49036210775375366,0.7711392641067505,0.47787272930145264,0.7561802864074707,0.4572914242744446,0.7401573657989502,0.4361325800418854,0.7231329679489136,0.4204777479171753,0.7139219045639038,0.40303972363471985,0.6916260123252869,0.38812682032585144,0.6738332509994507,0.3660586476325989,0.6568013429641724,0.3511216640472412,0.639139711856842,0.33717983961105347,0.6189662218093872,0.31789642572402954,0.5956198573112488,0.30373522639274597,0.5744970440864563,0.2883031368255615,0.5507546663284302,0.27757829427719116,0.5440692901611328,0.2677672207355499,0.5146974325180054,0.25309669971466064,0.496393620967865
cnn electric-dream,cnn,92,12,0.3204081654548645,3.4444428820279427e-06,1.000993251800537,0.999939501285553,1.0014073848724365,0.9997761249542236,1.0020283460617065,0.9995066523551941,1.0003029108047485,0.9992629289627075,1.0031254291534424,0.9989962577819824,1.0016252994537354,0.9986801147460938,0.9992557764053345,0.9979475736618042,1.0018044710159302,0.9972290992736816,1.0015544891357422,0.9968401193618774,1.0019060373306274,0.9961801767349243,0.9989806413650513,0.9952328205108643,1.0011012554168701,0.9944145083427429,0.9999509453773499,0.9940745830535889,0.9987282156944275,0.9925334453582764,0.9982851147651672,0.9913381338119507,0.9945401549339294,0.9898789525032043,0.991184413433075,0.9891803860664368,0.9890101552009583,0.987517237663269,0.9849510788917542,0.9867734313011169,0.9840782880783081,0.9847533702850342,0.9749077558517456,0.983055055141449,0.9745885133743286,0.9813337922096252,0.9673312306404114,0.979565441608429,0.9676447510719299,0.9767318964004517,0.9557539820671082,0.974971354007721,0.9471703767776489,0.9717259407043457,0.9462358355522156,0.969531774520874,0.9340083599090576,0.9669845104217529,0.9199380278587341,0.9634531140327454,0.9134475588798523,0.959909975528717,0.9009250402450562,0.9559309482574463,0.89275062084198,0.9516969323158264,0.8806703090667725,0.9480699896812439,0.8667537569999695,0.9432699680328369,0.8512852191925049,0.9387339949607849,0.8409625291824341,0.9329745769500732,0.8205476999282837,0.9274577498435974,0.8186137676239014,0.922802209854126,0.7975805401802063,0.9166170954704285,0.7847171425819397,0.9092915058135986,0.77523273229599,0.9031600952148438,0.7581797242164612,0.8940022587776184,0.7392109632492065,0.8875575065612793,0.7266572713851929,0.8817400336265564,0.7173619866371155,0.872420608997345,0.6974301934242249,0.8647605776786804,0.6837610006332397,0.8578616976737976,0.6683053970336914,0.8491755723953247,0.6545159816741943,0.8430806994438171,0.646765410900116,0.8320175409317017,0.6338410973548889,0.821029782295227,0.6160074472427368,0.8147181868553162,0.6021643877029419,0.8065009117126465,0.5888699889183044,0.7962101101875305,0.5781298875808716,0.781780481338501,0.5693155527114868,0.7735608816146851,0.5510024428367615,0.7589815258979797,0.545102596282959,0.7512051463127136,0.5280097723007202,0.7419127821922302,0.516484797000885,0.7315616607666016,0.5143423080444336,0.7243191599845886,0.49964603781700134,0.7151843309402466,0.49799492955207825,0.7042266726493835
cnn electric-dream,cnn,92,24,0.5408163070678711,7.753929821774364e-06,1.001760721206665,0.9999703168869019,1.0021506547927856,0.9998795986175537,1.0038433074951172,0.9997349381446838,1.0023800134658813,0.9996066093444824,1.0073285102844238,0.9994269013404846,1.0067846775054932,0.9993556141853333,1.0042363405227661,0.9989275932312012,1.0087647438049316,0.9984942674636841,1.0098096132278442,0.99838787317276,1.0147559642791748,0.9980874061584473,1.011546015739441,0.9975907802581787,1.0180010795593262,0.9972557425498962,1.019307255744934,0.9971192479133606,1.0202285051345825,0.996332585811615,1.0225379467010498,0.9957176446914673,1.0221139192581177,0.9948968291282654,1.0250749588012695,0.9945027828216553,1.0243608951568604,0.9937935471534729,1.0264261960983276,0.9932270050048828,1.0268776416778564,0.9923368692398071,1.0204155445098877,0.9910953044891357,1.0298770666122437,0.9905462265014648,1.0257251262664795,0.9894722700119019,1.032350778579712,0.9877495169639587,1.0223299264907837,0.9869408011436462,1.0265551805496216,0.9854678511619568,1.0270642042160034,0.9842595458030701,1.0219612121582031,0.982787549495697,1.0179150104522705,0.980812132358551,1.0174790620803833,0.9788819551467896,1.0111379623413086,0.9765920639038086,1.0102999210357666,0.9752844572067261,1.0073492527008057,0.9720599055290222,1.0039608478546143,0.9695295691490173,0.9978203177452087,0.967664361000061,0.9896246790885925,0.966045618057251,0.9899128675460815,0.9619272351264954,0.9845001697540283,0.959170937538147,0.9785959720611572,0.9562045335769653,0.9741278290748596,0.953397274017334,0.9757043123245239,0.9504203796386719,0.9660823345184326,0.9461683034896851,0.9547274112701416,0.9406673908233643,0.9471665620803833,0.9390730857849121,0.9385752081871033,0.9354187250137329,0.9371532201766968,0.9295961260795593,0.9338430762290955,0.9273622632026672,0.9270696640014648,0.9222971796989441,0.9180400967597961,0.918999195098877,0.915869414806366,0.9147728085517883,0.9068697690963745,0.9090985059738159,0.9005716443061829,0.9058487415313721,0.8916047215461731,0.9010939002037048,0.8978483080863953,0.8976229429244995,0.8832796216011047,0.8913596868515015,0.8770546913146973,0.8858625888824463,0.8707422614097595,0.8817552328109741,0.8664323091506958,0.8745046257972717,0.8524278402328491,0.8716578483581543,0.8485136032104492,0.8662521839141846,0.844764232635498,0.8616440892219543,0.840503990650177,0.8577421307563782,0.8402255177497864,0.8523771166801453
cnn electric-dream,cnn,92,37,0.7795918583869934,1.274358783120988e-05,1.001793622970581,0.9999890923500061,1.0017348527908325,0.9999452829360962,1.0036873817443848,0.9998800754547119,1.0029079914093018,0.9998019337654114,1.008206844329834,0.9996974468231201,1.007880687713623,0.9996664524078369,1.0047167539596558,0.9994782209396362,1.008536458015442,0.999230146408081,1.0099214315414429,0.9991595149040222,1.0139111280441284,0.9988434910774231,1.0126171112060547,0.9986546635627747,1.0194357633590698,0.998324453830719,1.0169198513031006,0.9982922077178955,1.0229380130767822,0.9976778030395508,1.0219345092773438,0.9971655011177063,1.0231540203094482,0.9968777298927307,1.0282901525497437,0.9962826371192932,1.0254977941513062,0.9954750537872314,1.0245835781097412,0.9950140118598938,1.0262541770935059,0.9943411350250244,1.0206936597824097,0.993773877620697,1.0300401449203491,0.9928613901138306,1.0246776342391968,0.9917753338813782,1.029786229133606,0.990547776222229,1.0226659774780273,0.9898523092269897,1.0254417657852173,0.9884015917778015,1.027989387512207,0.9873710870742798,1.0228630304336548,0.9862781167030334,1.019456148147583,0.9850847721099854,1.0176523923873901,0.9830421209335327,1.017985224723816,0.9810823202133179,1.0151565074920654,0.9795420169830322,1.0147582292556763,0.9777461886405945,1.0172356367111206,0.9749297499656677,1.0072321891784668,0.9737915992736816,1.006768822669983,0.971813440322876,1.0028696060180664,0.9686444401741028,0.9978201389312744,0.9677348732948303,0.9974855780601501,0.9649608731269836,0.9846968054771423,0.9621976017951965,0.9909147620201111,0.9601784944534302,0.985382080078125,0.957682192325592,0.9728091955184937,0.9528723359107971,0.9660524725914001,0.9502885937690735,0.9599712491035461,0.947791337966919,0.9644066095352173,0.9428561329841614,0.954696536064148,0.9410952925682068,0.9461532831192017,0.9369048476219177,0.9407174587249756,0.9343273043632507,0.9348134398460388,0.9299690127372742,0.92177814245224,0.9266970753669739,0.917265772819519,0.9226490259170532,0.9073230028152466,0.9198781847953796,0.904583215713501,0.9138643741607666,0.9015759825706482,0.9106593728065491,0.8928215503692627,0.9074662327766418,0.8798772096633911,0.9014722108840942,0.8819473385810852,0.8975141048431396,0.8793503642082214,0.8932957649230957,0.864724338054657,0.8887446522712708,0.8685420155525208,0.8824639320373535,0.8615090847015381,0.8780370950698853,0.85038822889328,0.8745776414871216
cnn electric-dream,cnn,92,49,1.0,1.6938545741140842e-05,1.0017120838165283,0.9999961256980896,1.0011556148529053,0.9999728798866272,1.0029574632644653,0.9999367594718933,1.0029665231704712,0.9998641610145569,1.0079398155212402,0.999775230884552,1.0075368881225586,0.9996795654296875,1.0033187866210938,0.9995719790458679,1.0067416429519653,0.9993435144424438,1.0080960988998413,0.9991928339004517,1.0091205835342407,0.9987296462059021,1.0102896690368652,0.9985331296920776,1.0160242319107056,0.9980391263961792,1.0090422630310059,0.9978814125061035,1.0179499387741089,0.9971350431442261,1.0168918371200562,0.9963221549987793,1.0169689655303955,0.9960426092147827,1.0228915214538574,0.995216965675354,1.0191982984542847,0.9941502809524536,1.0152006149291992,0.9931092858314514,1.0186164379119873,0.992313802242279,1.0121841430664062,0.991513192653656,1.0171079635620117,0.9903163909912109,1.009124755859375,0.989259660243988,1.0125646591186523,0.9876031279563904,1.0073500871658325,0.9859533309936523,1.00623619556427,0.9839074015617371,1.0072344541549683,0.9827155470848083,1.00352144241333,0.9808967709541321,0.9975560307502747,0.9793494939804077,0.9931641817092896,0.9772103428840637,0.9928922653198242,0.9746010303497314,0.9880320429801941,0.9722496867179871,0.9921887516975403,0.9706024527549744,0.9875199794769287,0.9671024680137634,0.9769591689109802,0.9653941988945007,0.9821317791938782,0.9627742171287537,0.9754906296730042,0.958121120929718,0.9602255821228027,0.9576869606971741,0.9624504446983337,0.9542551040649414,0.953387439250946,0.9505746960639954,0.9522346258163452,0.9473986625671387,0.9456347823143005,0.9457268118858337,0.9319541454315186,0.9404897093772888,0.9195436239242554,0.9359992742538452,0.9164537787437439,0.9350591897964478,0.9159795641899109,0.930780291557312,0.9121403694152832,0.9245733618736267,0.9017665982246399,0.9199012517929077,0.8896767497062683,0.9154314994812012,0.891639232635498,0.9117487668991089,0.8752241134643555,0.9059078693389893,0.8735046982765198,0.9009923338890076,0.8599687814712524,0.8978506922721863,0.8546914458274841,0.8901385068893433,0.8466287851333618,0.886989176273346,0.8349304795265198,0.8823249340057373,0.8256896138191223,0.8752650022506714,0.8272565007209778,0.871009886264801,0.8150711059570312,0.8660219311714172,0.8137935400009155,0.8600373864173889,0.809156060218811,0.8550101518630981,0.8027963042259216,0.8496422171592712,0.7955682873725891,0.8439242839813232
cnn electric-dream,cnn,93,0,0.10000000149011612,4.49510110911433e-07,1.0000048875808716,0.999857485294342,0.9992032647132874,0.9997033476829529,0.9985002279281616,0.9993235468864441,0.9975543022155762,0.9987581372261047,0.9963087439537048,0.9979449510574341,0.9941571950912476,0.9972168803215027,0.9927941560745239,0.9961937665939331,0.9900436997413635,0.9955618977546692,0.9877774119377136,0.9939611554145813,0.984951913356781,0.992415726184845,0.9805981516838074,0.9907627701759338,0.9773516058921814,0.9894629120826721,0.9733328819274902,0.9867696762084961,0.9690394997596741,0.9849602580070496,0.9635106921195984,0.9830799102783203,0.9576497673988342,0.9793857336044312,0.9507229328155518,0.978405237197876,0.9436560869216919,0.9755613803863525,0.9361804127693176,0.972768247127533,0.9283670783042908,0.9689368009567261,0.9183143973350525,0.9672154188156128,0.9096674919128418,0.9619802832603455,0.8998242616653442,0.959173321723938,0.8899348974227905,0.9554461240768433,0.8780708312988281,0.9503915905952454,0.8651944398880005,0.9463223814964294,0.8525628447532654,0.9429751634597778,0.8436580896377563,0.9379934072494507,0.8250344395637512,0.9343084692955017,0.8125945925712585,0.9265283942222595,0.8022434711456299,0.9224903583526611,0.7832688093185425,0.917287290096283,0.7650647163391113,0.9106552004814148,0.7505385875701904,0.9041134119033813,0.727851152420044,0.8965917229652405,0.718462347984314,0.8900196552276611,0.6966968774795532,0.8831292390823364,0.679107129573822,0.8765497803688049,0.6607820987701416,0.8659937381744385,0.6427560448646545,0.85955411195755,0.6280918121337891,0.849161684513092,0.6034838557243347,0.8394421935081482,0.5888858437538147,0.8335530161857605,0.5684414505958557,0.8202104568481445,0.5491534471511841,0.8102387189865112,0.5316252708435059,0.7959638237953186,0.5144054889678955,0.7864070534706116,0.4954282343387604,0.7687262892723083,0.47853249311447144,0.7577795386314392,0.4539863169193268,0.7396694421768188,0.4408329129219055,0.7256695628166199,0.42250576615333557,0.7123075723648071,0.40372031927108765,0.6991494297981262,0.38916829228401184,0.6728640794754028,0.3702234625816345,0.6560187339782715,0.35547205805778503,0.6362371444702148,0.34000542759895325,0.6194221377372742,0.324219673871994,0.5991795063018799,0.30601274967193604,0.5872313380241394,0.29328465461730957,0.5554170608520508,0.2822205126285553,0.5383211374282837,0.26681676506996155,0.5142674446105957,0.25493693351745605,0.5007026195526123
cnn electric-dream,cnn,93,12,0.3204081654548645,3.4248246265633497e-06,1.000770926475525,0.9999166131019592,1.0014113187789917,0.9998357892036438,1.002416729927063,0.9996272921562195,1.0025936365127563,0.9993505477905273,1.0031734704971313,0.9989314675331116,1.0011212825775146,0.9984802007675171,1.0038725137710571,0.9979960322380066,1.000248908996582,0.997792661190033,1.002773642539978,0.9970046281814575,1.0026921033859253,0.9963146448135376,0.9986008405685425,0.9954628348350525,1.0011638402938843,0.9947004914283752,0.99613356590271,0.9936724901199341,0.9995114803314209,0.9924918413162231,0.9983327984809875,0.9916263818740845,0.9965960383415222,0.9898587465286255,0.9946038126945496,0.9892732501029968,0.9869474172592163,0.9875252842903137,0.9867563843727112,0.9867986440658569,0.9817013740539551,0.9846375584602356,0.9779766201972961,0.9834223389625549,0.9711641073226929,0.9811604619026184,0.9686997532844543,0.9794274568557739,0.9615836143493652,0.9773327112197876,0.9566783308982849,0.9742922186851501,0.9497541785240173,0.9718493223190308,0.9397679567337036,0.9698631763458252,0.9295815825462341,0.9658370614051819,0.9208096861839294,0.9632401466369629,0.906400740146637,0.9591977000236511,0.8981335759162903,0.9559869170188904,0.8873153328895569,0.9528217911720276,0.870868444442749,0.948360800743103,0.8632778525352478,0.9434605836868286,0.8474721312522888,0.9385425448417664,0.8302543759346008,0.933384895324707,0.8194399476051331,0.9287980794906616,0.8064212203025818,0.9235072135925293,0.7934269905090332,0.9159465432167053,0.778010368347168,0.9097263216972351,0.7694728970527649,0.904143214225769,0.7498491406440735,0.8994430303573608,0.7323473691940308,0.8922078013420105,0.7135173678398132,0.8836896419525146,0.7039836049079895,0.8758407235145569,0.6885471940040588,0.8662938475608826,0.6790709495544434,0.8613312840461731,0.6670708060264587,0.8533042073249817,0.6474093198776245,0.8446194529533386,0.6350598335266113,0.8333837389945984,0.6244494318962097,0.8259821534156799,0.6012375354766846,0.8168994188308716,0.5956488847732544,0.8038997054100037,0.5853838920593262,0.7972027063369751,0.5698379874229431,0.7846066355705261,0.5615971088409424,0.7761411070823669,0.5446323752403259,0.7693031430244446,0.5320591926574707,0.7527170777320862,0.5250827670097351,0.7482059001922607,0.5095524787902832,0.7329230308532715,0.498699814081192,0.7240690588951111,0.4870554506778717,0.7123381495475769,0.4836850166320801,0.7053431868553162
cnn electric-dream,cnn,93,24,0.5408163070678711,7.748634743620642e-06,1.0006911754608154,0.9999508857727051,1.002697467803955,0.9999122619628906,1.0046699047088623,0.9997919201850891,1.0054290294647217,0.9996726512908936,1.0073058605194092,0.9994549751281738,1.0058879852294922,0.9992323517799377,1.0122790336608887,0.9989414215087891,1.0061670541763306,0.9988803267478943,1.013450026512146,0.9985566139221191,1.0149993896484375,0.9982454776763916,1.0112074613571167,0.9978945255279541,1.0161265134811401,0.9974874258041382,1.0140143632888794,0.9969339370727539,1.0213497877120972,0.9964529871940613,1.0205225944519043,0.9961162209510803,1.0237177610397339,0.9953500628471375,1.0271178483963013,0.9947512745857239,1.0212876796722412,0.9939391613006592,1.023911714553833,0.9934988021850586,1.028730869293213,0.9924113154411316,1.0270299911499023,0.991603434085846,1.030775785446167,0.9901031255722046,1.0226553678512573,0.9895898103713989,1.0282083749771118,0.988474428653717,1.0272636413574219,0.9870399236679077,1.0241858959197998,0.9862992167472839,1.02386474609375,0.9842238426208496,1.0197954177856445,0.982420027256012,1.0176364183425903,0.9805855751037598,1.011759877204895,0.9794492125511169,1.0109763145446777,0.9767683744430542,0.9989594221115112,0.9750552177429199,0.9957810044288635,0.9720988869667053,0.9994249939918518,0.9708568453788757,0.9966610670089722,0.9678543210029602,0.9854754209518433,0.965061604976654,0.9830348491668701,0.9616371989250183,0.9777957797050476,0.9589365124702454,0.9695479273796082,0.9564782977104187,0.9648223519325256,0.9520944952964783,0.968792736530304,0.9495757818222046,0.9630346894264221,0.9456694722175598,0.9478812217712402,0.9435017108917236,0.9429991841316223,0.9391995668411255,0.9385577440261841,0.9355271458625793,0.9363645911216736,0.9322008490562439,0.9254106879234314,0.9267168045043945,0.9160528182983398,0.9234441518783569,0.9149298667907715,0.9183182120323181,0.8982253670692444,0.914210855960846,0.8989626169204712,0.9109519720077515,0.8930742144584656,0.9070092439651489,0.8807616829872131,0.9015023708343506,0.873580813407898,0.8974766731262207,0.8674997091293335,0.8885594010353088,0.8627719879150391,0.8873605728149414,0.8547303080558777,0.880187451839447,0.8447579145431519,0.877037525177002,0.841977059841156,0.8705020546913147,0.8283511400222778,0.8636717796325684,0.8264253735542297,0.8631987571716309,0.8119595050811768,0.8580406904220581,0.8115326166152954,0.8518150448799133
cnn electric-dream,cnn,93,37,0.7795918583869934,1.2802791388821788e-05,0.9998475313186646,0.9999744296073914,1.0028836727142334,0.9999603629112244,1.0053192377090454,0.9998915195465088,1.0049880743026733,0.9998339414596558,1.0090113878250122,0.9996992349624634,1.0080703496932983,0.9996228218078613,1.0140413045883179,0.9993672370910645,1.0064502954483032,0.9993082880973816,1.0147724151611328,0.9990503787994385,1.0186145305633545,0.9987425208091736,1.0109800100326538,0.9985457062721252,1.0143963098526,0.9981127381324768,1.012754201889038,0.9974969625473022,1.0226343870162964,0.997288167476654,1.0183018445968628,0.996697723865509,1.0253722667694092,0.9961717128753662,1.024892807006836,0.9951979517936707,1.0186781883239746,0.9945258498191833,1.0176973342895508,0.9936866164207458,1.027778148651123,0.9928261041641235,1.0285611152648926,0.9917393326759338,1.0302276611328125,0.9904158711433411,1.0239880084991455,0.9892634749412537,1.0279757976531982,0.9880340099334717,1.0265069007873535,0.986909031867981,1.021591067314148,0.9854540228843689,1.0297354459762573,0.9832610487937927,1.0117732286453247,0.9826785922050476,1.0183327198028564,0.979483425617218,1.0150809288024902,0.9778772592544556,1.007030725479126,0.9763239622116089,0.9955496788024902,0.9737182855606079,0.9953060746192932,0.9715077877044678,0.9930035471916199,0.9700003266334534,0.9929224848747253,0.9677110314369202,0.9818688631057739,0.964695155620575,0.9719341397285461,0.9617839455604553,0.9703908562660217,0.9586926698684692,0.9678629040718079,0.955899178981781,0.9627073407173157,0.9528310298919678,0.9641686081886292,0.9492842555046082,0.9581491947174072,0.946300208568573,0.9489627480506897,0.9445691704750061,0.9411643147468567,0.9404414892196655,0.9371863603591919,0.9367230534553528,0.9242772459983826,0.9331350326538086,0.9189690351486206,0.9295308589935303,0.9195420742034912,0.9256271719932556,0.9072749614715576,0.9199247360229492,0.9066169857978821,0.9178670048713684,0.9000349044799805,0.9136064052581787,0.8915497660636902,0.9075444340705872,0.8819624781608582,0.9034093022346497,0.8744956851005554,0.9006410837173462,0.8658528923988342,0.8945713043212891,0.8651158213615417,0.8925407528877258,0.8533057570457458,0.8855916261672974,0.844292163848877,0.8811997175216675,0.8436375856399536,0.8756034970283508,0.8337862491607666,0.8717179298400879,0.8371477127075195,0.867851972579956,0.8223105072975159,0.8620885014533997,0.8169456124305725,0.8570414185523987
cnn electric-dream,cnn,93,49,1.0,1.715764847176615e-05,0.9990208745002747,0.9999861121177673,1.0026839971542358,0.9999764561653137,1.0052502155303955,0.9999182224273682,1.0035271644592285,0.9998366832733154,1.0091763734817505,0.9996882677078247,1.0092430114746094,0.9996023774147034,1.0131171941757202,0.9992315173149109,1.0057666301727295,0.999078094959259,1.01378333568573,0.9985967874526978,1.0194555521011353,0.9980495572090149,1.0102494955062866,0.9975841045379639,1.0111199617385864,0.9969096183776855,1.0082125663757324,0.9958717823028564,1.020232081413269,0.9953992962837219,1.015526294708252,0.9941079020500183,1.021554708480835,0.9933680891990662,1.0201475620269775,0.9915506839752197,1.010022521018982,0.9903096556663513,1.010656476020813,0.9886220097541809,1.0168949365615845,0.9874544143676758,1.0225944519042969,0.9855386018753052,1.0181323289871216,0.9837086796760559,1.0152945518493652,0.9813500046730042,1.013309359550476,0.9797329306602478,1.0163546800613403,0.9778974056243896,1.0129305124282837,0.9751073718070984,1.0239256620407104,0.9728885293006897,1.0041106939315796,0.9706183671951294,1.0080474615097046,0.9671816825866699,1.0060917139053345,0.9636374711990356,1.003725290298462,0.9615833759307861,0.9919531345367432,0.9567967653274536,0.9950699210166931,0.9551812410354614,0.9875089526176453,0.9512082934379578,0.9895710349082947,0.948273241519928,0.97698575258255,0.944040060043335,0.969823956489563,0.9404088258743286,0.9581402540206909,0.9364084601402283,0.9609249830245972,0.9326533079147339,0.9537474513053894,0.929088830947876,0.9444754719734192,0.9221814274787903,0.9373663663864136,0.9180396199226379,0.9300351738929749,0.9146857857704163,0.9350156188011169,0.9101967215538025,0.9190244078636169,0.9067944288253784,0.9041743874549866,0.9005966782569885,0.9033610820770264,0.8982455730438232,0.9041792154312134,0.8935707807540894,0.8804332613945007,0.8899343609809875,0.8848015666007996,0.8837053179740906,0.8739080429077148,0.8807017803192139,0.862617552280426,0.8712368607521057,0.8564345836639404,0.8663263320922852,0.8539198040962219,0.8612087965011597,0.8483861684799194,0.8562048673629761,0.8371802568435669,0.8518779873847961,0.8449134230613708,0.8448827266693115,0.8382132053375244,0.839630126953125,0.8329388499259949,0.8310445547103882,0.8132372498512268,0.8250730633735657,0.8230553269386292,0.8221981525421143,0.8132050037384033,0.8178677558898926,0.8089295029640198,0.8121978044509888
cnn electric-dream,cnn,94,0,0.10000000149011612,4.482032522901136e-07,0.9999514818191528,0.9998354315757751,0.9992417693138123,0.9995860457420349,0.9984834790229797,0.9993689656257629,0.9979346990585327,0.9986333847045898,0.9962800145149231,0.9982312321662903,0.9947165250778198,0.9970706105232239,0.9927281141281128,0.996364414691925,0.990123987197876,0.9952675700187683,0.9873434901237488,0.9942419528961182,0.9851272702217102,0.9927186965942383,0.9809603095054626,0.9907021522521973,0.9773746728897095,0.9895212054252625,0.9716223478317261,0.9869663715362549,0.9675472974777222,0.9851752519607544,0.9634652733802795,0.9835324883460999,0.9585186243057251,0.9799720644950867,0.9513327479362488,0.9783840179443359,0.9427648782730103,0.9750643968582153,0.937465250492096,0.9718291759490967,0.927898108959198,0.9689129590988159,0.9217806458473206,0.9658113718032837,0.9113248586654663,0.9622213244438171,0.898958683013916,0.9592453837394714,0.8899697661399841,0.9563854336738586,0.8792324662208557,0.9515724778175354,0.8684963583946228,0.9477338790893555,0.8547488451004028,0.944641649723053,0.8407467007637024,0.9375495910644531,0.8304150104522705,0.9332584738731384,0.81569504737854,0.9273579120635986,0.8006278872489929,0.9239721894264221,0.7828689217567444,0.9177441000938416,0.7704312205314636,0.9118614792823792,0.750691294670105,0.9041194319725037,0.7357259392738342,0.8972087502479553,0.7226244807243347,0.8907160758972168,0.7027272582054138,0.885038435459137,0.6813526749610901,0.8732763528823853,0.6678379774093628,0.8680804371833801,0.644586443901062,0.8600402474403381,0.6319537162780762,0.8495146036148071,0.6119451522827148,0.8428027033805847,0.5920318365097046,0.8319182991981506,0.5701913833618164,0.820054829120636,0.5531237125396729,0.8089134097099304,0.5339735746383667,0.7939882874488831,0.5221955180168152,0.78581702709198,0.5042696595191956,0.7700890898704529,0.48134517669677734,0.7621995210647583,0.4636181890964508,0.7418280839920044,0.437930166721344,0.7243133187294006,0.42739149928092957,0.7099916934967041,0.4081500768661499,0.69569993019104,0.3966516852378845,0.6698717474937439,0.3764709234237671,0.6573897004127502,0.3586122989654541,0.6375198364257812,0.3431275188922882,0.6197394132614136,0.32907235622406006,0.6004568338394165,0.31142356991767883,0.577031135559082,0.2947155237197876,0.5553021430969238,0.28909653425216675,0.5395491123199463,0.2739720344543457,0.5219076871871948,0.2632289230823517,0.49857965111732483
cnn electric-dream,cnn,94,12,0.3204081654548645,3.3864862416521646e-06,1.0003399848937988,0.9999045729637146,1.0010195970535278,0.9997888207435608,0.9998470544815063,0.9996755719184875,1.001887321472168,0.9992404580116272,1.0021075010299683,0.9990952014923096,1.0011682510375977,0.9984462857246399,1.0022016763687134,0.9980707168579102,1.0017861127853394,0.9975487589836121,1.0026614665985107,0.997103750705719,1.0027728080749512,0.9962776899337769,1.002958059310913,0.9955320954322815,1.0020899772644043,0.9946737289428711,1.0006327629089355,0.9936814308166504,0.9984111189842224,0.992686927318573,1.0017857551574707,0.9920036196708679,0.9976435899734497,0.9905275106430054,0.9992601871490479,0.9896491169929504,0.990654468536377,0.98819899559021,0.9903920292854309,0.9863620400428772,0.9882673025131226,0.9852957129478455,0.9837673306465149,0.9836416840553284,0.9770440459251404,0.9815529584884644,0.976571798324585,0.979689359664917,0.9706317782402039,0.9778559803962708,0.9613175988197327,0.9753245711326599,0.9585343599319458,0.9725616574287415,0.948797881603241,0.9700812101364136,0.9388753175735474,0.9668694138526917,0.928377628326416,0.9634583592414856,0.9177830815315247,0.9609499573707581,0.9119454026222229,0.957294762134552,0.8966149091720581,0.9537725448608398,0.8870318531990051,0.9485155940055847,0.8744950294494629,0.944437563419342,0.8590944409370422,0.940706193447113,0.8515521883964539,0.9359219074249268,0.8333733081817627,0.9292709231376648,0.8214340806007385,0.9240837097167969,0.8017685413360596,0.9182279109954834,0.7915021181106567,0.911523699760437,0.7805309295654297,0.9065204858779907,0.7638351917266846,0.8982962369918823,0.7520052790641785,0.8923507332801819,0.7385299801826477,0.884211003780365,0.7218077778816223,0.8783242106437683,0.7077608704566956,0.8694437742233276,0.6926933526992798,0.8606903553009033,0.6910209059715271,0.8550214767456055,0.664745569229126,0.8454599976539612,0.6488847136497498,0.8343265652656555,0.6361609101295471,0.8269640803337097,0.620910108089447,0.8172799348831177,0.6099567413330078,0.8090885281562805,0.6001225113868713,0.8003451824188232,0.5837475657463074,0.7890458106994629,0.5697566866874695,0.7819313406944275,0.5562910437583923,0.7680623531341553,0.551835834980011,0.7604512572288513,0.5346964001655579,0.7464810609817505,0.530268132686615,0.7386375665664673,0.5153266787528992,0.7259738445281982,0.508944034576416,0.7153198719024658,0.497795432806015,0.7086931467056274
cnn electric-dream,cnn,94,24,0.5408163070678711,7.627116247022059e-06,1.0006701946258545,0.9999486804008484,1.001988410949707,0.9999035000801086,1.0011494159698486,0.9998405575752258,1.0037869215011597,0.9995967149734497,1.0062687397003174,0.9995381832122803,1.0067682266235352,0.9992397427558899,1.0081984996795654,0.9990093111991882,1.0092575550079346,0.9987392425537109,1.0139527320861816,0.9985451698303223,1.0140562057495117,0.9981069564819336,1.0159344673156738,0.9978064894676208,1.019671082496643,0.9972957968711853,1.0207798480987549,0.9969466328620911,1.021104335784912,0.9964306354522705,1.0239357948303223,0.9959694743156433,1.0225380659103394,0.9955172538757324,1.0289051532745361,0.9950897097587585,1.025904655456543,0.9940903782844543,1.0304681062698364,0.9933677911758423,1.0313732624053955,0.9928337335586548,1.028213381767273,0.9918662905693054,1.031583309173584,0.9909528493881226,1.0340341329574585,0.9897424578666687,1.0345001220703125,0.9889460206031799,1.031369924545288,0.9875698685646057,1.0284184217453003,0.9859119057655334,1.029151201248169,0.9845894575119019,1.0327125787734985,0.982406735420227,1.0228441953659058,0.9812225699424744,1.0221779346466064,0.9791674017906189,1.0188086032867432,0.9771429896354675,1.0198200941085815,0.9753646850585938,1.016214370727539,0.9727298617362976,1.0045353174209595,0.9706012606620789,1.00125253200531,0.9681870341300964,0.9947055578231812,0.9655929207801819,0.9931093454360962,0.9624976515769958,0.989492654800415,0.9601746201515198,0.9850727915763855,0.9569734930992126,0.9799001216888428,0.9533746838569641,0.9730014801025391,0.9502868056297302,0.9725767970085144,0.9459072947502136,0.9532641768455505,0.9425601363182068,0.9635122418403625,0.9386534094810486,0.9455057382583618,0.9350736737251282,0.9498876333236694,0.9310518503189087,0.9368759989738464,0.926482081413269,0.9365836977958679,0.9225484728813171,0.9257767796516418,0.9165501594543457,0.921750545501709,0.9127176403999329,0.9169886708259583,0.9092420339584351,0.9091679453849792,0.9039472937583923,0.897606372833252,0.9006264805793762,0.8913819789886475,0.8944869637489319,0.8869633674621582,0.890770673751831,0.882868766784668,0.8858566284179688,0.8782188892364502,0.8804758191108704,0.8630391359329224,0.8762301206588745,0.8573709726333618,0.8732713460922241,0.8510007262229919,0.8691696524620056,0.8450246453285217,0.8627572059631348,0.8386517763137817,0.8596517443656921,0.8329522013664246,0.8560163974761963
cnn electric-dream,cnn,94,37,0.7795918583869934,1.2561467883642763e-05,1.0005173683166504,0.99997878074646,1.0019460916519165,0.9999644160270691,1.0012305974960327,0.9999257922172546,1.0031415224075317,0.9997966885566711,1.007691502571106,0.9997459650039673,1.0084477663040161,0.9996421337127686,1.0092071294784546,0.9994792342185974,1.0101994276046753,0.9992710947990417,1.0165443420410156,0.9991250038146973,1.0124343633651733,0.9987598657608032,1.0176135301589966,0.998519778251648,1.0218697786331177,0.9981022477149963,1.020258903503418,0.9978572130203247,1.0215893983840942,0.9974992871284485,1.0270862579345703,0.9968026280403137,1.0183216333389282,0.9965999126434326,1.0221374034881592,0.9960950613021851,1.0274626016616821,0.9950875043869019,1.0259023904800415,0.9946079850196838,1.025202751159668,0.9938867092132568,1.029252529144287,0.9929791688919067,1.0284173488616943,0.9917917251586914,1.0259946584701538,0.9906296730041504,1.0298941135406494,0.9899876117706299,1.0335651636123657,0.9887517690658569,1.0262339115142822,0.9876042008399963,1.0250707864761353,0.9857380986213684,1.0266507863998413,0.9843056797981262,1.0217411518096924,0.9835212230682373,1.0170161724090576,0.9808881282806396,1.019352912902832,0.9789494276046753,1.015771746635437,0.9771770238876343,1.0082809925079346,0.9758568406105042,1.0078073740005493,0.9734416007995605,1.0002907514572144,0.9708125591278076,1.0021432638168335,0.9690220355987549,0.9912348985671997,0.9658144116401672,0.9859967827796936,0.963230311870575,0.978840172290802,0.9599186182022095,0.9853703379631042,0.9573847055435181,0.9660273790359497,0.9547116756439209,0.9656175971031189,0.9517096877098083,0.9548301696777344,0.9490019083023071,0.9529681205749512,0.9448040127754211,0.945292055606842,0.941625714302063,0.9315448999404907,0.9398255944252014,0.9285066723823547,0.9361311197280884,0.9184536933898926,0.9312271475791931,0.9162294864654541,0.9273374080657959,0.9064926505088806,0.9226524233818054,0.8986127376556396,0.918083906173706,0.8921956419944763,0.9146300554275513,0.8744118809700012,0.9111438393592834,0.8717643022537231,0.906623899936676,0.8720599412918091,0.9004848599433899,0.8663880825042725,0.8974595069885254,0.8575683236122131,0.8919796943664551,0.8615543842315674,0.8900306224822998,0.8503668904304504,0.885193943977356,0.8404117822647095,0.8806056380271912,0.8362312316894531,0.8774449229240417,0.8192105889320374,0.8723285794258118,0.8230322003364563,0.867251455783844
cnn electric-dream,cnn,94,49,1.0,1.6744215827202424e-05,1.00027334690094,0.9999915957450867,1.0013229846954346,0.9999783635139465,1.0010281801223755,0.9999419450759888,1.001939296722412,0.9998427629470825,1.008318543434143,0.9997549653053284,1.0087432861328125,0.9996334910392761,1.0089514255523682,0.999436616897583,1.0094057321548462,0.9991663098335266,1.0168256759643555,0.9989689588546753,1.009150505065918,0.9983981847763062,1.016503095626831,0.998022198677063,1.0208468437194824,0.9973461627960205,1.0169200897216797,0.9969365000724792,1.0178585052490234,0.9964005947113037,1.0271198749542236,0.995345413684845,1.0121160745620728,0.9947666525840759,1.0137360095977783,0.9937466382980347,1.0217205286026,0.992543637752533,1.0190643072128296,0.9916293621063232,1.0170315504074097,0.9900625348091125,1.0212218761444092,0.9891903400421143,1.0200577974319458,0.9871647357940674,1.018311619758606,0.9856328964233398,1.019904613494873,0.9842715263366699,1.0221264362335205,0.9825162291526794,1.0136394500732422,0.9807924032211304,1.0151619911193848,0.9789097905158997,1.0149257183074951,0.9771216511726379,1.0071393251419067,0.9755977988243103,1.0015126466751099,0.9722092747688293,1.004660725593567,0.9701078534126282,1.002318024635315,0.9669778943061829,0.9953744411468506,0.9652318358421326,0.990907609462738,0.9631768465042114,0.9825676679611206,0.959820032119751,0.9874474406242371,0.9582992792129517,0.9749436974525452,0.9537051320075989,0.9732679128646851,0.9503380060195923,0.962989866733551,0.9471675157546997,0.9686782360076904,0.9432289004325867,0.9653754234313965,0.9413485527038574,0.9473470449447632,0.9377142190933228,0.9479954838752747,0.9338098764419556,0.9484627842903137,0.929846465587616,0.9389867782592773,0.9261803030967712,0.9285390973091125,0.9229328036308289,0.9197127223014832,0.9201890230178833,0.9142234325408936,0.9140580892562866,0.9127297401428223,0.9097673296928406,0.900547981262207,0.9063156843185425,0.885619044303894,0.9012990593910217,0.8815164566040039,0.8974083662033081,0.8757045865058899,0.892331600189209,0.8598009943962097,0.8869861960411072,0.8578717112541199,0.8804091811180115,0.8453636765480042,0.8765602111816406,0.8445484638214111,0.8699199557304382,0.8363206386566162,0.8661627173423767,0.8377247452735901,0.8629071712493896,0.8303267955780029,0.8567783832550049,0.8222813606262207,0.8521450161933899,0.8184079527854919,0.8429904580116272,0.8161871433258057,0.8413199782371521
cnn_wst efficient-thunder-86,cnn_wst,90,0,0.10000000149011612,4.493977314723452e-07,0.9996253252029419,0.9998854398727417,0.9990618228912354,0.9997052550315857,0.9986518025398254,0.9992578029632568,0.9980436563491821,0.9987940192222595,0.9962619543075562,0.9981729388237,0.9942710399627686,0.9970657229423523,0.9929867386817932,0.9962758421897888,0.9911176562309265,0.9951552748680115,0.9883239269256592,0.9938908219337463,0.984413206577301,0.9919793605804443,0.9814523458480835,0.9905533790588379,0.9770858883857727,0.9892798662185669,0.9739035367965698,0.9870653748512268,0.9668517112731934,0.9851985573768616,0.9633337259292603,0.982093095779419,0.9581326246261597,0.9804783463478088,0.9516059160232544,0.9778316617012024,0.9416739344596863,0.9756516218185425,0.9343870878219604,0.9736071228981018,0.9278387427330017,0.9696340560913086,0.9203413724899292,0.9658865928649902,0.9090502858161926,0.9626138210296631,0.9001150727272034,0.9581444263458252,0.8903136253356934,0.955572247505188,0.8770979046821594,0.9515636563301086,0.8680778741836548,0.9489702582359314,0.8538554906845093,0.9426084160804749,0.8439568877220154,0.9375437498092651,0.8280657529830933,0.9325373768806458,0.8141359686851501,0.9286152124404907,0.7987412810325623,0.9233179092407227,0.7830963730812073,0.9168716073036194,0.7675592303276062,0.9117820858955383,0.7530719637870789,0.9031555652618408,0.7329143285751343,0.8972403407096863,0.7173631191253662,0.8895077705383301,0.7000724077224731,0.8818009495735168,0.6817108392715454,0.8761674165725708,0.6674867272377014,0.8690674304962158,0.6459507346153259,0.8621164560317993,0.6276237964630127,0.8506772518157959,0.6103743314743042,0.8406906723976135,0.5932689905166626,0.8298670053482056,0.5677499175071716,0.8194347023963928,0.5569742918014526,0.8076529502868652,0.5368785262107849,0.7975836992263794,0.5120585560798645,0.7872161269187927,0.49342072010040283,0.7697189450263977,0.4831303060054779,0.7558956146240234,0.45932403206825256,0.7390426993370056,0.4405156970024109,0.7262316346168518,0.4272252023220062,0.7128150463104248,0.40599867701530457,0.6902651786804199,0.39305877685546875,0.6735787391662598,0.37297964096069336,0.6577244400978088,0.356489896774292,0.6389312744140625,0.34355151653289795,0.6142921447753906,0.32658758759498596,0.5993053913116455,0.310680627822876,0.5780565142631531,0.29860275983810425,0.5565336346626282,0.2818986177444458,0.5291672348976135,0.2734782099723816,0.5134279131889343,0.2618308961391449,0.4955271780490875
cnn_wst efficient-thunder-86,cnn_wst,90,12,0.3204081654548645,2.7916510134673445e-06,1.0084543228149414,0.9999608993530273,1.0098215341567993,0.9998906850814819,1.0070030689239502,0.9997490048408508,1.0079742670059204,0.9995800256729126,1.006629467010498,0.9993783831596375,1.0056103467941284,0.9990438222885132,1.004914402961731,0.9987876415252686,1.0011125802993774,0.9984279274940491,1.002827525138855,0.998131513595581,0.9987409710884094,0.9975841641426086,0.9981500506401062,0.9971654415130615,0.9942307472229004,0.9968465566635132,0.9984802007675171,0.9964556694030762,0.9942734837532043,0.9960980415344238,0.9989038705825806,0.995464563369751,1.003385305404663,0.9952293634414673,1.0020520687103271,0.9946358799934387,1.0002204179763794,0.9941847324371338,1.0037180185317993,0.9935514330863953,1.0078191757202148,0.9932279586791992,1.011170744895935,0.9922937154769897,1.0134292840957642,0.991562008857727,1.0141657590866089,0.9910647869110107,1.017014980316162,0.9897228479385376,1.0209250450134277,0.9895275831222534,1.020625114440918,0.9883056879043579,1.0218373537063599,0.9868234992027283,1.0200302600860596,0.9858336448669434,1.0223774909973145,0.9836364388465881,1.0123682022094727,0.9818518757820129,1.0118781328201294,0.9798588156700134,1.001548171043396,0.9777642488479614,1.0050429105758667,0.9753972291946411,0.9886614084243774,0.972008228302002,0.9777985215187073,0.9692456126213074,0.9712235927581787,0.9647454619407654,0.9559109210968018,0.9613274931907654,0.9488685727119446,0.9585500359535217,0.9342395663261414,0.9540934562683105,0.9172087907791138,0.9484856724739075,0.8965429067611694,0.9428839087486267,0.8842211365699768,0.9374919533729553,0.8686575293540955,0.9303411245346069,0.8471585512161255,0.9256774187088013,0.8366966843605042,0.9190834164619446,0.8154690861701965,0.912931501865387,0.7965104579925537,0.9046239852905273,0.7761533260345459,0.8972950577735901,0.7645770907402039,0.8885630369186401,0.7457020878791809,0.8822224140167236,0.7242469191551208,0.8732335567474365,0.7124528884887695,0.8641645312309265,0.6971604228019714,0.8568505644798279,0.681364119052887,0.8466248512268066,0.6641963720321655,0.8387021422386169,0.645957350730896,0.8299369812011719,0.633410632610321,0.8211497068405151,0.6188623309135437,0.8120629787445068,0.6027899384498596,0.7989640831947327,0.5954821109771729,0.7931404113769531,0.584182858467102,0.7859193682670593,0.5714632272720337,0.7782168388366699,0.5628316402435303,0.7651190161705017
cnn_wst efficient-thunder-86,cnn_wst,90,24,0.5408163070678711,5.978169610898476e-06,1.0095499753952026,0.999987006187439,1.01138436794281,0.9999583959579468,1.0081547498703003,0.9999288320541382,1.0087387561798096,0.9998770356178284,1.007948398590088,0.9998127222061157,1.0082035064697266,0.9997299313545227,1.006609559059143,0.9996112585067749,1.0028009414672852,0.999498724937439,1.0063185691833496,0.9994557499885559,1.0030295848846436,0.9992414116859436,1.0015060901641846,0.9991384148597717,0.9974961876869202,0.9990041851997375,1.0043267011642456,0.998799204826355,1.0028434991836548,0.9986428022384644,1.0064868927001953,0.9984918236732483,1.014061689376831,0.9983327984809875,1.01271390914917,0.9980936050415039,1.0133179426193237,0.9976956248283386,1.0217335224151611,0.9972994327545166,1.0239266157150269,0.9970531463623047,1.0313717126846313,0.9963862895965576,1.0354299545288086,0.9959867000579834,1.0436533689498901,0.9956079721450806,1.044619083404541,0.9948379397392273,1.0520588159561157,0.9942032694816589,1.0581061840057373,0.9935424327850342,1.0653469562530518,0.9924970865249634,1.066078543663025,0.9919213056564331,1.0733684301376343,0.9905449151992798,1.0702693462371826,0.9897192716598511,1.079966425895691,0.9880363941192627,1.0754351615905762,0.9869333505630493,1.0793603658676147,0.9852340221405029,1.0826753377914429,0.9841187596321106,1.0781446695327759,0.9818634390830994,1.0777699947357178,0.9797797799110413,1.0733073949813843,0.977566123008728,1.0750256776809692,0.975681722164154,1.075814962387085,0.9741056561470032,1.0721324682235718,0.9714736938476562,1.0591168403625488,0.9683548808097839,1.0583723783493042,0.9664072394371033,1.049210786819458,0.9637426733970642,1.0469084978103638,0.9603486061096191,1.0444525480270386,0.9586291909217834,1.0371384620666504,0.9554269909858704,1.025396704673767,0.9513373970985413,1.013410210609436,0.948208749294281,1.017325758934021,0.9450925588607788,1.001665711402893,0.9421212077140808,0.9915380477905273,0.939789891242981,0.98703932762146,0.9356738328933716,0.9871081709861755,0.9312787652015686,0.9841288924217224,0.9283647537231445,0.9696458578109741,0.9239474534988403,0.9615148305892944,0.921085000038147,0.9440380930900574,0.9152902364730835,0.9368340373039246,0.9116762280464172,0.9294577836990356,0.908631443977356,0.9251577854156494,0.9036454558372498,0.9204069972038269,0.9021763801574707,0.9097102880477905,0.8976273536682129,0.9059707522392273,0.8947537541389465
cnn_wst efficient-thunder-86,cnn_wst,90,37,0.7795918583869934,9.997687811846845e-06,1.009074330329895,0.9999939203262329,1.0107309818267822,0.9999802708625793,1.0072425603866577,0.9999762773513794,1.0069321393966675,0.9999448657035828,1.006179690361023,0.9998963475227356,1.0070527791976929,0.999841570854187,1.0035539865493774,0.999740719795227,0.999595046043396,0.9996597766876221,1.0025596618652344,0.9995526075363159,0.9982607960700989,0.9993375539779663,0.9951766133308411,0.9992047548294067,0.9913128614425659,0.9989900588989258,0.9969805479049683,0.9986655712127686,0.9962501525878906,0.9983248710632324,0.9981305599212646,0.9980118870735168,0.999019980430603,0.9977056384086609,0.9989838600158691,0.9973470568656921,0.9978264570236206,0.9967435598373413,1.0040653944015503,0.9960402846336365,1.0028990507125854,0.9956578016281128,1.0051370859146118,0.9943068623542786,1.0064845085144043,0.9934705495834351,1.014454960823059,0.9929666519165039,1.0135374069213867,0.9918621182441711,1.0202009677886963,0.9904627799987793,1.0221707820892334,0.9898313283920288,1.0262258052825928,0.9885262846946716,1.022506594657898,0.9870080351829529,1.0246235132217407,0.9854254722595215,1.0257349014282227,0.9844732284545898,1.0287864208221436,0.9832314848899841,1.0272157192230225,0.9814460277557373,1.0269973278045654,0.9793875813484192,1.032023549079895,0.9779689908027649,1.0263352394104004,0.9759817123413086,1.024697184562683,0.9738572835922241,1.0196988582611084,0.9722152948379517,1.0172672271728516,0.9700395464897156,1.016990065574646,0.967888593673706,1.0102477073669434,0.9655620455741882,1.013100266456604,0.9627657532691956,1.002851963043213,0.9604111909866333,1.0032377243041992,0.9590519666671753,0.9937571287155151,0.9555705785751343,0.9905285835266113,0.9531295895576477,0.9837930798530579,0.9495015740394592,0.9751108288764954,0.9459421038627625,0.9667100310325623,0.944399893283844,0.9742225408554077,0.9407030940055847,0.9582977294921875,0.9377536773681641,0.9449761509895325,0.9334266781806946,0.9372587203979492,0.9304875135421753,0.9410066604614258,0.9278351068496704,0.9178774356842041,0.9244129061698914,0.9148608446121216,0.9200263023376465,0.9050215482711792,0.915091335773468,0.9029476642608643,0.9121785759925842,0.8898930549621582,0.9069817066192627,0.8861346244812012,0.9045084118843079,0.8867976069450378,0.899821400642395,0.878088653087616,0.8960893750190735,0.869996190071106,0.8900740146636963,0.8560557961463928,0.8873235583305359
cnn_wst efficient-thunder-86,cnn_wst,90,49,1.0,1.3535776815842837e-05,1.008713960647583,0.9999940991401672,1.0100338459014893,0.999982476234436,1.0063652992248535,0.999974250793457,1.0054209232330322,0.9999246597290039,1.0046346187591553,0.9998605251312256,1.005902886390686,0.9997677206993103,1.0009077787399292,0.9996381402015686,0.9968492388725281,0.9995237588882446,0.999319314956665,0.9993004202842712,0.9935069680213928,0.9989879727363586,0.9893755316734314,0.9987732768058777,0.985632598400116,0.998435378074646,0.9896649718284607,0.9980177283287048,0.990385890007019,0.9974949955940247,0.9914991855621338,0.9968823790550232,0.9879780411720276,0.996404767036438,0.9870474934577942,0.9959117770195007,0.9855155348777771,0.9951429963111877,0.9901218414306641,0.9941412806510925,0.9863898754119873,0.993765115737915,0.9868924617767334,0.9918081164360046,0.9849132895469666,0.9907375574111938,0.9935482144355774,0.9899431467056274,0.9909796118736267,0.9882007241249084,0.9945580959320068,0.9866623282432556,0.9949378967285156,0.9855160713195801,0.9993228912353516,0.9840813875198364,0.9932881593704224,0.982107937335968,0.9936162233352661,0.9801109433174133,0.9918495416641235,0.9791088700294495,0.9935954213142395,0.9766423106193542,0.9919610619544983,0.974928081035614,0.9928078055381775,0.972503662109375,0.9914299845695496,0.9707514047622681,0.9864608645439148,0.9687520861625671,0.9875973463058472,0.9652047753334045,0.9821908473968506,0.9637089371681213,0.9784215092658997,0.9615588784217834,0.9736852645874023,0.95872563123703,0.9643856883049011,0.9561749696731567,0.9620593786239624,0.9529005885124207,0.9580044746398926,0.9501578211784363,0.9504581093788147,0.9479696750640869,0.9489407539367676,0.9460588693618774,0.9412109851837158,0.9424393177032471,0.9309871196746826,0.9400779604911804,0.9178416132926941,0.9357109069824219,0.9186546802520752,0.9325113892555237,0.919339656829834,0.928257942199707,0.9052063822746277,0.925082266330719,0.8985633254051208,0.921220064163208,0.8850117921829224,0.9161127805709839,0.8790152072906494,0.9137327671051025,0.8756780028343201,0.9101970791816711,0.8583086729049683,0.905164897441864,0.850060224533081,0.8989863991737366,0.8472931981086731,0.8969281315803528,0.8281124234199524,0.89121013879776,0.82435142993927,0.8885602355003357,0.8199657201766968,0.8841363191604614,0.8094950914382935,0.8766874670982361,0.7972555756568909,0.8731096386909485,0.7944290637969971,0.8684359788894653
cnn_wst efficient-thunder-86,cnn_wst,91,0,0.10000000149011612,4.5206758159110905e-07,0.9996592402458191,0.9998195171356201,0.9992918968200684,0.9995723962783813,0.9984554648399353,0.9990628361701965,0.9975645542144775,0.9985463619232178,0.9965085983276367,0.9979867935180664,0.9947657585144043,0.9972635507583618,0.9925096035003662,0.9960389137268066,0.9908833503723145,0.9950868487358093,0.9879046678543091,0.9935908913612366,0.9848690032958984,0.9925690293312073,0.9803515076637268,0.9914743304252625,0.9781324863433838,0.9890920519828796,0.9732065796852112,0.9870561361312866,0.9681705832481384,0.9852272272109985,0.9619947075843811,0.9833875298500061,0.958521842956543,0.9806087613105774,0.9507872462272644,0.9774346947669983,0.9441985487937927,0.9750785827636719,0.9377877116203308,0.9727162718772888,0.9269182682037354,0.9693143367767334,0.9192097187042236,0.9668496251106262,0.9112493991851807,0.9630551338195801,0.9008572101593018,0.9583296179771423,0.8902456760406494,0.955003023147583,0.8756667971611023,0.9516445398330688,0.8682926297187805,0.9466367363929749,0.8540226817131042,0.9435636401176453,0.842329204082489,0.9386903643608093,0.827606201171875,0.9349491000175476,0.8136972188949585,0.9267591238021851,0.798975944519043,0.92330002784729,0.7815256118774414,0.9176596999168396,0.769723117351532,0.9103272557258606,0.7506245970726013,0.903152346611023,0.7343260645866394,0.8977128863334656,0.7219144701957703,0.8908063173294067,0.7001442909240723,0.8856378793716431,0.685339629650116,0.8777265548706055,0.6657654643058777,0.8691726326942444,0.6471017003059387,0.8574379682540894,0.6286429166793823,0.8510197997093201,0.6149408221244812,0.8418188691139221,0.5875612497329712,0.8301110863685608,0.5713639855384827,0.82218337059021,0.5544371604919434,0.8097801804542542,0.5367881059646606,0.7942991852760315,0.5187247395515442,0.7808582782745361,0.4974818527698517,0.7720075249671936,0.48036691546440125,0.7594051361083984,0.4608282744884491,0.7442293167114258,0.4457927346229553,0.7286379337310791,0.42419230937957764,0.7106143236160278,0.4073348641395569,0.6966657042503357,0.38739416003227234,0.6697988510131836,0.3763370215892792,0.6542669534683228,0.3557540476322174,0.6358240246772766,0.3442007899284363,0.6174818277359009,0.3263353407382965,0.5967162251472473,0.3114350438117981,0.5754926800727844,0.3012959957122803,0.5546329021453857,0.2808251976966858,0.5391963124275208,0.27050668001174927,0.5169152617454529,0.2615337371826172,0.4989165663719177
cnn_wst efficient-thunder-86,cnn_wst,91,12,0.3204081654548645,2.7722880986402743e-06,1.0101737976074219,0.9999470114707947,1.0101947784423828,0.999857485294342,1.0099637508392334,0.9996618032455444,1.009569764137268,0.9995151162147522,1.0077862739562988,0.9992893934249878,1.0078048706054688,0.9991274476051331,1.0047317743301392,0.9987403154373169,1.0035223960876465,0.9984999895095825,1.0031633377075195,0.9980899095535278,1.0014560222625732,0.9979509711265564,1.0006035566329956,0.9975135326385498,1.0022927522659302,0.997092068195343,0.9981082081794739,0.9965861439704895,1.0015313625335693,0.9961929321289062,1.0013034343719482,0.9959368705749512,1.0043846368789673,0.9954701066017151,1.005655288696289,0.9949439764022827,1.0090020895004272,0.9945062398910522,1.015347957611084,0.9940284490585327,1.0105589628219604,0.9933632016181946,1.0177216529846191,0.9931231737136841,1.0232677459716797,0.9924015402793884,1.0261787176132202,0.9914809465408325,1.0265827178955078,0.9907536506652832,1.030784249305725,0.9898700714111328,1.0291045904159546,0.9888895750045776,1.029327630996704,0.9872459769248962,1.0327339172363281,0.9867972135543823,1.0339980125427246,0.9850588440895081,1.0274137258529663,0.9831197261810303,1.024511456489563,0.9813368320465088,1.0193088054656982,0.979063093662262,1.0135594606399536,0.9762095212936401,1.0018365383148193,0.9737763404846191,0.9984849095344543,0.9704733490943909,0.9905287027359009,0.9671197533607483,0.975187361240387,0.9632928967475891,0.9665501117706299,0.959129273891449,0.9553312659263611,0.9554845690727234,0.934672474861145,0.9502413272857666,0.9185270071029663,0.944879949092865,0.8994293212890625,0.9388799667358398,0.8809261322021484,0.9330905675888062,0.866165041923523,0.9261327981948853,0.850040853023529,0.9200118780136108,0.8333674669265747,0.9132742881774902,0.8124336004257202,0.9069914221763611,0.7960265874862671,0.8989889621734619,0.7745624780654907,0.8922679424285889,0.7610761523246765,0.8842477202415466,0.7361711859703064,0.8764371275901794,0.7209746837615967,0.8688765168190002,0.7078837752342224,0.8562683463096619,0.6911302208900452,0.8485656380653381,0.677821159362793,0.838665783405304,0.6594604253768921,0.833065927028656,0.6466240882873535,0.8225756883621216,0.6326618194580078,0.8149154782295227,0.6213339567184448,0.8016844987869263,0.6010422110557556,0.7998681664466858,0.5919941067695618,0.7870457768440247,0.5848917365074158,0.7808032035827637,0.5705491304397583,0.7756199836730957
cnn_wst efficient-thunder-86,cnn_wst,91,24,0.5408163070678711,5.945916200289503e-06,1.012367844581604,0.9999851584434509,1.0120923519134521,0.9999589920043945,1.0125796794891357,0.9999043345451355,1.0124573707580566,0.9998672604560852,1.0101968050003052,0.9997926950454712,1.01047682762146,0.999750018119812,1.0074756145477295,0.999605119228363,1.0064525604248047,0.9995464086532593,1.0066875219345093,0.9994644522666931,1.0052409172058105,0.9993532299995422,1.0061979293823242,0.9992011785507202,1.0068784952163696,0.999076783657074,1.0046228170394897,0.9989563822746277,1.008683681488037,0.9986535310745239,1.008849024772644,0.9985122084617615,1.0135830640792847,0.9983376264572144,1.0194059610366821,0.9980129599571228,1.0226123332977295,0.9976502656936646,1.0302950143814087,0.997369110584259,1.0277726650238037,0.9969233274459839,1.0391894578933716,0.996547281742096,1.045816421508789,0.9960046410560608,1.0510547161102295,0.9954254031181335,1.0597333908081055,0.9945029616355896,1.0639739036560059,0.9938761591911316,1.0708507299423218,0.993057131767273,1.076686978340149,0.9918634295463562,1.0799318552017212,0.9912385940551758,1.088184118270874,0.9898410439491272,1.0914781093597412,0.9888495802879333,1.0957155227661133,0.9873304963111877,1.0913139581680298,0.9862041473388672,1.0957766771316528,0.9843011498451233,1.0994737148284912,0.9827575087547302,1.094092607498169,0.9809401035308838,1.097399353981018,0.9795188307762146,1.096189260482788,0.9774922728538513,1.093862771987915,0.975551962852478,1.087531328201294,0.972553551197052,1.0840604305267334,0.9702282547950745,1.0831594467163086,0.9673913717269897,1.074234127998352,0.9649217128753662,1.0764594078063965,0.962197482585907,1.060957670211792,0.9600675702095032,1.0581977367401123,0.9558815956115723,1.0571955442428589,0.9533541202545166,1.044516921043396,0.9504514336585999,1.0309909582138062,0.9457435011863708,1.0199851989746094,0.943899929523468,1.0173064470291138,0.9391032457351685,1.0101683139801025,0.9360940456390381,1.0018588304519653,0.9329609870910645,0.9971064329147339,0.9272068738937378,0.9858440160751343,0.9240203499794006,0.9825133085250854,0.9206681251525879,0.9731718897819519,0.9166637063026428,0.9547104835510254,0.9114737510681152,0.9503890872001648,0.9080196619033813,0.9426246881484985,0.9026200175285339,0.929500937461853,0.9012417793273926,0.9285523891448975,0.8968936800956726,0.9192209839820862,0.8933547139167786,0.9076820015907288,0.8885870575904846
cnn_wst efficient-thunder-86,cnn_wst,91,37,0.7795918583869934,1.001865621219622e-05,1.011964201927185,0.9999940991401672,1.0113908052444458,0.9999818205833435,1.0119965076446533,0.999957263469696,1.0114476680755615,0.9999213814735413,1.0091201066970825,0.9998717308044434,1.0084325075149536,0.9998058080673218,1.0054326057434082,0.9996435046195984,1.0032072067260742,0.9995658993721008,1.0028374195098877,0.9994321465492249,1.0008479356765747,0.9992070198059082,1.0009560585021973,0.9989814162254333,0.9985945820808411,0.9987145662307739,0.9977017641067505,0.9985195994377136,0.9996837377548218,0.9980714917182922,0.996740460395813,0.9975457191467285,1.0003119707107544,0.997175931930542,1.0048598051071167,0.9964961409568787,1.0064334869384766,0.9959135055541992,1.0092220306396484,0.995349109172821,1.007041096687317,0.9943865537643433,1.0162885189056396,0.9936790466308594,1.018696904182434,0.992683470249176,1.0178947448730469,0.991601288318634,1.0260899066925049,0.9904880523681641,1.0284332036972046,0.9891252517700195,1.0347366333007812,0.9876804947853088,1.0335255861282349,0.9864797592163086,1.0302581787109375,0.9850260615348816,1.0324915647506714,0.9835935831069946,1.0427147150039673,0.9821493625640869,1.050858736038208,0.9803396463394165,1.0436314344406128,0.978073000907898,1.04156494140625,0.9757286906242371,1.0413974523544312,0.9739641547203064,1.0419427156448364,0.9718657732009888,1.0404539108276367,0.9701277017593384,1.0357495546340942,0.9681345820426941,1.035115122795105,0.9655278921127319,1.0354307889938354,0.9626333117485046,1.0301291942596436,0.9597125053405762,1.0216563940048218,0.9577987790107727,1.0186913013458252,0.9554394483566284,1.0195149183273315,0.9521620273590088,1.0104397535324097,0.9492605924606323,1.0003031492233276,0.9461756348609924,1.0042762756347656,0.9438393712043762,0.9961022138595581,0.9407888650894165,0.9839723706245422,0.9367977380752563,0.9739445447921753,0.9347708225250244,0.9737201929092407,0.9285814166069031,0.9629746079444885,0.9264247417449951,0.953223705291748,0.9238788485527039,0.9394463896751404,0.9190527200698853,0.9367014765739441,0.9159302711486816,0.9329596757888794,0.9128841161727905,0.9264830350875854,0.9090412855148315,0.9219582676887512,0.9046335816383362,0.9096971154212952,0.9003808498382568,0.9064537286758423,0.8948661684989929,0.9008815884590149,0.8921422958374023,0.8945221900939941,0.8881712555885315,0.8834930658340454,0.8836821913719177,0.8756725192070007,0.8794474601745605
cnn_wst efficient-thunder-86,cnn_wst,91,49,1.0,1.3643771126226056e-05,1.011464238166809,0.9999945163726807,1.010707139968872,0.999976396560669,1.0112369060516357,0.9999343156814575,1.0101851224899292,0.9998751878738403,1.008026123046875,0.9997931122779846,1.0064895153045654,0.9996713995933533,1.0030403137207031,0.9994305968284607,1.000144600868225,0.9992718696594238,0.9992583394050598,0.9990184307098389,0.9965155124664307,0.9986644983291626,0.9964478015899658,0.9983157515525818,0.991672694683075,0.9978246688842773,0.9907099604606628,0.9975118041038513,0.991084635257721,0.9968604445457458,0.9879536628723145,0.9961465001106262,0.9893100261688232,0.995460033416748,0.9924803972244263,0.9945006966590881,0.9923045039176941,0.993718147277832,0.9929235577583313,0.9928083419799805,0.9914819002151489,0.9915629625320435,0.9968721270561218,0.9903283715248108,0.9975534081459045,0.9889255166053772,0.9952097535133362,0.9877241849899292,1.0019853115081787,0.9861380457878113,1.00321364402771,0.9846268892288208,1.0102615356445312,0.9825147986412048,1.0037094354629517,0.9813671112060547,1.0006672143936157,0.9791162014007568,0.9984630942344666,0.9776971340179443,1.0079890489578247,0.9753984212875366,1.011068344116211,0.9732706546783447,1.0041053295135498,0.9708474278450012,1.0043134689331055,0.9685826897621155,1.0022639036178589,0.9656747579574585,0.9938295483589172,0.963337779045105,0.9981757402420044,0.9608603119850159,0.9882650375366211,0.9594181776046753,0.9907692670822144,0.9563034176826477,0.9896380305290222,0.9529479146003723,0.9875646829605103,0.9499697685241699,0.97553950548172,0.9472203254699707,0.9769360423088074,0.9443601369857788,0.9631532430648804,0.9417420029640198,0.957627534866333,0.9382069110870361,0.9503377079963684,0.9340704679489136,0.9458348155021667,0.9301457405090332,0.9400428533554077,0.9283342957496643,0.9313012361526489,0.9235079288482666,0.9290351271629333,0.9195520877838135,0.9168429970741272,0.9156803488731384,0.908700704574585,0.9113338589668274,0.9029232263565063,0.9075937867164612,0.8904733061790466,0.9046124815940857,0.8812711238861084,0.8967316150665283,0.8733989596366882,0.8950664401054382,0.8713098764419556,0.8896061182022095,0.862446129322052,0.8861218690872192,0.8537956476211548,0.8809764385223389,0.8437746167182922,0.8747217655181885,0.8402824997901917,0.8697750568389893,0.8324404954910278,0.8648973703384399,0.8325302004814148,0.8602240085601807,0.8186193108558655,0.8559839725494385
cnn_wst efficient-thunder-86,cnn_wst,92,0,0.10000000149011612,4.5211581323201244e-07,0.9997312426567078,0.999887228012085,0.9994411468505859,0.9995930790901184,0.9982907772064209,0.9991275072097778,0.9972564578056335,0.9986453652381897,0.9965957999229431,0.99823397397995,0.9944711923599243,0.9974054098129272,0.9922888875007629,0.9962036609649658,0.9901107549667358,0.9950394034385681,0.9882203340530396,0.9938926100730896,0.9840392470359802,0.9923095703125,0.9811649322509766,0.9908864498138428,0.9772961735725403,0.9889733195304871,0.9729128479957581,0.9876466393470764,0.9695169925689697,0.9852352142333984,0.9635471701622009,0.982971727848053,0.9576700329780579,0.9803555011749268,0.9509342312812805,0.9778342247009277,0.9435120224952698,0.9754990339279175,0.9357520341873169,0.9730392098426819,0.9277872443199158,0.9694570899009705,0.9187094569206238,0.9668194651603699,0.9105603694915771,0.9632846713066101,0.9013360142707825,0.9593859910964966,0.8889243602752686,0.9560239315032959,0.8789318799972534,0.9513148665428162,0.8648887276649475,0.9466362595558167,0.8537809252738953,0.9424770474433899,0.8412514925003052,0.9377086162567139,0.825049102306366,0.9332176446914673,0.8126338720321655,0.9281837940216064,0.7979598045349121,0.9235403537750244,0.781082272529602,0.9174985289573669,0.7666378617286682,0.912466824054718,0.7492345571517944,0.9025751948356628,0.7311598062515259,0.8968795537948608,0.7144818902015686,0.889464795589447,0.6950728893280029,0.8836700916290283,0.6834441423416138,0.8751018047332764,0.6616747379302979,0.867834746837616,0.6430944204330444,0.8576173782348633,0.6226819753646851,0.8502629399299622,0.6072185635566711,0.8404533267021179,0.589068591594696,0.8304963707923889,0.5699470639228821,0.8183008432388306,0.548945426940918,0.8083013296127319,0.5314540863037109,0.7953398823738098,0.5086203217506409,0.7847623229026794,0.49036210775375366,0.7711392641067505,0.47787272930145264,0.7561802864074707,0.4572914242744446,0.7401573657989502,0.4361325800418854,0.7231329679489136,0.4204777479171753,0.7139219045639038,0.40303972363471985,0.6916260123252869,0.38812682032585144,0.6738332509994507,0.3660586476325989,0.6568013429641724,0.3511216640472412,0.639139711856842,0.33717983961105347,0.6189662218093872,0.31789642572402954,0.5956198573112488,0.30373522639274597,0.5744970440864563,0.2883031368255615,0.5507546663284302,0.27757829427719116,0.5440692901611328,0.2677672207355499,0.5146974325180054,0.25309669971466064,0.496393620967865
cnn_wst efficient-thunder-86,cnn_wst,92,12,0.3204081654548645,2.8202307476021815e-06,1.009435772895813,0.9999621510505676,1.0089900493621826,0.9998508095741272,1.0083692073822021,0.9996835589408875,1.0063331127166748,0.9995046257972717,1.0077197551727295,0.9993571043014526,1.0048573017120361,0.9991199970245361,1.0026882886886597,0.9987279772758484,1.0010007619857788,0.9983752965927124,0.9995540976524353,0.9981324076652527,0.9970356225967407,0.9976388812065125,0.9971280097961426,0.9971776008605957,0.9968318939208984,0.996843159198761,0.9969876408576965,0.9966542720794678,0.9981085658073425,0.9959155917167664,0.9989095330238342,0.9952908754348755,0.9977494478225708,0.9947182536125183,0.9989604353904724,0.9945674538612366,1.0016320943832397,0.9938228130340576,1.0037589073181152,0.9935957789421082,1.0078301429748535,0.9927330613136292,1.0058128833770752,0.9921213984489441,1.0143153667449951,0.9914277791976929,1.014198899269104,0.9907894134521484,1.0178232192993164,0.989582896232605,1.0162675380706787,0.9888907670974731,1.0167150497436523,0.9875372648239136,1.0210137367248535,0.9865692257881165,1.0182276964187622,0.9852445721626282,1.0137897729873657,0.9835958480834961,1.0137394666671753,0.9818252325057983,1.005602478981018,0.9794933199882507,1.001343011856079,0.9767543077468872,0.9989393949508667,0.9746078252792358,0.9870940446853638,0.9720255732536316,0.976885974407196,0.9684616923332214,0.964199423789978,0.9646643400192261,0.9446786642074585,0.9612028002738953,0.9437226057052612,0.9572072625160217,0.9241830110549927,0.9524605870246887,0.9114651083946228,0.9472097754478455,0.9016980528831482,0.9418598413467407,0.881460428237915,0.9356172680854797,0.8629278540611267,0.9292159676551819,0.8449946641921997,0.923619270324707,0.8302674293518066,0.9161664247512817,0.8080615401268005,0.9090331196784973,0.7907257080078125,0.9036431908607483,0.7687257528305054,0.894939124584198,0.7554317116737366,0.8905139565467834,0.7414703369140625,0.8791214823722839,0.7249862551689148,0.8702016472816467,0.7035466432571411,0.8660215139389038,0.6892653703689575,0.8575168251991272,0.6715503334999084,0.8480219841003418,0.6551182270050049,0.836872398853302,0.6459341049194336,0.8289322853088379,0.6251996755599976,0.81610107421875,0.6153432726860046,0.8099135160446167,0.5988508462905884,0.8009689450263977,0.5860001444816589,0.7920645475387573,0.582675576210022,0.785667359828949,0.5665832161903381,0.7792037725448608,0.5625828504562378,0.769074022769928
cnn_wst efficient-thunder-86,cnn_wst,92,24,0.5408163070678711,6.033062163623981e-06,1.0109513998031616,0.999986469745636,1.0099904537200928,0.9999521970748901,1.0098706483840942,0.9999004602432251,1.0065193176269531,0.9998346567153931,1.009490728378296,0.9997720718383789,1.006494164466858,0.9996961951255798,1.0038338899612427,0.9995961785316467,1.0036451816558838,0.9994789958000183,1.0009101629257202,0.9994196891784668,0.9990876317024231,0.9992418885231018,1.0000669956207275,0.999057948589325,1.0024775266647339,0.9989444613456726,1.0034573078155518,0.9988992810249329,1.005009412765503,0.998608410358429,1.0082473754882812,0.998275101184845,1.006376028060913,0.9981092214584351,1.010773777961731,0.9980061650276184,1.0176118612289429,0.9975319504737854,1.0186935663223267,0.9973678588867188,1.0240557193756104,0.9968793988227844,1.0276837348937988,0.9964005351066589,1.0363011360168457,0.9959801435470581,1.0433748960494995,0.9955471754074097,1.051435112953186,0.9946826696395874,1.0536478757858276,0.9942606091499329,1.0591111183166504,0.9934308528900146,1.0616729259490967,0.9927828311920166,1.067281723022461,0.9917411804199219,1.0652486085891724,0.9908707141876221,1.0772384405136108,0.9893539547920227,1.0750517845153809,0.9884914755821228,1.0759402513504028,0.9872756600379944,1.0744197368621826,0.9854776263237,1.0764297246932983,0.9839195609092712,1.0778751373291016,0.9828048348426819,1.073245882987976,0.9812236428260803,1.0708967447280884,0.9786470532417297,1.0680992603302002,0.9767537713050842,1.0631330013275146,0.9749305248260498,1.0596120357513428,0.9723426103591919,1.0600700378417969,0.9706273674964905,1.0535807609558105,0.9676188230514526,1.044867992401123,0.9636974930763245,1.0369266271591187,0.9629353880882263,1.0293867588043213,0.9594891667366028,1.0238432884216309,0.9554548859596252,1.0190151929855347,0.9538071751594543,1.013299584388733,0.9503622055053711,1.00337553024292,0.947117030620575,1.002110481262207,0.944905161857605,0.9910876154899597,0.9409551024436951,0.9819895625114441,0.9362521171569824,0.9725963473320007,0.9334346055984497,0.9750643968582153,0.9299582839012146,0.9590479135513306,0.9258056879043579,0.9500281810760498,0.922338604927063,0.9465853571891785,0.918235719203949,0.9378997087478638,0.9137377142906189,0.9254617094993591,0.9123432040214539,0.9207170605659485,0.9079179763793945,0.9151071906089783,0.9047276377677917,0.9074954390525818,0.9012780785560608,0.902525782585144,0.8971981406211853
cnn_wst efficient-thunder-86,cnn_wst,92,37,0.7795918583869934,1.0070286407426465e-05,1.010796070098877,0.9999940991401672,1.0091074705123901,0.9999842047691345,1.0090755224227905,0.9999635219573975,1.0051021575927734,0.9999241828918457,1.0082111358642578,0.9998787641525269,1.0046051740646362,0.9998026490211487,1.00009286403656,0.9997616410255432,1.0009994506835938,0.9996542930603027,0.9975124001502991,0.9995797872543335,0.9937025308609009,0.9993417859077454,0.9941566586494446,0.9992030262947083,0.995834231376648,0.9989889860153198,0.9937286972999573,0.998853862285614,0.997512936592102,0.9985731840133667,0.9990060329437256,0.9980475902557373,0.9935733079910278,0.9978240728378296,0.9981876015663147,0.9974936246871948,1.0025714635849,0.9967677593231201,0.9978178143501282,0.9962401986122131,1.0003372430801392,0.9955824613571167,1.004029631614685,0.995103120803833,1.0064597129821777,0.9942206740379333,1.013841152191162,0.993419349193573,1.0190106630325317,0.9925463199615479,1.0173633098602295,0.9914720058441162,1.0242289304733276,0.9902628064155579,1.0281469821929932,0.9892637729644775,1.025786280632019,0.988266110420227,1.0277305841445923,0.9871940016746521,1.0361231565475464,0.9853296279907227,1.033514380455017,0.9838955998420715,1.0344722270965576,0.9826294779777527,1.0328158140182495,0.9809567928314209,1.0388100147247314,0.9781307578086853,1.0305581092834473,0.9771130084991455,1.0320086479187012,0.9761135578155518,1.0279078483581543,0.9731653928756714,1.023425817489624,0.9720809459686279,1.0234382152557373,0.9698678255081177,1.0145893096923828,0.9672791361808777,1.0182318687438965,0.9656339287757874,1.0164321660995483,0.9631167650222778,1.0002684593200684,0.9601089954376221,1.0003368854522705,0.9578524231910706,0.9884464144706726,0.9555530548095703,0.9974392056465149,0.9524931311607361,0.9837621450424194,0.9502620100975037,0.9754617810249329,0.9472147822380066,0.9706903696060181,0.9440704584121704,0.959131121635437,0.9413377642631531,0.9540510177612305,0.9389517307281494,0.9449453353881836,0.9351072907447815,0.9346091151237488,0.9321938753128052,0.9347577691078186,0.9274390339851379,0.929871141910553,0.9247409105300903,0.9182302355766296,0.9221072793006897,0.9101982116699219,0.917032778263092,0.9022511839866638,0.9135016798973083,0.903803288936615,0.9091103672981262,0.8895257711410522,0.9069703221321106,0.8903882503509521,0.9008735418319702,0.8843759298324585,0.8972609043121338,0.8701334595680237,0.8961809873580933
cnn_wst efficient-thunder-86,cnn_wst,92,49,1.0,1.3621542166220024e-05,1.0105838775634766,0.9999961256980896,1.00831139087677,0.9999869465827942,1.008260726928711,0.9999663233757019,1.0042226314544678,0.9999222755432129,1.0070610046386719,0.9998586773872375,1.002667784690857,0.9997580051422119,0.996826708316803,0.9996893405914307,0.9980568885803223,0.9995126128196716,0.9949888586997986,0.9994050860404968,0.9898880124092102,0.9990538954734802,0.98880535364151,0.998854398727417,0.9895153045654297,0.99852454662323,0.9856401681900024,0.9983096718788147,0.9889152646064758,0.9979486465454102,0.9897756576538086,0.9972161054611206,0.985812246799469,0.9967901110649109,0.9870264530181885,0.9964204430580139,0.9884264469146729,0.9954365491867065,0.9834047555923462,0.9945313930511475,0.984863817691803,0.9937711954116821,0.9858862161636353,0.9931129217147827,0.9828613996505737,0.9918789863586426,0.9857273697853088,0.9910778999328613,0.9901589751243591,0.9901965260505676,0.9865356683731079,0.9880810976028442,0.9908325672149658,0.9869126081466675,0.9947255849838257,0.9854036569595337,0.9857732653617859,0.9844099879264832,0.9891126751899719,0.9830289483070374,0.9931948184967041,0.9809721112251282,0.9918265342712402,0.9792205691337585,0.9911168217658997,0.9772993326187134,0.9963856935501099,0.975990355014801,0.9913272261619568,0.9725139737129211,0.9896056652069092,0.970678448677063,0.9911794662475586,0.9689376354217529,0.9828440546989441,0.9655771255493164,0.9760356545448303,0.9646778106689453,0.9736378788948059,0.9624754786491394,0.967011034488678,0.9588903188705444,0.9641602635383606,0.9562543034553528,0.96586674451828,0.9544162750244141,0.9491770267486572,0.9511638283729553,0.9435223340988159,0.948016881942749,0.9333378076553345,0.9461343288421631,0.9353243708610535,0.9440790414810181,0.9306675791740417,0.9382219314575195,0.9205389022827148,0.936335027217865,0.9100191593170166,0.9316405057907104,0.9033589363098145,0.9286712408065796,0.8973530530929565,0.9243575930595398,0.8926507830619812,0.9212515950202942,0.8819354772567749,0.9182320237159729,0.8697258830070496,0.9128215312957764,0.864858090877533,0.9105791449546814,0.8504481315612793,0.9068533182144165,0.8474565744400024,0.9005878567695618,0.8382615447044373,0.8969303965568542,0.8284709453582764,0.8926665782928467,0.8306635022163391,0.8883458375930786,0.8238571882247925,0.8830787539482117,0.814360499382019,0.8784551024436951,0.8037331700325012,0.8736671805381775
cnn_wst efficient-thunder-86,cnn_wst,93,0,0.10000000149011612,4.49510110911433e-07,1.0000048875808716,0.999857485294342,0.9992032647132874,0.9997033476829529,0.9985002279281616,0.9993235468864441,0.9975543022155762,0.9987581372261047,0.9963087439537048,0.9979449510574341,0.9941571950912476,0.9972168803215027,0.9927941560745239,0.9961937665939331,0.9900436997413635,0.9955618977546692,0.9877774119377136,0.9939611554145813,0.984951913356781,0.992415726184845,0.9805981516838074,0.9907627701759338,0.9773516058921814,0.9894629120826721,0.9733328819274902,0.9867696762084961,0.9690394997596741,0.9849602580070496,0.9635106921195984,0.9830799102783203,0.9576497673988342,0.9793857336044312,0.9507229328155518,0.978405237197876,0.9436560869216919,0.9755613803863525,0.9361804127693176,0.972768247127533,0.9283670783042908,0.9689368009567261,0.9183143973350525,0.9672154188156128,0.9096674919128418,0.9619802832603455,0.8998242616653442,0.959173321723938,0.8899348974227905,0.9554461240768433,0.8780708312988281,0.9503915905952454,0.8651944398880005,0.9463223814964294,0.8525628447532654,0.9429751634597778,0.8436580896377563,0.9379934072494507,0.8250344395637512,0.9343084692955017,0.8125945925712585,0.9265283942222595,0.8022434711456299,0.9224903583526611,0.7832688093185425,0.917287290096283,0.7650647163391113,0.9106552004814148,0.7505385875701904,0.9041134119033813,0.727851152420044,0.8965917229652405,0.718462347984314,0.8900196552276611,0.6966968774795532,0.8831292390823364,0.679107129573822,0.8765497803688049,0.6607820987701416,0.8659937381744385,0.6427560448646545,0.85955411195755,0.6280918121337891,0.849161684513092,0.6034838557243347,0.8394421935081482,0.5888858437538147,0.8335530161857605,0.5684414505958557,0.8202104568481445,0.5491534471511841,0.8102387189865112,0.5316252708435059,0.7959638237953186,0.5144054889678955,0.7864070534706116,0.4954282343387604,0.7687262892723083,0.47853249311447144,0.7577795386314392,0.4539863169193268,0.7396694421768188,0.4408329129219055,0.7256695628166199,0.42250576615333557,0.7123075723648071,0.40372031927108765,0.6991494297981262,0.38916829228401184,0.6728640794754028,0.3702234625816345,0.6560187339782715,0.35547205805778503,0.6362371444702148,0.34000542759895325,0.6194221377372742,0.324219673871994,0.5991795063018799,0.30601274967193604,0.5872313380241394,0.29328465461730957,0.5554170608520508,0.2822205126285553,0.5383211374282837,0.26681676506996155,0.5142674446105957,0.25493693351745605,0.5007026195526123
cnn_wst efficient-thunder-86,cnn_wst,93,12,0.3204081654548645,2.843580205080798e-06,1.0084046125411987,0.9999451041221619,1.0086225271224976,0.9998840093612671,1.0066875219345093,0.9997469186782837,1.005712866783142,0.9995319247245789,1.0049949884414673,0.9992631673812866,1.00372314453125,0.9989715218544006,1.00263512134552,0.9986612200737,0.9988702535629272,0.9984586834907532,0.9999358654022217,0.9980343580245972,0.9982882738113403,0.9975582361221313,0.9949305653572083,0.9971184134483337,0.9947178959846497,0.9967090487480164,0.9946706891059875,0.9961965680122375,0.9968875050544739,0.9956547021865845,0.99569171667099,0.9951845407485962,0.9963595271110535,0.9943126440048218,1.0002024173736572,0.9941993355751038,0.9964752793312073,0.9932317733764648,1.001227855682373,0.9931210279464722,1.0028557777404785,0.9919964075088501,1.006081223487854,0.9917176365852356,1.007063627243042,0.9908578395843506,1.0108397006988525,0.990039587020874,1.0087271928787231,0.9890521168708801,1.015637993812561,0.9877592921257019,1.0163321495056152,0.9867955446243286,1.014838695526123,0.9855510592460632,1.0123822689056396,0.9838288426399231,1.0110809803009033,0.9823997020721436,1.0041022300720215,0.9799898862838745,1.0036827325820923,0.9783201217651367,0.9971979856491089,0.9763793349266052,0.9879542589187622,0.9732669591903687,0.9842351078987122,0.970136284828186,0.9717862606048584,0.9671872854232788,0.95419842004776,0.9633130431175232,0.9462534785270691,0.9603359699249268,0.9326564073562622,0.9552386403083801,0.9198428988456726,0.9497773051261902,0.9063661098480225,0.9452770948410034,0.8932082056999207,0.9406661987304688,0.8730365633964539,0.9361092448234558,0.8550776839256287,0.9294576644897461,0.8333433866500854,0.9220176935195923,0.8191185593605042,0.9161652326583862,0.7998948097229004,0.9073964357376099,0.788797914981842,0.9030371308326721,0.7724511623382568,0.8957405090332031,0.748447835445404,0.8879934549331665,0.7329291105270386,0.8779397010803223,0.7184484601020813,0.8712221384048462,0.6918337345123291,0.8627332448959351,0.6850520372390747,0.8513780236244202,0.671827495098114,0.8445785641670227,0.6524015665054321,0.8345012068748474,0.6430678367614746,0.8257182240486145,0.6241500377655029,0.819485604763031,0.6084516048431396,0.8061938285827637,0.6016595363616943,0.8014023900032043,0.5823839902877808,0.7885408997535706,0.5716254711151123,0.7808257937431335,0.5587127208709717,0.7702173590660095,0.5530612468719482,0.7650839686393738
cnn_wst efficient-thunder-86,cnn_wst,93,24,0.5408163070678711,6.090063834562898e-06,1.0089375972747803,0.9999741315841675,1.0094736814498901,0.9999531507492065,1.0076184272766113,0.9999180436134338,1.005724310874939,0.9998396635055542,1.0055638551712036,0.9997654557228088,1.0042800903320312,0.9996591210365295,1.0040980577468872,0.9995384216308594,0.9996044635772705,0.9994828104972839,1.0026764869689941,0.9993678331375122,1.0018155574798584,0.9992099404335022,0.9985964894294739,0.9990950226783752,0.9972104430198669,0.9988950490951538,0.998393177986145,0.9987324476242065,1.0033936500549316,0.998510479927063,0.999214231967926,0.9983066916465759,1.0059925317764282,0.9980896711349487,1.0104005336761475,0.9978669285774231,1.0092869997024536,0.9973868131637573,1.0142542123794556,0.9970800876617432,1.0202070474624634,0.9968072175979614,1.023895502090454,0.9963899850845337,1.032326102256775,0.9958617687225342,1.0326087474822998,0.9955225586891174,1.0376131534576416,0.9945328235626221,1.0456905364990234,0.9940527081489563,1.0528063774108887,0.9935411214828491,1.0560401678085327,0.9924928545951843,1.055332064628601,0.9916893839836121,1.0606400966644287,0.9905093908309937,1.0640202760696411,0.9897119998931885,1.0636262893676758,0.9883444905281067,1.0603362321853638,0.9874143600463867,1.0636531114578247,0.9851796627044678,1.0655903816223145,0.984104573726654,1.0702391862869263,0.9827093482017517,1.0626060962677002,0.9805600643157959,1.065173864364624,0.9783950448036194,1.0618393421173096,0.976409375667572,1.0582387447357178,0.9746531248092651,1.053151249885559,0.9722860455513,1.0524669885635376,0.9695835113525391,1.0446183681488037,0.9671759605407715,1.0365711450576782,0.965526819229126,1.0329071283340454,0.962040901184082,1.0274306535720825,0.9590962529182434,1.0219616889953613,0.9563487768173218,1.0158730745315552,0.9530656337738037,1.0060334205627441,0.9497886896133423,0.9970827698707581,0.9460305571556091,0.9880741238594055,0.9434100985527039,0.982441246509552,0.9400574564933777,0.9761335849761963,0.9370880722999573,0.9675082564353943,0.9331488013267517,0.958570659160614,0.9290448427200317,0.9474390745162964,0.9233893156051636,0.9418551325798035,0.9222553372383118,0.9358053803443909,0.9167100787162781,0.9243525266647339,0.9141882658004761,0.9196280241012573,0.9093304872512817,0.9086968898773193,0.9048964381217957,0.9067213535308838,0.9033636450767517,0.8950063586235046,0.8998405933380127,0.8916898965835571,0.8948714733123779
cnn_wst efficient-thunder-86,cnn_wst,93,37,0.7795918583869934,1.0134932381333783e-05,1.0082756280899048,0.9999837875366211,1.0088802576065063,0.9999775290489197,1.0069324970245361,0.9999698400497437,1.0041192770004272,0.9999272227287292,1.004064679145813,0.9998891353607178,1.001933217048645,0.9998357892036438,1.0015596151351929,0.9997178316116333,0.9962205290794373,0.9996824264526367,0.9991863369941711,0.9995686411857605,0.9984239339828491,0.9994164109230042,0.992805004119873,0.9992824792861938,0.9902483224868774,0.9990692138671875,0.9888654947280884,0.998790442943573,0.9932321906089783,0.9986815452575684,0.9866151213645935,0.998165488243103,0.9936515092849731,0.9979291558265686,0.9949817657470703,0.9973519444465637,0.9944541454315186,0.9968625903129578,0.9944881796836853,0.996253490447998,0.9976769685745239,0.99575275182724,0.9986699819564819,0.9950147867202759,1.0065515041351318,0.9943255186080933,1.0045517683029175,0.9936796426773071,1.0079364776611328,0.9923518896102905,1.0101553201675415,0.9919216632843018,1.0155085325241089,0.990849494934082,1.0207525491714478,0.989615797996521,1.0096105337142944,0.9888380765914917,1.0222710371017456,0.9868936538696289,1.016459584236145,0.9856258630752563,1.015275478363037,0.9847635626792908,1.0172743797302246,0.9833644032478333,1.0121808052062988,0.9813787937164307,1.0116294622421265,0.9799078106880188,1.01085364818573,0.9782772660255432,1.0073872804641724,0.976487934589386,1.0007846355438232,0.9747692942619324,1.0020434856414795,0.9720768332481384,1.0014865398406982,0.9701728224754333,1.0004743337631226,0.9681965708732605,0.9951605200767517,0.9653328657150269,0.9951962232589722,0.9628221988677979,0.9803014993667603,0.9615533947944641,0.9816517233848572,0.9596086144447327,0.9750853776931763,0.9561918377876282,0.963431715965271,0.9536010026931763,0.9583359956741333,0.9511803388595581,0.9537630677223206,0.9484511017799377,0.947956919670105,0.9439545273780823,0.9441185593605042,0.943091094493866,0.9331237077713013,0.9389076828956604,0.9260265231132507,0.9350427985191345,0.9191697239875793,0.9319055080413818,0.9128302335739136,0.9296208620071411,0.9069712162017822,0.9254801869392395,0.9056097865104675,0.9234939813613892,0.8932324051856995,0.9186599254608154,0.8868706822395325,0.9148766994476318,0.8796842694282532,0.9104077816009521,0.8712785243988037,0.9081512093544006,0.8701127171516418,0.9046125411987305,0.8650244474411011,0.9002414345741272,0.8603497743606567,0.8970818519592285
cnn_wst efficient-thunder-86,cnn_wst,93,49,1.0,1.3712409781874157e-05,1.0077675580978394,0.9999872446060181,1.0083175897598267,0.9999832510948181,1.006377935409546,0.9999735355377197,1.0030437707901,0.9999261498451233,1.0025819540023804,0.9998695254325867,1.0002532005310059,0.999818742275238,0.9992755055427551,0.9996517300605774,0.9934278726577759,0.9995914697647095,0.9962098002433777,0.9994184374809265,0.9947934150695801,0.9992011189460754,0.988676905632019,0.9989725351333618,0.9851232767105103,0.9987137317657471,0.9823073744773865,0.9982643723487854,0.9842390418052673,0.9982117414474487,0.9780153036117554,0.9973365068435669,0.9825760722160339,0.997160792350769,0.9811595678329468,0.9962592124938965,0.9802470803260803,0.9956386089324951,0.977523922920227,0.9949333667755127,0.9762758612632751,0.9940282106399536,0.9790514707565308,0.9930188059806824,0.9826176762580872,0.9921712875366211,0.9797916412353516,0.9912068843841553,0.9784250855445862,0.9895666837692261,0.9811387062072754,0.9889469146728516,0.9818299412727356,0.9874920845031738,0.9875263571739197,0.9861466884613037,0.9744583964347839,0.985028088092804,0.9836722016334534,0.9827000498771667,0.9766122698783875,0.9810976386070251,0.978579044342041,0.9800112843513489,0.9781554341316223,0.9776709675788879,0.9750243425369263,0.9764878749847412,0.9718521237373352,0.9741235971450806,0.9672917723655701,0.9728119969367981,0.966357409954071,0.9702539443969727,0.9565854072570801,0.9680631756782532,0.9551311731338501,0.9660972952842712,0.9514113068580627,0.9630107879638672,0.946808397769928,0.9608456492424011,0.9402302503585815,0.9570359587669373,0.9347392320632935,0.9537633061408997,0.9278228878974915,0.9526925086975098,0.9263860583305359,0.9488974213600159,0.9181938767433167,0.9458678364753723,0.9064849019050598,0.9437147378921509,0.9046667218208313,0.9402989745140076,0.9002739787101746,0.9372482299804688,0.8873506784439087,0.9336358904838562,0.876858651638031,0.9295207262039185,0.8723702430725098,0.926551103591919,0.8608189225196838,0.922864556312561,0.8519232869148254,0.9176928400993347,0.8484475612640381,0.9143136143684387,0.8402355313301086,0.9102868437767029,0.8312835693359375,0.9068245887756348,0.8315451741218567,0.9013497829437256,0.8207476139068604,0.8967926502227783,0.8136423230171204,0.8918443322181702,0.8037643432617188,0.8881410360336304,0.8034840822219849,0.8834116458892822,0.7959294319152832,0.8794087171554565,0.7895534038543701,0.8759617805480957
cnn_wst efficient-thunder-86,cnn_wst,94,0,0.10000000149011612,4.482032522901136e-07,0.9999514818191528,0.9998354315757751,0.9992417693138123,0.9995860457420349,0.9984834790229797,0.9993689656257629,0.9979346990585327,0.9986333847045898,0.9962800145149231,0.9982312321662903,0.9947165250778198,0.9970706105232239,0.9927281141281128,0.996364414691925,0.990123987197876,0.9952675700187683,0.9873434901237488,0.9942419528961182,0.9851272702217102,0.9927186965942383,0.9809603095054626,0.9907021522521973,0.9773746728897095,0.9895212054252625,0.9716223478317261,0.9869663715362549,0.9675472974777222,0.9851752519607544,0.9634652733802795,0.9835324883460999,0.9585186243057251,0.9799720644950867,0.9513327479362488,0.9783840179443359,0.9427648782730103,0.9750643968582153,0.937465250492096,0.9718291759490967,0.927898108959198,0.9689129590988159,0.9217806458473206,0.9658113718032837,0.9113248586654663,0.9622213244438171,0.898958683013916,0.9592453837394714,0.8899697661399841,0.9563854336738586,0.8792324662208557,0.9515724778175354,0.8684963583946228,0.9477338790893555,0.8547488451004028,0.944641649723053,0.8407467007637024,0.9375495910644531,0.8304150104522705,0.9332584738731384,0.81569504737854,0.9273579120635986,0.8006278872489929,0.9239721894264221,0.7828689217567444,0.9177441000938416,0.7704312205314636,0.9118614792823792,0.750691294670105,0.9041194319725037,0.7357259392738342,0.8972087502479553,0.7226244807243347,0.8907160758972168,0.7027272582054138,0.885038435459137,0.6813526749610901,0.8732763528823853,0.6678379774093628,0.8680804371833801,0.644586443901062,0.8600402474403381,0.6319537162780762,0.8495146036148071,0.6119451522827148,0.8428027033805847,0.5920318365097046,0.8319182991981506,0.5701913833618164,0.820054829120636,0.5531237125396729,0.8089134097099304,0.5339735746383667,0.7939882874488831,0.5221955180168152,0.78581702709198,0.5042696595191956,0.7700890898704529,0.48134517669677734,0.7621995210647583,0.4636181890964508,0.7418280839920044,0.437930166721344,0.7243133187294006,0.42739149928092957,0.7099916934967041,0.4081500768661499,0.69569993019104,0.3966516852378845,0.6698717474937439,0.3764709234237671,0.6573897004127502,0.3586122989654541,0.6375198364257812,0.3431275188922882,0.6197394132614136,0.32907235622406006,0.6004568338394165,0.31142356991767883,0.577031135559082,0.2947155237197876,0.5553021430969238,0.28909653425216675,0.5395491123199463,0.2739720344543457,0.5219076871871948,0.2632289230823517,0.49857965111732483
cnn_wst efficient-thunder-86,cnn_wst,94,12,0.3204081654548645,2.762152234936366e-06,1.0105338096618652,0.9999473094940186,1.0095895528793335,0.9998511672019958,1.0118663311004639,0.9997807741165161,1.0094925165176392,0.9995262026786804,1.0080618858337402,0.9994493126869202,1.0079066753387451,0.9990566372871399,1.005088210105896,0.9988559484481812,1.0010703802108765,0.9984839558601379,1.0014653205871582,0.9983440637588501,1.001865029335022,0.9979011416435242,0.9984900951385498,0.9975298643112183,1.0005236864089966,0.9971196055412292,0.9975537657737732,0.9966326951980591,0.9995113611221313,0.9962354898452759,1.0037274360656738,0.9959498643875122,1.0051937103271484,0.9953150749206543,1.006588101387024,0.9949525594711304,1.0046857595443726,0.9943098425865173,1.0096198320388794,0.9937098026275635,1.0131251811981201,0.9933794140815735,1.0169326066970825,0.9928160905838013,1.019291877746582,0.9919344186782837,1.0243340730667114,0.9914572834968567,1.0274195671081543,0.9908029437065125,1.0261905193328857,0.9895821213722229,1.0298357009887695,0.9885600805282593,1.032461166381836,0.9874211549758911,1.0304402112960815,0.9859411716461182,1.0305978059768677,0.9842646718025208,1.0251058340072632,0.9827460050582886,1.02609384059906,0.9813810586929321,1.0162099599838257,0.9786131381988525,1.0167558193206787,0.9755765795707703,1.006593108177185,0.9727605581283569,0.9931436777114868,0.9703019261360168,0.987527072429657,0.9671226739883423,0.9732330441474915,0.962787389755249,0.9617379903793335,0.9588053226470947,0.9417098164558411,0.9542393088340759,0.9265550971031189,0.9493933916091919,0.9199546575546265,0.9449801445007324,0.9006667733192444,0.9378589391708374,0.8811628222465515,0.9335841536521912,0.8663290739059448,0.9263595938682556,0.849513590335846,0.920512318611145,0.8262671232223511,0.913098931312561,0.8115590810775757,0.9064727425575256,0.7998450398445129,0.8995591998100281,0.7771915197372437,0.8917845487594604,0.7545623779296875,0.8813686966896057,0.7384321093559265,0.8745937943458557,0.7191035151481628,0.8669617772102356,0.703911542892456,0.8589052557945251,0.6925313472747803,0.851081132888794,0.6727195978164673,0.8417584896087646,0.6559301614761353,0.8348374962806702,0.6382848024368286,0.8234778642654419,0.6291046738624573,0.8144079446792603,0.6137658953666687,0.8054804801940918,0.6075384020805359,0.7971817255020142,0.5900328755378723,0.7885398268699646,0.582345187664032,0.7789639830589294,0.5707521438598633,0.7751514315605164
cnn_wst efficient-thunder-86,cnn_wst,94,24,0.5408163070678711,5.92609785599052e-06,1.0128953456878662,0.9999830722808838,1.0114009380340576,0.9999553561210632,1.0146600008010864,0.9999298453330994,1.0114500522613525,0.9998646378517151,1.0107301473617554,0.9998287558555603,1.011023759841919,0.9997583627700806,1.0083147287368774,0.9996877908706665,1.0028387308120728,0.9994988441467285,1.0049246549606323,0.99949711561203,1.0041638612747192,0.9993337392807007,1.0024031400680542,0.9992397427558899,1.0053106546401978,0.9990442395210266,1.004049301147461,0.9989291429519653,1.0060837268829346,0.9987177848815918,1.0093432664871216,0.9984701871871948,1.0112292766571045,0.9984135031700134,1.0154067277908325,0.998132050037384,1.0204756259918213,0.997654914855957,1.0265564918518066,0.9974478483200073,1.0331943035125732,0.9970723390579224,1.0355852842330933,0.9964154362678528,1.0410118103027344,0.9957667589187622,1.0496835708618164,0.9953308701515198,1.0535180568695068,0.9947496056556702,1.063122272491455,0.9941620230674744,1.062397837638855,0.9930923581123352,1.0719186067581177,0.9923760890960693,1.082686185836792,0.9912437200546265,1.0855565071105957,0.9901989102363586,1.0868393182754517,0.9888498783111572,1.0867880582809448,0.9878671169281006,1.096634030342102,0.9865922927856445,1.0983549356460571,0.9850712418556213,1.0965372323989868,0.9832485914230347,1.0965503454208374,0.9816780090332031,1.0927040576934814,0.9801839590072632,1.0925441980361938,0.9772970676422119,1.0916948318481445,0.9758790135383606,1.0881372690200806,0.9735320210456848,1.084842324256897,0.9707139730453491,1.0828746557235718,0.968840479850769,1.0825965404510498,0.9653776288032532,1.0631753206253052,0.963434100151062,1.0727179050445557,0.9604389667510986,1.0532548427581787,0.9574110507965088,1.0595401525497437,0.9544241428375244,1.04697847366333,0.9511480927467346,1.0407018661499023,0.9472941756248474,1.0324187278747559,0.9441698789596558,1.0276665687561035,0.9402026534080505,1.0185438394546509,0.9375408291816711,1.011968970298767,0.9339599609375,1.0008023977279663,0.931581437587738,0.9897156953811646,0.9266170859336853,0.9900457262992859,0.922928512096405,0.9787648916244507,0.9183013439178467,0.9746569395065308,0.9152663350105286,0.9596177935600281,0.9108034372329712,0.9529680609703064,0.9082048535346985,0.9482620358467102,0.905135452747345,0.9414737820625305,0.9011006355285645,0.9340495467185974,0.8981855511665344,0.9259602427482605,0.8964130878448486
cnn_wst efficient-thunder-86,cnn_wst,94,37,0.7795918583869934,9.962143849406857e-06,1.012712001800537,0.9999938607215881,1.0111048221588135,0.9999813437461853,1.0139961242675781,0.9999625086784363,1.0100144147872925,0.9999296069145203,1.00983726978302,0.9998616576194763,1.0093770027160645,0.9998295307159424,1.0069407224655151,0.9997377991676331,0.999716579914093,0.9995471835136414,1.0017125606536865,0.9994441270828247,0.9980243444442749,0.9992401599884033,0.9985371828079224,0.999029815196991,0.9983202815055847,0.9987384080886841,0.9941487908363342,0.9984638094902039,0.995129406452179,0.9981458783149719,0.9988977909088135,0.9975794553756714,0.993019700050354,0.9971359372138977,0.9959334135055542,0.9967560768127441,1.0030263662338257,0.9960008263587952,1.001291275024414,0.9953553676605225,1.0054328441619873,0.9946115612983704,1.0081076622009277,0.9935661554336548,1.0087295770645142,0.992189347743988,1.0114030838012695,0.991534411907196,1.0132240056991577,0.9904442429542542,1.0211710929870605,0.9893004298210144,1.0159568786621094,0.9881616830825806,1.0235188007354736,0.9867556095123291,1.03153395652771,0.9857109189033508,1.0307581424713135,0.9839741587638855,1.027551293373108,0.9818518757820129,1.0337333679199219,0.9797073006629944,1.0357633829116821,0.9786422252655029,1.0324546098709106,0.9768757224082947,1.0367645025253296,0.9749240875244141,1.0308983325958252,0.9731130003929138,1.0345087051391602,0.970901370048523,1.029258370399475,0.9682760834693909,1.0248057842254639,0.965941846370697,1.0176026821136475,0.9631267189979553,1.0185167789459229,0.9602181315422058,1.0110127925872803,0.9590259790420532,1.0069820880889893,0.9555132389068604,1.00020432472229,0.9528712630271912,0.9946976900100708,0.9494149088859558,0.987564206123352,0.9467119574546814,0.9787507057189941,0.9441555738449097,0.967904806137085,0.9408644437789917,0.9619807600975037,0.9365692138671875,0.9593135118484497,0.9334756731987,0.9510165452957153,0.9307559132575989,0.9409453272819519,0.9269276261329651,0.9375883340835571,0.9245875477790833,0.9187180399894714,0.9206347465515137,0.912983238697052,0.917679488658905,0.913887619972229,0.91200190782547,0.9066740274429321,0.9088615775108337,0.899771511554718,0.905541181564331,0.9004248976707458,0.9021841287612915,0.8930983543395996,0.899534285068512,0.8746808171272278,0.8929581642150879,0.8668658137321472,0.8904783725738525,0.8542035222053528,0.8858062028884888,0.8579643368721008,0.882785975933075
cnn_wst efficient-thunder-86,cnn_wst,94,49,1.0,1.3551836673286743e-05,1.0122555494308472,0.9999959468841553,1.010557770729065,0.9999784827232361,1.013051152229309,0.9999538064002991,1.0087429285049438,0.9998967051506042,1.0089130401611328,0.9997928142547607,1.0082498788833618,0.999701976776123,1.0062302350997925,0.9995478391647339,0.9980179667472839,0.9993222951889038,0.9996626973152161,0.9990817904472351,0.9942107200622559,0.998763382434845,0.9960071444511414,0.9984087347984314,0.9941001534461975,0.9980013370513916,0.9880788326263428,0.9975229501724243,0.9884681701660156,0.9970411658287048,0.9928123354911804,0.9962438344955444,0.9833670854568481,0.9952594637870789,0.9875298738479614,0.994796633720398,0.9915924072265625,0.99388188123703,0.9883539080619812,0.992819607257843,0.9900185465812683,0.9915564060211182,0.9903792142868042,0.9903125762939453,0.9910313487052917,0.9887912273406982,0.9922218918800354,0.9876053333282471,0.9922951459884644,0.9858430027961731,0.9938071370124817,0.984634280204773,0.989619255065918,0.9830752015113831,0.9971201419830322,0.981290876865387,0.9971581101417542,0.9796679615974426,0.9950686693191528,0.9779064655303955,0.9941697120666504,0.9757646918296814,1.00071120262146,0.9729970693588257,0.9955704212188721,0.9708739519119263,0.9942086338996887,0.9689764976501465,0.9931682348251343,0.9674904942512512,0.9887778162956238,0.9646937847137451,0.9946675300598145,0.9625553488731384,0.9858335256576538,0.9594445824623108,0.9842211604118347,0.9563090205192566,0.9746401906013489,0.9539917707443237,0.9743525981903076,0.9505664706230164,0.9744479656219482,0.9483287930488586,0.9592535495758057,0.9458781480789185,0.9603051543235779,0.9419422149658203,0.9569388031959534,0.9389066696166992,0.9485272169113159,0.9354891777038574,0.940680742263794,0.9323208928108215,0.9267774224281311,0.9287702441215515,0.9275635480880737,0.9243972897529602,0.9210806488990784,0.9210834503173828,0.9054097533226013,0.9169446229934692,0.8905124664306641,0.9116052985191345,0.8920007348060608,0.9096646308898926,0.8812114000320435,0.9043046236038208,0.8674286603927612,0.9008694291114807,0.8600308895111084,0.894879162311554,0.8487919569015503,0.8907975554466248,0.8492178916931152,0.8846371173858643,0.8389136791229248,0.8816249370574951,0.837937593460083,0.8783233165740967,0.8312718272209167,0.8717054724693298,0.8163936138153076,0.8674869537353516,0.8171052932739258,0.8609292507171631,0.809751033782959,0.8566898107528687
