run,model_type,sim_id,snap_idx,a,pos_mse,pk_ratio_k0.0245,cross_corr_k0.0245,pk_ratio_k0.0491,cross_corr_k0.0491,pk_ratio_k0.0736,cross_corr_k0.0736,pk_ratio_k0.0982,cross_corr_k0.0982,pk_ratio_k0.1227,cross_corr_k0.1227,pk_ratio_k0.1473,cross_corr_k0.1473,pk_ratio_k0.1718,cross_corr_k0.1718,pk_ratio_k0.1963,cross_corr_k0.1963,pk_ratio_k0.2209,cross_corr_k0.2209,pk_ratio_k0.2454,cross_corr_k0.2454,pk_ratio_k0.2700,cross_corr_k0.2700,pk_ratio_k0.2945,cross_corr_k0.2945,pk_ratio_k0.3191,cross_corr_k0.3191,pk_ratio_k0.3436,cross_corr_k0.3436,pk_ratio_k0.3682,cross_corr_k0.3682,pk_ratio_k0.3927,cross_corr_k0.3927,pk_ratio_k0.4172,cross_corr_k0.4172,pk_ratio_k0.4418,cross_corr_k0.4418,pk_ratio_k0.4663,cross_corr_k0.4663,pk_ratio_k0.4909,cross_corr_k0.4909,pk_ratio_k0.5154,cross_corr_k0.5154,pk_ratio_k0.5400,cross_corr_k0.5400,pk_ratio_k0.5645,cross_corr_k0.5645,pk_ratio_k0.5890,cross_corr_k0.5890,pk_ratio_k0.6136,cross_corr_k0.6136,pk_ratio_k0.6381,cross_corr_k0.6381,pk_ratio_k0.6627,cross_corr_k0.6627,pk_ratio_k0.6872,cross_corr_k0.6872,pk_ratio_k0.7118,cross_corr_k0.7118,pk_ratio_k0.7363,cross_corr_k0.7363,pk_ratio_k0.7609,cross_corr_k0.7609,pk_ratio_k0.7854,cross_corr_k0.7854,pk_ratio_k0.8099,cross_corr_k0.8099,pk_ratio_k0.8345,cross_corr_k0.8345,pk_ratio_k0.8590,cross_corr_k0.8590,pk_ratio_k0.8836,cross_corr_k0.8836,pk_ratio_k0.9081,cross_corr_k0.9081,pk_ratio_k0.9327,cross_corr_k0.9327,pk_ratio_k0.9572,cross_corr_k0.9572,pk_ratio_k0.9817,cross_corr_k0.9817,pk_ratio_k1.0063,cross_corr_k1.0063,pk_ratio_k1.0308,cross_corr_k1.0308,pk_ratio_k1.0554,cross_corr_k1.0554,pk_ratio_k1.0799,cross_corr_k1.0799,pk_ratio_k1.1045,cross_corr_k1.1045,pk_ratio_k1.1290,cross_corr_k1.1290,pk_ratio_k1.1536,cross_corr_k1.1536,pk_ratio_k1.1781,cross_corr_k1.1781,pk_ratio_k1.2026,cross_corr_k1.2026,pk_ratio_k1.2272,cross_corr_k1.2272,pk_ratio_k1.2517,cross_corr_k1.2517,pk_ratio_k1.2763,cross_corr_k1.2763,pk_ratio_k1.3008,cross_corr_k1.3008,pk_ratio_k1.3254,cross_corr_k1.3254,pk_ratio_k1.3499,cross_corr_k1.3499,pk_ratio_k1.3744,cross_corr_k1.3744,pk_ratio_k1.3990,cross_corr_k1.3990,pk_ratio_k1.4235,cross_corr_k1.4235,pk_ratio_k1.4481,cross_corr_k1.4481,pk_ratio_k1.4726,cross_corr_k1.4726,pk_ratio_k1.4972,cross_corr_k1.4972,pk_ratio_k1.5217,cross_corr_k1.5217,pk_ratio_k1.5463,cross_corr_k1.5463
LR (baseline),baseline,90,0,0.10000000149011612,4.493977598940546e-07,0.999625563621521,0.9998854398727417,0.9990618824958801,0.9997053742408752,0.9986515641212463,0.9992582201957703,0.9980440139770508,0.9987937808036804,0.9962612390518188,0.9981730580329895,0.994271457195282,0.9970651268959045,0.9929865598678589,0.9962757229804993,0.991117537021637,0.9951550364494324,0.9883243441581726,0.9938914179801941,0.9844130277633667,0.9919801950454712,0.9814525246620178,0.9905531406402588,0.9770862460136414,0.9892802834510803,0.973902702331543,0.9870645403862,0.966852068901062,0.9851994514465332,0.9633336663246155,0.982093334197998,0.9581326246261597,0.9804782867431641,0.9516067504882812,0.9778316020965576,0.9416736960411072,0.97565096616745,0.9343875050544739,0.973608136177063,0.9278398752212524,0.9696335792541504,0.9203420281410217,0.9658867716789246,0.9090486168861389,0.962615966796875,0.9001143574714661,0.9581437110900879,0.8903123140335083,0.9555724263191223,0.8770973086357117,0.9515647888183594,0.8680796027183533,0.9489697813987732,0.8538557291030884,0.9426079988479614,0.8439573049545288,0.9375445246696472,0.8280668258666992,0.9325370192527771,0.8141359686851501,0.928618848323822,0.7987412214279175,0.9233177900314331,0.7830949425697327,0.9168742895126343,0.7675577998161316,0.9117805361747742,0.7530720233917236,0.9031564593315125,0.732916533946991,0.8972405791282654,0.7173622250556946,0.8895063996315002,0.7000720500946045,0.8817972540855408,0.6817085146903992,0.8761683106422424,0.6674861907958984,0.8690659403800964,0.6459514498710632,0.8621163368225098,0.6276234984397888,0.8506776094436646,0.6103745102882385,0.8406914472579956,0.5932692289352417,0.8298653960227966,0.5677489638328552,0.8194336891174316,0.5569738149642944,0.8076527118682861,0.5368788242340088,0.7975851893424988,0.5120581388473511,0.7872161865234375,0.4934205710887909,0.7697192430496216,0.48313018679618835,0.7558954954147339,0.4593248963356018,0.7390406131744385,0.4405147433280945,0.7262314558029175,0.4272250235080719,0.7128156423568726,0.40599924325942993,0.6902670860290527,0.39305993914604187,0.6735788583755493,0.3729792833328247,0.6577274799346924,0.3564891219139099,0.6389331221580505,0.3435508906841278,0.6142915487289429,0.32658660411834717,0.599304735660553,0.31067967414855957,0.578056275844574,0.29860153794288635,0.5565348267555237,0.28189805150032043,0.5291658043861389,0.2734791040420532,0.5134270191192627,0.26183032989501953,0.49552682042121887
LR (baseline),baseline,90,12,0.3204081654548645,4.5797910388500895e-06,0.9991183280944824,0.9998871088027954,0.9975572228431702,0.9997052550315857,0.995728611946106,0.9992554783821106,0.9935570359230042,0.9987890124320984,0.9887396097183228,0.9981902837753296,0.9844280481338501,0.9970826506614685,0.9797873497009277,0.9963136911392212,0.9730216860771179,0.995076596736908,0.966228187084198,0.993934690952301,0.9571861624717712,0.9919270277023315,0.9482974410057068,0.9904364347457886,0.9361593723297119,0.9887070059776306,0.9299564957618713,0.9869733452796936,0.915255069732666,0.984990656375885,0.9067133665084839,0.9819655418395996,0.8971892595291138,0.9803382754325867,0.8813029527664185,0.9772515296936035,0.8652925491333008,0.9748942852020264,0.8523015379905701,0.972217857837677,0.838079035282135,0.9690706133842468,0.8250591158866882,0.964953601360321,0.8056843280792236,0.9613229632377625,0.7921384572982788,0.9571187496185303,0.7775650024414062,0.9525817632675171,0.7588480114936829,0.9497989416122437,0.7435197234153748,0.9466724991798401,0.7279800772666931,0.9394606351852417,0.7102905511856079,0.9352865219116211,0.6934893131256104,0.9304369688034058,0.6778092980384827,0.9238784909248352,0.6621909737586975,0.9186120629310608,0.6443480253219604,0.9123570919036865,0.6311920881271362,0.9061066508293152,0.6107871532440186,0.8979265093803406,0.5942728519439697,0.8932957649230957,0.584121823310852,0.8853894472122192,0.5654518008232117,0.8764728903770447,0.554190993309021,0.8710476756095886,0.539249062538147,0.8636013269424438,0.5240542888641357,0.8553729057312012,0.5077605247497559,0.8478341102600098,0.4963345527648926,0.837554931640625,0.4835529625415802,0.8257052898406982,0.4680982828140259,0.8181520104408264,0.458097368478775,0.8098507523536682,0.4438125193119049,0.7991473078727722,0.43138182163238525,0.7893972396850586,0.4170261323451996,0.7775560617446899,0.40730005502700806,0.7648894190788269,0.3953973352909088,0.7537394165992737,0.3805178701877594,0.744817852973938,0.37283092737197876,0.7306118011474609,0.36134302616119385,0.7199697494506836,0.3502715229988098,0.705977201461792,0.34075936675071716,0.6954303979873657,0.32837602496147156,0.6822949051856995,0.317554771900177,0.6683347821235657,0.3082757294178009,0.654585599899292,0.29803672432899475,0.6389486193656921,0.2901785969734192,0.6245641112327576,0.2828107178211212,0.6173141598701477,0.2756025791168213,0.6079182624816895,0.2674402594566345,0.587439775466919
LR (baseline),baseline,90,24,0.5408163070678711,1.2417758625815623e-05,0.9990867376327515,0.9998884201049805,0.9975035786628723,0.9997047781944275,0.9956017136573792,0.9992548227310181,0.9935389161109924,0.9987784028053284,0.9888069033622742,0.9981971979141235,0.9853724241256714,0.9971129894256592,0.9806521534919739,0.9963350296020508,0.9739619493484497,0.9949910640716553,0.9684674739837646,0.9939945936203003,0.9605608582496643,0.9916471838951111,0.952301561832428,0.9905471801757812,0.9407311081886292,0.9883514046669006,0.9371432662010193,0.9867676496505737,0.922076404094696,0.9845927953720093,0.9174918532371521,0.9817737936973572,0.9089075326919556,0.9796475172042847,0.8959653377532959,0.9765544533729553,0.8827856183052063,0.9733806848526001,0.8752241134643555,0.9707508087158203,0.8654329180717468,0.9678753018379211,0.8498983979225159,0.9633828401565552,0.8394043445587158,0.9595561027526855,0.8316468596458435,0.9554269909858704,0.8186233639717102,0.9503915905952454,0.8052778840065002,0.9475540518760681,0.7897114753723145,0.9438251852989197,0.7799155712127686,0.9357505440711975,0.7700115442276001,0.9309876561164856,0.7585359215736389,0.9274649620056152,0.7422910928726196,0.9205911159515381,0.7382760643959045,0.9158929586410522,0.7242913246154785,0.908879280090332,0.7139379382133484,0.9024425745010376,0.6999189853668213,0.896359920501709,0.6935842633247375,0.8879047632217407,0.6875110864639282,0.8833724856376648,0.6737065315246582,0.8746654987335205,0.6651899218559265,0.869370698928833,0.6552333831787109,0.8606208562850952,0.6472899317741394,0.8483916521072388,0.635004997253418,0.8427402973175049,0.6296920776367188,0.8351650834083557,0.6175199151039124,0.8249506950378418,0.6154929995536804,0.8170833587646484,0.6069546937942505,0.8070994019508362,0.599901556968689,0.7965749502182007,0.5897102952003479,0.7918735146522522,0.5767664313316345,0.7789952158927917,0.5730801224708557,0.7695102095603943,0.5635082125663757,0.757436215877533,0.556780219078064,0.7493274211883545,0.5485215783119202,0.7356321811676025,0.5471777319908142,0.7264869213104248,0.5366024374961853,0.7153081297874451,0.5269203186035156,0.7060889005661011,0.5216752886772156,0.6982444524765015,0.5111891627311707,0.6831393837928772,0.5040636658668518,0.6733046770095825,0.49938735365867615,0.6616499423980713,0.4895600974559784,0.6564586162567139,0.48411718010902405,0.6401800513267517,0.4880134165287018,0.6324540376663208,0.47324973344802856,0.6172186136245728
LR (baseline),baseline,90,37,0.7795918583869934,2.1658343030139804e-05,0.9991655349731445,0.9998893737792969,0.9978259801864624,0.9997045397758484,0.9960782527923584,0.9992575645446777,0.9945506453514099,0.9987649321556091,0.9906362295150757,0.9981951713562012,0.988494873046875,0.997156023979187,0.9846997857093811,0.9963558316230774,0.9789355993270874,0.9949470162391663,0.9747976064682007,0.9940536022186279,0.9695295095443726,0.991366982460022,0.9625509977340698,0.9906300902366638,0.9533749222755432,0.9882581233978271,0.9524237513542175,0.9866768717765808,0.9388693571090698,0.9843962788581848,0.9372141361236572,0.981788158416748,0.9291155934333801,0.9792500734329224,0.9218050837516785,0.9762374758720398,0.9096013307571411,0.9727119207382202,0.9076644778251648,0.9699182510375977,0.8983269929885864,0.9669294357299805,0.885800838470459,0.9623925685882568,0.882344126701355,0.9587539434432983,0.8779276609420776,0.9532037973403931,0.8675392866134644,0.9488996267318726,0.8576789498329163,0.9448793530464172,0.8463481068611145,0.9418933391571045,0.8373686671257019,0.9348185062408447,0.8341588973999023,0.9296523928642273,0.8254111409187317,0.9244242310523987,0.8103543519973755,0.916638970375061,0.8053551316261292,0.9128959774971008,0.7990800142288208,0.9056186079978943,0.7858275175094604,0.9002320170402527,0.7856624722480774,0.8930845856666565,0.7753768563270569,0.8887349963188171,0.768825352191925,0.8804205060005188,0.7574001550674438,0.873276948928833,0.7510306239128113,0.8675689697265625,0.7469316720962524,0.8596149682998657,0.7421268224716187,0.8508800268173218,0.7351816296577454,0.8428001999855042,0.7287821769714355,0.8338279128074646,0.7211536169052124,0.8257941603660583,0.7077596783638,0.8173491358757019,0.7047061324119568,0.8080387711524963,0.7044599652290344,0.7990474700927734,0.6996640563011169,0.7888143658638,0.6864212155342102,0.7777401804924011,0.6812865734100342,0.7692570686340332,0.6719174981117249,0.7563852667808533,0.6659187078475952,0.7440268993377686,0.6640880703926086,0.7401072382926941,0.6536645293235779,0.7263103127479553,0.643774688243866,0.716137707233429,0.6417856216430664,0.7047587037086487,0.6418368220329285,0.6932365298271179,0.635801374912262,0.6878032684326172,0.6264817714691162,0.6712052822113037,0.6209287047386169,0.6581732034683228,0.6182575225830078,0.6484684944152832,0.6138914227485657,0.6381997466087341,0.6123297810554504,0.6241692304611206,0.5951921939849854,0.6168354749679565
LR (baseline),baseline,90,49,1.0,2.8813212338718586e-05,0.9991999268531799,0.9998899698257446,0.9979792237281799,0.9997052550315857,0.9963069558143616,0.9992592334747314,0.9951661825180054,0.998754620552063,0.9913448691368103,0.9981867671012878,0.9898077845573425,0.9971870183944702,0.9863452315330505,0.9963718056678772,0.9816083908081055,0.9949314594268799,0.9779214859008789,0.9940778613090515,0.9725278615951538,0.9912664890289307,0.9664930105209351,0.9906269311904907,0.9581704139709473,0.9882971048355103,0.9587129354476929,0.9867820143699646,0.9468361735343933,0.984281063079834,0.9457330703735352,0.9818162322044373,0.9373337626457214,0.9792010188102722,0.9312503933906555,0.9765036702156067,0.9206792712211609,0.9728825092315674,0.9202480912208557,0.9703304171562195,0.9092762470245361,0.9669936299324036,0.9002176523208618,0.9626509547233582,0.8964544534683228,0.9594964385032654,0.8906570076942444,0.9527530670166016,0.8825949430465698,0.9492583274841309,0.8748630881309509,0.9446386098861694,0.8649282455444336,0.9413979649543762,0.8559330701828003,0.9359503388404846,0.853252112865448,0.9314121603965759,0.8433576226234436,0.9240490198135376,0.8318278789520264,0.9186453819274902,0.8255549669265747,0.9130530953407288,0.8185663223266602,0.906376302242279,0.804171621799469,0.9016431570053101,0.8046050667762756,0.8918675780296326,0.7950968742370605,0.8893610835075378,0.7846981287002563,0.8811757564544678,0.7804606556892395,0.8713591694831848,0.7683488726615906,0.8673430681228638,0.765025794506073,0.861242949962616,0.7592930793762207,0.8526636362075806,0.7488476037979126,0.8447467088699341,0.7465524673461914,0.8361480236053467,0.7342420220375061,0.8309280872344971,0.7274469137191772,0.8218777179718018,0.7240854501724243,0.8132975101470947,0.7161135077476501,0.8052904605865479,0.7074640989303589,0.8000766634941101,0.6982749700546265,0.7900051474571228,0.6934001445770264,0.7828179597854614,0.6879403591156006,0.7690921425819397,0.6830220222473145,0.7613779306411743,0.6789830327033997,0.7492823004722595,0.6626026034355164,0.7390454411506653,0.6618180274963379,0.7294127941131592,0.6487544178962708,0.7203473448753357,0.645711362361908,0.7131460309028625,0.6371452808380127,0.702738344669342,0.6331197619438171,0.6878008246421814,0.6230774521827698,0.6749212145805359,0.6222943663597107,0.668982207775116,0.6187995076179504,0.6583777666091919,0.617531418800354,0.6472315192222595,0.6041405200958252,0.6392735242843628
LR (baseline),baseline,91,0,0.10000000149011612,4.520675247476902e-07,0.9996597170829773,0.9998193383216858,0.9992918372154236,0.9995726346969604,0.998455822467804,0.9990626573562622,0.9975647926330566,0.9985460042953491,0.9965086579322815,0.9979865550994873,0.9947656393051147,0.997263491153717,0.9925090074539185,0.9960390329360962,0.9908824563026428,0.9950868487358093,0.9879037737846375,0.993590772151947,0.984869122505188,0.992569625377655,0.9803509712219238,0.9914746880531311,0.9781330227851868,0.9890920519828796,0.9732068777084351,0.9870558381080627,0.9681717753410339,0.9852268695831299,0.9619938135147095,0.9833869338035583,0.9585216045379639,0.980609118938446,0.9507888555526733,0.9774342775344849,0.9441977739334106,0.9750790596008301,0.9377889633178711,0.9727152585983276,0.9269195199012756,0.9693148136138916,0.9192095398902893,0.9668503999710083,0.9112492203712463,0.9630548357963562,0.9008557796478271,0.958330512046814,0.8902458548545837,0.9550037384033203,0.8756667971611023,0.9516443014144897,0.8682917952537537,0.946635901927948,0.8540202975273132,0.9435628056526184,0.8423267006874084,0.9386904239654541,0.8276052474975586,0.9349479675292969,0.8136987686157227,0.9267578125,0.7989761233329773,0.9233009815216064,0.7815248370170593,0.9176591038703918,0.7697229981422424,0.910326361656189,0.7506244778633118,0.9031549096107483,0.734326183795929,0.8977109789848328,0.7219170928001404,0.8908028602600098,0.7001436948776245,0.8856353163719177,0.6853399872779846,0.8777282238006592,0.6657662987709045,0.8691727519035339,0.647102415561676,0.8574365973472595,0.6286420822143555,0.8510175943374634,0.6149420142173767,0.8418164253234863,0.5875608921051025,0.830110490322113,0.5713641047477722,0.8221835494041443,0.5544382929801941,0.8097807168960571,0.5367878079414368,0.7942990064620972,0.5187248587608337,0.7808578610420227,0.49748167395591736,0.7720088362693787,0.48036739230155945,0.7594056129455566,0.46082761883735657,0.7442288994789124,0.44579315185546875,0.7286390066146851,0.4241923391819,0.7106135487556458,0.4073353111743927,0.6966645121574402,0.3873941898345947,0.6698004603385925,0.3763370215892792,0.6542673707008362,0.355753630399704,0.6358237862586975,0.34420081973075867,0.6174818873405457,0.3263348639011383,0.5967157483100891,0.31143465638160706,0.5754929780960083,0.30129557847976685,0.5546326041221619,0.28082478046417236,0.5391968488693237,0.2705077528953552,0.516913890838623,0.2615337371826172,0.49891605973243713
LR (baseline),baseline,91,12,0.3204081654548645,4.600749889505096e-06,0.9991024136543274,0.9998197555541992,0.9977142214775085,0.9995715022087097,0.9955845475196838,0.9990653395652771,0.9928987622261047,0.9985854625701904,0.9894058704376221,0.997909665107727,0.9841783046722412,0.9972487092018127,0.978321373462677,0.9961004853248596,0.9729689955711365,0.9950633645057678,0.9663798213005066,0.9933491349220276,0.9574735164642334,0.9925795197486877,0.9482133984565735,0.9911739826202393,0.9406620860099792,0.9889146089553833,0.9290090203285217,0.986678957939148,0.9174003601074219,0.9850461483001709,0.9049683213233948,0.982818067073822,0.8958101272583008,0.9806032776832581,0.8816583156585693,0.9773139953613281,0.8689050674438477,0.9741349816322327,0.8553919196128845,0.9716411828994751,0.8352630734443665,0.9676434993743896,0.8221365213394165,0.9656236171722412,0.8059671521186829,0.9613564014434814,0.7924649715423584,0.9562259912490845,0.7756152749061584,0.9536722898483276,0.7596192955970764,0.9493250846862793,0.7414647340774536,0.9448354244232178,0.7244746088981628,0.9388618469238281,0.7105879783630371,0.9361724853515625,0.6947775483131409,0.9304397702217102,0.673673152923584,0.923231840133667,0.6620288491249084,0.9176068902015686,0.642160952091217,0.9114482402801514,0.6281625628471375,0.9048685431480408,0.6092497706413269,0.8988258838653564,0.5969296097755432,0.8902199268341064,0.5837559103965759,0.8860955238342285,0.5643271803855896,0.8760055899620056,0.5536452531814575,0.8680451512336731,0.5417717695236206,0.8639711141586304,0.5253649353981018,0.8530985116958618,0.5128167271614075,0.8457664847373962,0.4948922395706177,0.8383479118347168,0.4810484051704407,0.8249521255493164,0.4693607985973358,0.817650318145752,0.4569288194179535,0.8056640028953552,0.4443776309490204,0.7966921925544739,0.43028271198272705,0.7884764671325684,0.42079535126686096,0.7782736420631409,0.40791797637939453,0.7661932110786438,0.3965575695037842,0.7532793283462524,0.3805437684059143,0.7451248168945312,0.37037670612335205,0.7338359355926514,0.36324697732925415,0.7151390314102173,0.3490186035633087,0.703941285610199,0.3423232138156891,0.6934399008750916,0.3266311287879944,0.6821820735931396,0.3209797739982605,0.6662053465843201,0.31022050976753235,0.655541181564331,0.3016548752784729,0.6418707370758057,0.2872088849544525,0.6341269612312317,0.2814990282058716,0.6155015230178833,0.2760513424873352,0.6081048250198364,0.2650623619556427,0.5986559391021729
LR (baseline),baseline,91,24,0.5408163070678711,1.2461890946724452e-05,0.9990734457969666,0.9998195767402649,0.9976752996444702,0.9995712041854858,0.9955307841300964,0.9990698099136353,0.9927723407745361,0.9986312389373779,0.9893849492073059,0.9978383183479309,0.9845424890518188,0.9971792101860046,0.979070782661438,0.9961152076721191,0.9745607972145081,0.9950190186500549,0.9684863090515137,0.9931706786155701,0.9607822299003601,0.9924849271774292,0.9525806307792664,0.9908367991447449,0.9452334642410278,0.9886329770088196,0.9347147345542908,0.986677885055542,0.9257269501686096,0.9847151637077332,0.9152014851570129,0.9824055433273315,0.9086868762969971,0.9801822900772095,0.8978113532066345,0.9763733148574829,0.8881112933158875,0.9737054705619812,0.8768671751022339,0.9706554412841797,0.8595834970474243,0.9664889574050903,0.8530527949333191,0.9638903141021729,0.8413423895835876,0.9601439833641052,0.8307369947433472,0.9552276134490967,0.8159562349319458,0.9513294100761414,0.8087415099143982,0.9466575384140015,0.794079601764679,0.9422322511672974,0.7838013172149658,0.9379621744155884,0.7714119553565979,0.9314804077148438,0.7623387575149536,0.9263314604759216,0.7505990862846375,0.9209951758384705,0.7391243577003479,0.9139599800109863,0.7264223098754883,0.9073483347892761,0.7187429070472717,0.9012325406074524,0.7070633172988892,0.8969957828521729,0.697261393070221,0.8870903253555298,0.6828625202178955,0.8815729022026062,0.6726922392845154,0.8767090439796448,0.6687009930610657,0.8667999505996704,0.6592438817024231,0.8589963912963867,0.6510562896728516,0.8500379323959351,0.6404262781143188,0.8430297374725342,0.6296288967132568,0.8358997106552124,0.6236109137535095,0.8236942291259766,0.6124138236045837,0.8171068429946899,0.606243371963501,0.8072270750999451,0.5988554358482361,0.796680212020874,0.5888198018074036,0.7903550863265991,0.578021764755249,0.7781057357788086,0.5702099800109863,0.7670131921768188,0.5626723170280457,0.7565487027168274,0.5577166080474854,0.7463840246200562,0.550396203994751,0.7377071976661682,0.5471094846725464,0.7236402034759521,0.5357339382171631,0.7155734896659851,0.53456050157547,0.7049617767333984,0.5184108018875122,0.6960728764533997,0.5133978128433228,0.6827394962310791,0.5095453262329102,0.6679984331130981,0.5055465698242188,0.6555345058441162,0.4914541244506836,0.6500793099403381,0.491443932056427,0.6370920538902283,0.4875166714191437,0.6291517019271851,0.4746762216091156,0.6160418391227722
LR (baseline),baseline,91,37,0.7795918583869934,2.166356898669619e-05,0.9991981983184814,0.9998194575309753,0.9979937672615051,0.9995715022087097,0.9961435794830322,0.9990760087966919,0.9936314225196838,0.9986680746078491,0.9908825755119324,0.9977864027023315,0.9872130751609802,0.9971101880073547,0.9832888841629028,0.99607253074646,0.9797899127006531,0.9949463605880737,0.9749136567115784,0.9931167960166931,0.9696414470672607,0.992210328578949,0.9638106822967529,0.9905956387519836,0.9566717147827148,0.9883974194526672,0.9486083388328552,0.9865317940711975,0.9431250095367432,0.9843541979789734,0.9338924288749695,0.9825130701065063,0.9304618835449219,0.9795905947685242,0.9207867383956909,0.9760276675224304,0.913121223449707,0.9737218022346497,0.9046453833580017,0.9704534411430359,0.893805205821991,0.9662300944328308,0.8912082314491272,0.963087260723114,0.8826213479042053,0.9600763916969299,0.874282956123352,0.9563021659851074,0.8625484704971313,0.9503236413002014,0.856560468673706,0.9469764828681946,0.8470343947410583,0.9418935775756836,0.8427225947380066,0.9379773139953613,0.8299753069877625,0.9317893385887146,0.8250434398651123,0.9265285134315491,0.8164008259773254,0.9201111793518066,0.8062799572944641,0.9142023921012878,0.7993409633636475,0.9094066619873047,0.789668619632721,0.9037464261054993,0.7799631357192993,0.8972966074943542,0.7757874131202698,0.8888602256774902,0.7602052688598633,0.8810876607894897,0.7554023861885071,0.8770496845245361,0.7467961311340332,0.8708224296569824,0.7465358972549438,0.8603097200393677,0.7414580583572388,0.8527724742889404,0.7312393188476562,0.8490898013114929,0.721610963344574,0.8407537341117859,0.7183840870857239,0.8313697576522827,0.7086999416351318,0.8228705525398254,0.7017467617988586,0.812760591506958,0.6917652487754822,0.8016906976699829,0.6859423518180847,0.7956433892250061,0.6781411170959473,0.7879371047019958,0.6689504981040955,0.7764933109283447,0.6690054535865784,0.768028736114502,0.6643654108047485,0.7573251128196716,0.6542843580245972,0.7484377026557922,0.6475816369056702,0.7386763691902161,0.6435538530349731,0.7256141901016235,0.6343104839324951,0.717208743095398,0.6360742449760437,0.7053747773170471,0.6261776685714722,0.6930117607116699,0.6164822578430176,0.6888649463653564,0.6119760870933533,0.6742119193077087,0.6079608201980591,0.6626981496810913,0.6015976667404175,0.6515641808509827,0.6007283926010132,0.6460478901863098,0.592170238494873,0.6415373086929321
LR (baseline),baseline,91,49,1.0,2.8773654776159674e-05,0.9992640018463135,0.9998196363449097,0.9981323480606079,0.9995711445808411,0.9964255690574646,0.9990823864936829,0.9939612150192261,0.9986925721168518,0.9915675520896912,0.9977631568908691,0.9884920120239258,0.9970659017562866,0.9852825403213501,0.996042013168335,0.9818158149719238,0.9949045181274414,0.9773205518722534,0.9931268095970154,0.9735798835754395,0.9920223951339722,0.968528151512146,0.9904922842979431,0.9619015455245972,0.9882137179374695,0.9544569849967957,0.9863442778587341,0.9507687091827393,0.984027624130249,0.9416011571884155,0.9825634956359863,0.9389362335205078,0.9792924523353577,0.9300668835639954,0.9757731556892395,0.9240484237670898,0.973554253578186,0.9147840142250061,0.9704565405845642,0.906844437122345,0.9661988615989685,0.9043182730674744,0.9629269242286682,0.8967713117599487,0.9597771763801575,0.8873098492622375,0.956346333026886,0.8817871809005737,0.9514076709747314,0.8717129826545715,0.9465306401252747,0.8638489842414856,0.9419764876365662,0.8580794930458069,0.9384916424751282,0.8471190333366394,0.9317730069160461,0.8404809832572937,0.9271026253700256,0.8355637788772583,0.919266402721405,0.8224055171012878,0.9144250154495239,0.8184549808502197,0.9088640213012695,0.8123728036880493,0.9039893746376038,0.802426815032959,0.8968697786331177,0.7929427027702332,0.8910983800888062,0.7831841707229614,0.8835752606391907,0.7717204689979553,0.8781229257583618,0.7677599787712097,0.8749838471412659,0.7636202573776245,0.8644976019859314,0.7574309706687927,0.8558778762817383,0.7428489327430725,0.8503673076629639,0.7362169027328491,0.8429697751998901,0.7282469272613525,0.8345829844474792,0.7179456949234009,0.824409544467926,0.7089255452156067,0.8169912099838257,0.6995525360107422,0.8070666790008545,0.6924445033073425,0.8002899885177612,0.6848196387290955,0.7905969619750977,0.6788264513015747,0.7790347933769226,0.6677233576774597,0.7739060521125793,0.6630500555038452,0.7614903450012207,0.6533101797103882,0.7517238259315491,0.6438069939613342,0.7398067712783813,0.6368386745452881,0.7303321957588196,0.6310199499130249,0.7219280004501343,0.6257390379905701,0.7085229158401489,0.6133086681365967,0.6996869444847107,0.6075044274330139,0.6915976405143738,0.6042285561561584,0.6768842935562134,0.6013856530189514,0.6625527143478394,0.5900019407272339,0.6545008420944214,0.5845822691917419,0.6470082402229309,0.5779522061347961,0.6332407593727112
LR (baseline),baseline,92,0,0.10000000149011612,4.52115784810303e-07,0.9997314214706421,0.9998871088027954,0.9994413256645203,0.999593198299408,0.9982907176017761,0.999127209186554,0.9972566366195679,0.9986457228660583,0.9965963363647461,0.9982337355613708,0.9944717884063721,0.9974056482315063,0.9922891855239868,0.9962038993835449,0.9901109933853149,0.9950392842292786,0.9882197380065918,0.9938932061195374,0.9840386509895325,0.992309033870697,0.9811652302742004,0.9908866286277771,0.9772953987121582,0.9889737963676453,0.9729140996932983,0.9876459836959839,0.9695177674293518,0.985235869884491,0.9635463953018188,0.9829721450805664,0.9576690793037415,0.9803553819656372,0.9509341716766357,0.9778363704681396,0.9435117840766907,0.9754998087882996,0.9357516169548035,0.9730395078659058,0.9277860522270203,0.9694574475288391,0.9187090396881104,0.9668200016021729,0.9105600118637085,0.9632858633995056,0.9013364911079407,0.9593847393989563,0.8889243602752686,0.9560250043869019,0.8789312243461609,0.9513158202171326,0.8648897409439087,0.9466364979743958,0.85378098487854,0.9424779415130615,0.8412511348724365,0.9377095103263855,0.8250492811203003,0.9332177639007568,0.8126344084739685,0.928185224533081,0.7979601621627808,0.9235411286354065,0.7810822129249573,0.9174977540969849,0.7666371464729309,0.9124674201011658,0.7492348551750183,0.9025765657424927,0.7311599850654602,0.8968781232833862,0.7144813537597656,0.8894657492637634,0.695073664188385,0.8836703896522522,0.6834468245506287,0.8751014471054077,0.6616753339767456,0.8678346872329712,0.6430936455726624,0.8576185703277588,0.622681200504303,0.8502640724182129,0.6072188019752502,0.8404554724693298,0.5890701413154602,0.8304969072341919,0.5699474215507507,0.8183003664016724,0.5489459037780762,0.8083009123802185,0.5314554572105408,0.7953391075134277,0.5086210370063782,0.7847602963447571,0.49036163091659546,0.7711402773857117,0.4778731167316437,0.7561783194541931,0.4572926461696625,0.7401560544967651,0.43613263964653015,0.7231321930885315,0.4204774796962738,0.7139207720756531,0.4030391275882721,0.6916258931159973,0.38812726736068726,0.673833429813385,0.3660590648651123,0.6567996740341187,0.3511210083961487,0.6391403675079346,0.33717966079711914,0.6189660429954529,0.3178977072238922,0.5956196784973145,0.3037356436252594,0.5744974613189697,0.28830331563949585,0.5507545471191406,0.27757856249809265,0.5440691709518433,0.2677670419216156,0.5146982073783875,0.2530973255634308,0.4963941276073456
LR (baseline),baseline,92,12,0.3204081654548645,4.610325959220063e-06,0.9992678761482239,0.9998871088027954,0.998018741607666,0.9995971918106079,0.9956093430519104,0.9991264343261719,0.9925799369812012,0.9986347556114197,0.989801287651062,0.998173713684082,0.9842679500579834,0.9974240660667419,0.9783354997634888,0.9961870908737183,0.9713188409805298,0.9948216080665588,0.9665576815605164,0.9939181208610535,0.9565734267234802,0.9923306107521057,0.9472385048866272,0.9906753301620483,0.9392489194869995,0.9890174865722656,0.9288473725318909,0.9878022074699402,0.917884111404419,0.9846470952033997,0.9075117707252502,0.9823187589645386,0.8947863578796387,0.9795750379562378,0.8799551725387573,0.9776070713996887,0.8659520149230957,0.9742826819419861,0.8532001972198486,0.9723540544509888,0.8393219113349915,0.9687599539756775,0.8217436671257019,0.9656730890274048,0.8058074116706848,0.961998462677002,0.791057825088501,0.9581104516983032,0.7778024077415466,0.953508734703064,0.758431613445282,0.9500237107276917,0.7417810559272766,0.9439679980278015,0.7295460104942322,0.9397121667861938,0.712276816368103,0.9359948039054871,0.6939782500267029,0.9303191304206848,0.6797844767570496,0.9253940582275391,0.662628710269928,0.9181103110313416,0.6457018256187439,0.9120487570762634,0.6316137909889221,0.906512975692749,0.6147388219833374,0.8982534408569336,0.5974432826042175,0.8924741148948669,0.5830674767494202,0.8852724432945251,0.5641250610351562,0.8786770105361938,0.5562736392021179,0.8709758520126343,0.5386838316917419,0.8625737428665161,0.5245038866996765,0.8526656031608582,0.5148031115531921,0.8435468077659607,0.49963217973709106,0.83322674036026,0.48544734716415405,0.8251644372940063,0.47126612067222595,0.8151738047599792,0.45965683460235596,0.8043946027755737,0.44396480917930603,0.7960005402565002,0.4319019615650177,0.7884988784790039,0.4184977114200592,0.7755904793739319,0.4072929322719574,0.7669064998626709,0.39985933899879456,0.7540143728256226,0.38703474402427673,0.7407785058021545,0.3730241656303406,0.73078852891922,0.3621044456958771,0.7210665941238403,0.35004881024360657,0.7066094875335693,0.34085696935653687,0.692570686340332,0.33351022005081177,0.6817244291305542,0.31933021545410156,0.6631839871406555,0.3139122724533081,0.6527814269065857,0.2996513247489929,0.6403502821922302,0.2915859520435333,0.6267994046211243,0.2879190444946289,0.6188104748725891,0.27735772728919983,0.6050527691841125,0.27298426628112793,0.590469479560852
LR (baseline),baseline,92,24,0.5408163070678711,1.2495642295107245e-05,0.9992891550064087,0.9998871088027954,0.9980270862579346,0.9996009469032288,0.9956242442131042,0.9991253614425659,0.9923871159553528,0.998623251914978,0.990516185760498,0.9981067180633545,0.9851119518280029,0.9974431991577148,0.9792308211326599,0.9961668252944946,0.9724026918411255,0.9945597648620605,0.9681481122970581,0.9939115643501282,0.9601617455482483,0.9923564791679382,0.9509993195533752,0.9904969930648804,0.9436482191085815,0.9890649318695068,0.9363301992416382,0.987815797328949,0.9259714484214783,0.9845978617668152,0.917779266834259,0.981985330581665,0.9064699411392212,0.9792683124542236,0.8974655270576477,0.9772066473960876,0.8831385374069214,0.9737980961799622,0.8767452239990234,0.9707178473472595,0.8654815554618835,0.9680354595184326,0.8495772480964661,0.9636751413345337,0.8399518132209778,0.9600156545639038,0.826196551322937,0.9559455513954163,0.8184553980827332,0.951168417930603,0.7991504669189453,0.948164165019989,0.7927736043930054,0.9424707889556885,0.7845808863639832,0.937612771987915,0.7694104313850403,0.9335834980010986,0.7597604990005493,0.9269570708274841,0.7491379976272583,0.9226492643356323,0.7354599237442017,0.9175400137901306,0.7223687767982483,0.9107990860939026,0.7158817648887634,0.9028279185295105,0.7044832110404968,0.8975988626480103,0.6907607316970825,0.8896333575248718,0.6812335848808289,0.8851357102394104,0.6714298129081726,0.8778043985366821,0.6596415042877197,0.8693850636482239,0.6539055109024048,0.8614237308502197,0.6409235000610352,0.8547313213348389,0.6377039551734924,0.8459876775741577,0.6258615255355835,0.8396286964416504,0.6127189993858337,0.8270362615585327,0.6046454906463623,0.8215152025222778,0.5935244560241699,0.8122092485427856,0.5893064737319946,0.8000019788742065,0.5827139616012573,0.7940848469734192,0.5746433138847351,0.7805453538894653,0.5677304267883301,0.77311772108078,0.562579870223999,0.7646738886833191,0.5500742197036743,0.7477781176567078,0.5446788668632507,0.7458678483963013,0.5369808077812195,0.7324584722518921,0.5323134064674377,0.7243921756744385,0.5191501379013062,0.713159441947937,0.5139757990837097,0.6994356513023376,0.5056509971618652,0.692638099193573,0.5034511685371399,0.6757490634918213,0.48958420753479004,0.6694878935813904,0.48743847012519836,0.6605167984962463,0.48092254996299744,0.6486058235168457,0.47544220089912415,0.6400507688522339,0.47509995102882385,0.6328343152999878
LR (baseline),baseline,92,37,0.7795918583869934,2.1806950826430693e-05,0.9994520545005798,0.9998867511749268,0.9983673095703125,0.9996039271354675,0.9963196516036987,0.9991239309310913,0.9933487772941589,0.998619794845581,0.9926504492759705,0.998049795627594,0.9881928563117981,0.9974444508552551,0.9836998581886292,0.9961415529251099,0.9779441356658936,0.994361400604248,0.9747156500816345,0.9938730597496033,0.9691750407218933,0.9922951459884644,0.961929202079773,0.9903315901756287,0.9563594460487366,0.98896324634552,0.9512671232223511,0.9875916838645935,0.9457114338874817,0.9845680594444275,0.9377756118774414,0.9819360375404358,0.928395688533783,0.9793159365653992,0.9248793721199036,0.976747989654541,0.9120275974273682,0.9737385511398315,0.9091747999191284,0.9709999561309814,0.9002429842948914,0.9671798348426819,0.892879843711853,0.9634202718734741,0.8848453164100647,0.9586347937583923,0.874635636806488,0.9547845721244812,0.8697453141212463,0.9513075351715088,0.8577051162719727,0.9470723867416382,0.8530638217926025,0.9432920813560486,0.8456852436065674,0.9368228912353516,0.8359897136688232,0.9327324032783508,0.8305224776268005,0.92652827501297,0.8210169076919556,0.92072993516922,0.8096218705177307,0.9166960716247559,0.803065299987793,0.9107733368873596,0.7978340983390808,0.9034364819526672,0.7904682159423828,0.8970017433166504,0.7819218635559082,0.8882120847702026,0.7739287614822388,0.8843249678611755,0.767765462398529,0.8758174777030945,0.7573124766349792,0.8714801073074341,0.753735363483429,0.860454797744751,0.741258978843689,0.8533084988594055,0.7427791357040405,0.8458564877510071,0.7343878746032715,0.8384110331535339,0.7236965894699097,0.8312750458717346,0.7148739099502563,0.8252381682395935,0.7066340446472168,0.8162914514541626,0.702963650226593,0.8036202788352966,0.6963691115379333,0.7957931756973267,0.6858113408088684,0.7863921523094177,0.6858705282211304,0.7753871083259583,0.6730124950408936,0.7658768892288208,0.6667620539665222,0.7561238408088684,0.6648328900337219,0.7500380873680115,0.6522881388664246,0.7396389245986938,0.6517990827560425,0.7284206748008728,0.6423603892326355,0.7187612056732178,0.6430360674858093,0.7088991403579712,0.6358767747879028,0.6967872977256775,0.6285074949264526,0.6793648600578308,0.625528872013092,0.67513108253479,0.6099206209182739,0.663040041923523,0.6131956577301025,0.6504458785057068,0.6125479340553284,0.6382429599761963,0.599534273147583,0.6350089907646179
LR (baseline),baseline,92,49,1.0,2.8998700145166367e-05,0.9995045065879822,0.9998865127563477,0.9985029697418213,0.9996060132980347,0.996640682220459,0.9991217255592346,0.9938377141952515,0.9986244440078735,0.993678629398346,0.9980161786079407,0.9893671274185181,0.9974344372749329,0.9854978322982788,0.9961318969726562,0.9804543852806091,0.9942890405654907,0.9771780371665955,0.9938181638717651,0.9724289774894714,0.9921711683273315,0.9660227298736572,0.9901835918426514,0.9616236090660095,0.9888790249824524,0.9565073251724243,0.9873494505882263,0.9529898762702942,0.9845718145370483,0.9451357126235962,0.981735348701477,0.9363347887992859,0.9792448282241821,0.9345054626464844,0.9763689041137695,0.9234275817871094,0.9737980365753174,0.9194632172584534,0.9715434312820435,0.9141484498977661,0.9667460918426514,0.9072115421295166,0.9632335901260376,0.8983744382858276,0.9581601619720459,0.8870469927787781,0.9544162750244141,0.8857433199882507,0.9511041045188904,0.8751785755157471,0.9464160799980164,0.8714090585708618,0.9437332153320312,0.8606275320053101,0.9372139573097229,0.8565784692764282,0.9314522743225098,0.8518232107162476,0.9279959797859192,0.8447683453559875,0.9203281402587891,0.834475040435791,0.9161725044250488,0.8286755681037903,0.9113969206809998,0.8242297768592834,0.9044951796531677,0.81285160779953,0.897214412689209,0.8088780045509338,0.8902932405471802,0.8056336641311646,0.8871911764144897,0.7969526052474976,0.8775563836097717,0.7812145948410034,0.8724786043167114,0.7765650749206543,0.8641822934150696,0.7666086554527283,0.8549379706382751,0.7642163634300232,0.8467382192611694,0.7566590905189514,0.8405591249465942,0.7463344931602478,0.8334110379219055,0.746211051940918,0.825402557849884,0.7354011535644531,0.8157616257667542,0.7323054075241089,0.8052158355712891,0.7229158878326416,0.795494794845581,0.7181224226951599,0.7904123663902283,0.7123637199401855,0.7795461416244507,0.702591061592102,0.7700964212417603,0.693990170955658,0.7634549140930176,0.6916564106941223,0.7508731484413147,0.684367835521698,0.7417207360267639,0.6778859496116638,0.7297807335853577,0.672151505947113,0.7208935618400574,0.6600494980812073,0.7123236656188965,0.6555951833724976,0.7001129984855652,0.6533703207969666,0.6873559951782227,0.6456697583198547,0.6787559390068054,0.6382694244384766,0.6676754355430603,0.6381301879882812,0.6564860343933105,0.6319898962974548,0.6436367034912109,0.6262233853340149,0.6382367014884949
LR (baseline),baseline,93,0,0.10000000149011612,4.4951013933314243e-07,1.0000041723251343,0.9998575448989868,0.9992032051086426,0.999703586101532,0.9984999895095825,0.9993234276771545,0.9975545406341553,0.9987578988075256,0.9963091611862183,0.9979455471038818,0.994157612323761,0.9972173571586609,0.992794394493103,0.9961937665939331,0.9900438189506531,0.9955624938011169,0.9877771735191345,0.9939610362052917,0.9849518537521362,0.9924153685569763,0.9805976748466492,0.9907616376876831,0.9773523807525635,0.9894616603851318,0.9733336567878723,0.9867687225341797,0.9690388441085815,0.9849610328674316,0.9635108113288879,0.9830790758132935,0.9576485753059387,0.9793868660926819,0.9507220387458801,0.9784063696861267,0.9436551928520203,0.9755581021308899,0.9361798167228699,0.9727696776390076,0.9283671975135803,0.9689361453056335,0.9183139204978943,0.967215359210968,0.9096679091453552,0.9619817137718201,0.8998239636421204,0.9591730833053589,0.8899362087249756,0.9554471969604492,0.8780701160430908,0.9503929615020752,0.8651971220970154,0.9463223814964294,0.8525640964508057,0.942974328994751,0.8436586856842041,0.9379929900169373,0.8250336050987244,0.9343082904815674,0.8125956654548645,0.9265264272689819,0.802243709564209,0.9224885106086731,0.7832713723182678,0.9172894358634949,0.7650662660598755,0.9106570482254028,0.7505382895469666,0.9041135907173157,0.7278507947921753,0.896592378616333,0.7184612154960632,0.8900212049484253,0.6966966986656189,0.8831276893615723,0.6791074275970459,0.8765523433685303,0.66078120470047,0.8659939169883728,0.6427577137947083,0.8595544099807739,0.628091037273407,0.8491616249084473,0.6034837365150452,0.8394429683685303,0.5888864994049072,0.8335533142089844,0.5684391260147095,0.8202109932899475,0.549153208732605,0.8102380633354187,0.5316247940063477,0.7959628701210022,0.5144078731536865,0.7864065170288086,0.49542713165283203,0.7687259912490845,0.4785323143005371,0.757779598236084,0.4539857506752014,0.7396710515022278,0.44083303213119507,0.72566819190979,0.42250582575798035,0.7123070955276489,0.40372154116630554,0.6991482377052307,0.3891681134700775,0.6728634238243103,0.37022364139556885,0.6560192108154297,0.3554719090461731,0.6362383961677551,0.34000521898269653,0.619421124458313,0.3242197334766388,0.599181056022644,0.3060123920440674,0.5872329473495483,0.29328450560569763,0.5554168820381165,0.282220721244812,0.5383237600326538,0.26681727170944214,0.5142651200294495,0.25493672490119934,0.5007025003433228
LR (baseline),baseline,93,12,0.3204081654548645,4.580813310894882e-06,0.9995206594467163,0.9998563528060913,0.9977363348007202,0.9997047185897827,0.9955579042434692,0.9993086457252502,0.9929842948913574,0.9987517595291138,0.9888309240341187,0.9979633688926697,0.9840602278709412,0.9971204400062561,0.9789943695068359,0.996117115020752,0.9722177386283875,0.9956058263778687,0.9651796221733093,0.9940323233604431,0.9582122564315796,0.9923707842826843,0.9474441409111023,0.9906967282295227,0.9399323463439941,0.9890343546867371,0.9289566874504089,0.9869651794433594,0.9202073812484741,0.9844311475753784,0.9075040221214294,0.9822726249694824,0.8946292400360107,0.9784771800041199,0.8817113041877747,0.9775730967521667,0.8667528033256531,0.9736824631690979,0.8543772101402283,0.9720458984375,0.8374735116958618,0.9674848914146423,0.8224244117736816,0.965175986289978,0.8075777292251587,0.9612587690353394,0.7944594621658325,0.9574277400970459,0.7763959765434265,0.9533352255821228,0.7616581320762634,0.9482674598693848,0.745385468006134,0.9437063336372375,0.7290821075439453,0.9397643208503723,0.7121200561523438,0.9334285259246826,0.6958572268486023,0.9276791214942932,0.6774467825889587,0.9230684638023376,0.6643267273902893,0.9175180196762085,0.6471969485282898,0.9119917750358582,0.630386233329773,0.9062759876251221,0.6161899566650391,0.8988496661186218,0.5998750329017639,0.8906485438346863,0.5827814936637878,0.8851704597473145,0.5689023733139038,0.8781784772872925,0.5549672842025757,0.869764506816864,0.5425570607185364,0.8605250716209412,0.5257546901702881,0.8520119190216064,0.5153663158416748,0.8453726768493652,0.4978576898574829,0.8387556076049805,0.48463571071624756,0.8283058404922485,0.4689372479915619,0.816164493560791,0.4585430920124054,0.8064747452735901,0.44654491543769836,0.7960658669471741,0.4353499412536621,0.7884337902069092,0.4238685667514801,0.7759380340576172,0.4086066782474518,0.7656859755516052,0.398298442363739,0.7524360418319702,0.38700807094573975,0.7428043484687805,0.37238362431526184,0.7327329516410828,0.36341509222984314,0.7147420048713684,0.3550196886062622,0.7052521705627441,0.3447446823120117,0.6921393871307373,0.3351300358772278,0.6804101467132568,0.32158270478248596,0.6706507205963135,0.31252601742744446,0.6505821943283081,0.3048393726348877,0.6436237096786499,0.29416266083717346,0.6257702112197876,0.2844647765159607,0.6127169728279114,0.27575963735580444,0.5969586968421936,0.27264097332954407,0.5887051820755005
LR (baseline),baseline,93,24,0.5408163070678711,1.2430191418388858e-05,0.999487042427063,0.9998552799224854,0.9977744221687317,0.9997060298919678,0.9954538345336914,0.9992934465408325,0.9931955337524414,0.9987460970878601,0.9886938333511353,0.9979870319366455,0.985112726688385,0.9970454573631287,0.9798731803894043,0.9960406422615051,0.9737818837165833,0.9954904317855835,0.9665242433547974,0.9940821528434753,0.9613720774650574,0.9924586415290833,0.952825129032135,0.9905999302864075,0.9458233714103699,0.9888730645179749,0.936651885509491,0.9872897863388062,0.9305399060249329,0.9845267534255981,0.9173305630683899,0.9817506074905396,0.9082024097442627,0.9786127209663391,0.9003068804740906,0.9768447875976562,0.8883698582649231,0.9720444679260254,0.8785384893417358,0.9709553718566895,0.8641478419303894,0.966367244720459,0.8550394177436829,0.9632776975631714,0.8464563488960266,0.9584087133407593,0.8314523100852966,0.955508291721344,0.8247866630554199,0.9511951208114624,0.8116775155067444,0.9468511939048767,0.7995699644088745,0.9426425099372864,0.7893440127372742,0.9372026324272156,0.7757585048675537,0.9294989109039307,0.7661621570587158,0.9256442785263062,0.7573758363723755,0.9209452271461487,0.7429426312446594,0.9142956733703613,0.7317231297492981,0.9094942212104797,0.7201330661773682,0.9010995626449585,0.7114555835723877,0.8974769711494446,0.7043771147727966,0.8872292637825012,0.691954493522644,0.8833719491958618,0.6855839490890503,0.8743835091590881,0.6750209927558899,0.8659644722938538,0.6689990162849426,0.8595873713493347,0.6522712707519531,0.8525137901306152,0.6538688540458679,0.8431363701820374,0.6449668407440186,0.8341750502586365,0.6357241272926331,0.827849805355072,0.628503680229187,0.8177782893180847,0.6220623850822449,0.8106804490089417,0.6139852404594421,0.8003893494606018,0.6052322387695312,0.7897663712501526,0.6003344058990479,0.7788964509963989,0.5921370387077332,0.7711960673332214,0.5820331573486328,0.7607733011245728,0.5764935612678528,0.7506803274154663,0.5697953701019287,0.7411602735519409,0.5618438720703125,0.7302941083908081,0.5556344389915466,0.7231636643409729,0.5517635345458984,0.7064414024353027,0.542518138885498,0.7008704543113708,0.5386271476745605,0.687740683555603,0.5247575640678406,0.6780760288238525,0.5237939357757568,0.6646469235420227,0.5188162326812744,0.6569185256958008,0.5082159638404846,0.6447440385818481,0.5035302042961121,0.6385494470596313,0.5049328207969666,0.6295355558395386
LR (baseline),baseline,93,37,0.7795918583869934,2.1712987290811725e-05,0.9995566606521606,0.9998542070388794,0.9981297850608826,0.9997054934501648,0.9960752129554749,0.9992805123329163,0.9942571520805359,0.9987436532974243,0.9902157187461853,0.9980151653289795,0.9880814552307129,0.997018575668335,0.9838883876800537,0.9959821105003357,0.9787610173225403,0.9953089356422424,0.9717235565185547,0.9940437078475952,0.9688554406166077,0.9924708008766174,0.962861180305481,0.9904910326004028,0.9560865759849548,0.9888405799865723,0.9496656060218811,0.9874324798583984,0.9458913803100586,0.9849511384963989,0.9335627555847168,0.9818229079246521,0.929054856300354,0.9791284799575806,0.9244511723518372,0.9766318798065186,0.9171620607376099,0.9727336764335632,0.9070526957511902,0.971247673034668,0.8981450796127319,0.966651976108551,0.893919050693512,0.9639868140220642,0.887117862701416,0.9588196277618408,0.8756978511810303,0.9552803635597229,0.8725857138633728,0.9512767791748047,0.8613865971565247,0.946367621421814,0.8543024063110352,0.9431993961334229,0.8466736674308777,0.9369378089904785,0.8380856513977051,0.9310075044631958,0.8310306668281555,0.9266056418418884,0.8224040269851685,0.9201450943946838,0.8093305230140686,0.9133719205856323,0.8010926842689514,0.911699116230011,0.7910190224647522,0.903645396232605,0.7859508395195007,0.8981504440307617,0.7746797800064087,0.8888484239578247,0.7665748000144958,0.883560299873352,0.7616367340087891,0.8756870627403259,0.7534834742546082,0.8700870871543884,0.7491241097450256,0.8659053444862366,0.73954176902771,0.8569884896278381,0.7360004186630249,0.8491615056991577,0.7292608618736267,0.8409318923950195,0.7187021970748901,0.8313288688659668,0.7118061780929565,0.8245841264724731,0.7115563154220581,0.8162955045700073,0.7014440894126892,0.8075205087661743,0.6936906576156616,0.8001538515090942,0.6943688988685608,0.790421187877655,0.6817457675933838,0.7781347036361694,0.6770475506782532,0.7674631476402283,0.6712090373039246,0.7613600492477417,0.664768636226654,0.7477866411209106,0.6564030051231384,0.7412715554237366,0.6546639800071716,0.7356411814689636,0.6512971520423889,0.7241566181182861,0.640268087387085,0.7138370275497437,0.639259397983551,0.7017658352851868,0.628423273563385,0.6897773146629333,0.625351071357727,0.6830753684043884,0.6188506484031677,0.6695402264595032,0.6156518459320068,0.6588035821914673,0.618173360824585,0.6520786285400391,0.6054289937019348,0.6438130140304565
LR (baseline),baseline,93,49,1.0,2.8926187951583415e-05,0.9995905756950378,0.9998536705970764,0.998322606086731,0.9997043609619141,0.996463418006897,0.9992727637290955,0.9948371052742004,0.9987423419952393,0.9909249544143677,0.9980292320251465,0.9894264340400696,0.9970173239707947,0.9857603311538696,0.9959536790847778,0.9808311462402344,0.9951867461204529,0.9741440415382385,0.9939866662025452,0.9712264537811279,0.9923987984657288,0.9670917391777039,0.9903790354728699,0.9601965546607971,0.9887142181396484,0.9541438221931458,0.9873524308204651,0.9511938691139221,0.9850268363952637,0.939594566822052,0.9819432497024536,0.9353994727134705,0.9791092872619629,0.9318524599075317,0.976022481918335,0.9247366786003113,0.9730196595191956,0.9161957502365112,0.9711622595787048,0.906136155128479,0.9664344191551208,0.9037268161773682,0.9636908173561096,0.8960784077644348,0.9595800638198853,0.8876269459724426,0.9543256163597107,0.8795135617256165,0.9500758647918701,0.8733996152877808,0.9465382099151611,0.8674958348274231,0.9421365261077881,0.8584173321723938,0.9361758232116699,0.8526273369789124,0.9319503903388977,0.84513258934021,0.9275503158569336,0.8373107314109802,0.9204975366592407,0.8339756727218628,0.9132471084594727,0.8216347694396973,0.910868763923645,0.8121663331985474,0.9051250219345093,0.8067177534103394,0.8988062739372253,0.7948133945465088,0.8891763091087341,0.7874680161476135,0.8816986083984375,0.7782135009765625,0.8769598603248596,0.7785125970840454,0.8699586987495422,0.7703180909156799,0.8634165525436401,0.7582268118858337,0.8579757213592529,0.7551296353340149,0.8478280901908875,0.7474271655082703,0.8382253050804138,0.7351254820823669,0.831397533416748,0.7298902869224548,0.8227719664573669,0.7223021388053894,0.814785897731781,0.706565797328949,0.8045769333839417,0.6979584693908691,0.7991255521774292,0.7031382322311401,0.7881503105163574,0.6905954480171204,0.7767581939697266,0.6802347898483276,0.7670423984527588,0.6729491353034973,0.7578449845314026,0.6626750230789185,0.7451806664466858,0.6614554524421692,0.7363229393959045,0.6506310701370239,0.727674663066864,0.6468690633773804,0.7173272967338562,0.6302699446678162,0.7074146866798401,0.6333259344100952,0.6934909224510193,0.6251866817474365,0.6844385266304016,0.6134381294250488,0.6744153499603271,0.60922771692276,0.658743143081665,0.6002227067947388,0.6553589105606079,0.5891136527061462,0.6415071487426758,0.5869922637939453,0.629974901676178
LR (baseline),baseline,94,0,0.10000000149011612,4.482032522901136e-07,0.9999509453773499,0.9998356103897095,0.9992414116859436,0.9995859265327454,0.9984837174415588,0.9993693232536316,0.9979346394538879,0.9986333250999451,0.9962800145149231,0.998231053352356,0.9947162866592407,0.997071385383606,0.9927282333374023,0.9963645339012146,0.9901237487792969,0.9952670931816101,0.987343430519104,0.9942417144775391,0.9851268529891968,0.9927191138267517,0.9809602499008179,0.9907026290893555,0.9773745536804199,0.9895212650299072,0.9716221690177917,0.9869665503501892,0.9675456285476685,0.9851757884025574,0.9634645581245422,0.9835326075553894,0.958519697189331,0.979973316192627,0.9513328075408936,0.9783828854560852,0.9427650570869446,0.9750659465789795,0.9374651908874512,0.9718284010887146,0.9278977513313293,0.9689117074012756,0.9217805862426758,0.9658100605010986,0.9113260507583618,0.9622219800949097,0.8989594578742981,0.9592467546463013,0.8899697661399841,0.9563852548599243,0.8792324066162109,0.9515731334686279,0.8684964776039124,0.9477355480194092,0.8547486066818237,0.944640576839447,0.8407458662986755,0.9375491738319397,0.8304148316383362,0.9332563281059265,0.8156951665878296,0.927358865737915,0.8006279468536377,0.9239709973335266,0.7828688621520996,0.9177416563034058,0.770432710647583,0.9118629097938538,0.750691294670105,0.9041198492050171,0.7357262372970581,0.8972101211547852,0.7226243615150452,0.8907177448272705,0.7027269005775452,0.8850352168083191,0.6813532710075378,0.8732757568359375,0.6678371429443359,0.8680811524391174,0.6445856094360352,0.860041081905365,0.631954550743103,0.8495150804519653,0.6119455695152283,0.8428025841712952,0.5920327305793762,0.8319178819656372,0.5701909065246582,0.8200544714927673,0.5531238913536072,0.8089146018028259,0.5339744687080383,0.7939885258674622,0.5221958160400391,0.7858169674873352,0.5042701363563538,0.7700902819633484,0.4813454747200012,0.7621985077857971,0.46361881494522095,0.7418296933174133,0.4379308819770813,0.7243127822875977,0.4273916482925415,0.7099918127059937,0.40814992785453796,0.6956995129585266,0.39665108919143677,0.6698709726333618,0.37647002935409546,0.6573894023895264,0.3586128056049347,0.6375213265419006,0.3431275188922882,0.6197406053543091,0.32907238602638245,0.6004554033279419,0.31142324209213257,0.5770306587219238,0.29471632838249207,0.555302083492279,0.2890976369380951,0.5395488142967224,0.2739715576171875,0.5219063758850098,0.26322948932647705,0.49858057498931885
LR (baseline),baseline,94,12,0.3204081654548645,4.56033876616857e-06,0.9994310736656189,0.9998356699943542,0.9978303909301758,0.9995880126953125,0.995728611946106,0.999381422996521,0.9932301044464111,0.9986291527748108,0.9889007210731506,0.9982807636260986,0.9840888381004333,0.997015655040741,0.9789844751358032,0.9962648153305054,0.9722166657447815,0.9952434301376343,0.9649572372436523,0.9941644668579102,0.9575968384742737,0.9925670623779297,0.9485764503479004,0.9908566474914551,0.9389949440956116,0.9891276359558105,0.9270893931388855,0.9869397878646851,0.9161975383758545,0.9848528504371643,0.9077718257904053,0.983248770236969,0.8941815495491028,0.9798599481582642,0.8817451596260071,0.9778319001197815,0.8626478910446167,0.9743936061859131,0.8527987599372864,0.9709249138832092,0.8383060693740845,0.9686264991760254,0.8226282596588135,0.9648714661598206,0.8044075965881348,0.9610406160354614,0.7936190962791443,0.9578859806060791,0.7774966359138489,0.9540284276008606,0.7595270276069641,0.9489405751228333,0.7460758686065674,0.9441353678703308,0.7271567583084106,0.939517617225647,0.709270715713501,0.9344503879547119,0.6951428651809692,0.929465115070343,0.6768854260444641,0.9248483180999756,0.6644547581672668,0.9184281229972839,0.6434915065765381,0.9139948487281799,0.6307390332221985,0.9054787158966064,0.6159400343894958,0.8992159366607666,0.5961995124816895,0.8928728103637695,0.5867295265197754,0.88868647813797,0.5671067833900452,0.8773189187049866,0.5533425211906433,0.869774341583252,0.5367675423622131,0.8627870678901672,0.5227256417274475,0.8527945876121521,0.5120852589607239,0.8482223749160767,0.49672478437423706,0.8367764949798584,0.48429393768310547,0.8270772099494934,0.47090011835098267,0.8171687722206116,0.4590420424938202,0.8111984729766846,0.44381365180015564,0.7982327342033386,0.43386998772621155,0.786605954170227,0.4263244569301605,0.7796711325645447,0.4084813892841339,0.7688217759132385,0.3934294879436493,0.7527589797973633,0.38274085521698,0.7436635494232178,0.3716687262058258,0.7316716909408569,0.361505389213562,0.7232370972633362,0.35125312209129333,0.7089806199073792,0.33792436122894287,0.6959587335586548,0.3273332715034485,0.6857283115386963,0.31783539056777954,0.6686455607414246,0.3101338744163513,0.6602944135665894,0.29918792843818665,0.6420074701309204,0.2912628650665283,0.6306965947151184,0.2824946641921997,0.6163750886917114,0.27576375007629395,0.6031687259674072,0.26671212911605835,0.5911555886268616
LR (baseline),baseline,94,24,0.5408163070678711,1.237804644915741e-05,0.9994475841522217,0.9998352527618408,0.9978432655334473,0.9995912313461304,0.9957644939422607,0.9993911981582642,0.9933602809906006,0.9986286759376526,0.989418625831604,0.9982938170433044,0.9845345616340637,0.996985912322998,0.980170726776123,0.9961665272712708,0.9740763306617737,0.9951891899108887,0.967535674571991,0.9940404891967773,0.9594764113426208,0.9924331307411194,0.9528604745864868,0.990959644317627,0.9453649520874023,0.9887793660163879,0.9353138208389282,0.9871124625205994,0.9246739745140076,0.9844270348548889,0.9166884422302246,0.9829394817352295,0.907264232635498,0.9795836806297302,0.8978402018547058,0.9771405458450317,0.8853505253791809,0.9733772277832031,0.8752153515815735,0.9702995419502258,0.8638456463813782,0.9677255153656006,0.8516247272491455,0.9637993574142456,0.842436671257019,0.9600937962532043,0.8357993960380554,0.9568731784820557,0.8210179209709167,0.9519190788269043,0.8058236837387085,0.9472029209136963,0.795103132724762,0.9425962567329407,0.7858713865280151,0.937898576259613,0.7753447890281677,0.9307531714439392,0.764377772808075,0.9269008636474609,0.7537438869476318,0.9210487604141235,0.7431588172912598,0.9138853549957275,0.7343129515647888,0.910641610622406,0.7230931520462036,0.900852382183075,0.713286280632019,0.8962787985801697,0.6987184882164001,0.8892661929130554,0.6948925256729126,0.8831766247749329,0.6839351058006287,0.8746353983879089,0.673580527305603,0.8673975467681885,0.6671226620674133,0.8599783182144165,0.6549555659294128,0.8519385457038879,0.6485703587532043,0.8438143730163574,0.6416709423065186,0.8357424736022949,0.6255377531051636,0.8248683214187622,0.62751704454422,0.8154782652854919,0.6119659543037415,0.8062359690666199,0.6103717684745789,0.7989675998687744,0.5988879203796387,0.7865371108055115,0.5942433476448059,0.7775779366493225,0.5867975950241089,0.7642911076545715,0.5754441618919373,0.7553009986877441,0.5704262256622314,0.7501988410949707,0.5563424825668335,0.7327516078948975,0.5531461238861084,0.7261618375778198,0.5484637022018433,0.7137026786804199,0.5397437214851379,0.7070227265357971,0.5330666899681091,0.6938613057136536,0.5284034013748169,0.6804331541061401,0.5141102075576782,0.6703447699546814,0.5090363025665283,0.6614373326301575,0.5068405866622925,0.6534593105316162,0.5020772218704224,0.6401961445808411,0.4951797127723694,0.6323927640914917,0.48943576216697693,0.6256643533706665
LR (baseline),baseline,94,37,0.7795918583869934,2.157319977413863e-05,0.9995657801628113,0.9998353123664856,0.9981817007064819,0.9995942711830139,0.9964649677276611,0.9993996024131775,0.994368851184845,0.9986379742622375,0.9913466572761536,0.9982888102531433,0.9872548580169678,0.9969868659973145,0.9836956858634949,0.9960953593254089,0.9793294072151184,0.9951395988464355,0.9738545417785645,0.9939358234405518,0.9667616486549377,0.9923238158226013,0.96281498670578,0.9909553527832031,0.958013117313385,0.9888014197349548,0.9512280821800232,0.9872211813926697,0.9403682947158813,0.9843130111694336,0.9343261122703552,0.9826967120170593,0.9291366338729858,0.9795878529548645,0.9173041582107544,0.976848840713501,0.9143441319465637,0.9729426503181458,0.9041352272033691,0.9700880646705627,0.896220862865448,0.9668222069740295,0.8858651518821716,0.9636246562004089,0.8854313492774963,0.9594210982322693,0.8759313225746155,0.9565165638923645,0.8641417622566223,0.9517011046409607,0.8558340072631836,0.9467027187347412,0.8449722528457642,0.9418376684188843,0.8373903036117554,0.9385235905647278,0.8281195163726807,0.9316961169242859,0.8242568969726562,0.9274972081184387,0.8144433498382568,0.9217308759689331,0.8070946335792542,0.9132841229438782,0.7966373562812805,0.9090667963027954,0.7844189405441284,0.9040399193763733,0.7840592861175537,0.8977227210998535,0.7681987881660461,0.888792872428894,0.7652140855789185,0.8824872374534607,0.7625957131385803,0.8757310509681702,0.7473695278167725,0.8678712844848633,0.7380765676498413,0.8620562553405762,0.7307651042938232,0.8557355999946594,0.7248671650886536,0.8470540642738342,0.7199907898902893,0.8374773263931274,0.7089689373970032,0.8298987150192261,0.7004899382591248,0.8213645815849304,0.6928967833518982,0.8079409003257751,0.6803887486457825,0.8029240965843201,0.6755557656288147,0.7964271306991577,0.6729457974433899,0.7842764854431152,0.6629038453102112,0.7710934281349182,0.6528406143188477,0.766834020614624,0.645797610282898,0.7581618428230286,0.6390244364738464,0.7418843507766724,0.6259493827819824,0.7305590510368347,0.6208476424217224,0.7192612886428833,0.6183002591133118,0.7061771750450134,0.6153774261474609,0.6994205117225647,0.6067103147506714,0.6902609467506409,0.6068731546401978,0.6735534071922302,0.591282844543457,0.6681811809539795,0.5906341671943665,0.6532881855964661,0.5820499062538147,0.6494649052619934,0.5748636722564697,0.6363751888275146,0.5668019652366638,0.6248839497566223
LR (baseline),baseline,94,49,1.0,2.868125739041716e-05,0.9996111989021301,0.9998353719711304,0.9983201622962952,0.9995956420898438,0.9968106746673584,0.999404788017273,0.9947745203971863,0.9986433982849121,0.9919114708900452,0.9982768297195435,0.9882026314735413,0.9969984889030457,0.9848952293395996,0.9960563778877258,0.9809689521789551,0.9951131939888,0.97618567943573,0.9938490986824036,0.9696422815322876,0.9922304153442383,0.9656962156295776,0.9908799529075623,0.9615761041641235,0.988983690738678,0.9567475914955139,0.9871609807014465,0.944761335849762,0.9842502474784851,0.939285397529602,0.9823821187019348,0.9338191747665405,0.979771077632904,0.9212837219238281,0.9767864346504211,0.9206783175468445,0.9729610681533813,0.9115297794342041,0.9699150323867798,0.9048433303833008,0.9663549661636353,0.8943432569503784,0.9634788036346436,0.8933797478675842,0.9586768746376038,0.8824759125709534,0.9556438326835632,0.8760089874267578,0.950878381729126,0.8659746646881104,0.9460490345954895,0.855697751045227,0.9410978555679321,0.8464162349700928,0.9373400807380676,0.8410455584526062,0.931164026260376,0.8339901566505432,0.9280967116355896,0.8237879276275635,0.9215718507766724,0.8209757208824158,0.914027988910675,0.8076179027557373,0.9087111353874207,0.7985208034515381,0.9038634896278381,0.7895660996437073,0.8975997567176819,0.7820644378662109,0.8906971216201782,0.7727740406990051,0.8830262422561646,0.7701479196548462,0.8756005167961121,0.7588279247283936,0.8681044578552246,0.750735878944397,0.8620905876159668,0.7431716918945312,0.8528453707695007,0.7349832057952881,0.8485597372055054,0.7250623106956482,0.8376694917678833,0.7241383790969849,0.8315943479537964,0.7139196991920471,0.8235957026481628,0.7075594663619995,0.8140677809715271,0.6975107192993164,0.8037402629852295,0.6871556043624878,0.7962659001350403,0.6804731488227844,0.783241868019104,0.6743618845939636,0.7725302577018738,0.6676816940307617,0.7670027017593384,0.6573424935340881,0.7573294639587402,0.6425899267196655,0.7459595799446106,0.6426479816436768,0.733613133430481,0.6315667033195496,0.7252696752548218,0.622403621673584,0.7109696269035339,0.6170070171356201,0.702545702457428,0.609970211982727,0.6910682916641235,0.6071532368659973,0.6772012114524841,0.5975327491760254,0.6673287749290466,0.5991321802139282,0.6559523344039917,0.5867852568626404,0.6469948887825012,0.5828012228012085,0.6323720216751099,0.583025336265564,0.6219390630722046
cnn electric-dream,cnn,90,0,0.10000000149011612,4.493977598940546e-07,0.9996251463890076,0.9998854398727417,0.9990619421005249,0.9997054934501648,0.9986515641212463,0.9992578029632568,0.9980438351631165,0.9987937211990356,0.996261715888977,0.9981728792190552,0.994270920753479,0.9970654249191284,0.9929866194725037,0.9962758421897888,0.9911174178123474,0.9951549172401428,0.9883239269256592,0.9938914775848389,0.9844123721122742,0.9919812679290771,0.9814534187316895,0.990553617477417,0.9770853519439697,0.989280104637146,0.9739030003547668,0.9870649576187134,0.9668518900871277,0.9851993918418884,0.9633345603942871,0.9820923209190369,0.9581325650215149,0.9804781675338745,0.9516063332557678,0.9778321981430054,0.9416728019714355,0.9756513833999634,0.9343880414962769,0.9736078381538391,0.9278383851051331,0.9696334004402161,0.9203416109085083,0.9658864736557007,0.9090498089790344,0.9626151919364929,0.9001159071922302,0.9581438899040222,0.8903143405914307,0.9555723667144775,0.8770962357521057,0.951564610004425,0.8680775165557861,0.9489700198173523,0.8538540601730347,0.9426092505455017,0.8439570069313049,0.9375443458557129,0.8280646800994873,0.932537853717804,0.8141348361968994,0.9286162257194519,0.798740804195404,0.9233171939849854,0.7830978631973267,0.9168732166290283,0.7675589323043823,0.9117817878723145,0.7530741691589355,0.9031549096107483,0.7329156398773193,0.8972434997558594,0.7173633575439453,0.8895071744918823,0.7000728845596313,0.8818011283874512,0.681710422039032,0.8761659860610962,0.6674851179122925,0.8690682649612427,0.6459508538246155,0.8621169328689575,0.6276231408119202,0.850677490234375,0.6103754639625549,0.8406916260719299,0.5932697057723999,0.8298657536506653,0.567750096321106,0.8194339275360107,0.5569738149642944,0.8076525926589966,0.5368787050247192,0.7975841760635376,0.5120583176612854,0.7872166633605957,0.4934210181236267,0.7697182297706604,0.48313048481941223,0.7558951377868652,0.4593234360218048,0.7390429377555847,0.44051650166511536,0.7262319326400757,0.42722633481025696,0.7128158211708069,0.40599969029426575,0.6902653574943542,0.39306002855300903,0.6735796928405762,0.3729798495769501,0.6577242016792297,0.35649025440216064,0.6389319896697998,0.34355074167251587,0.6142924427986145,0.32658621668815613,0.599307119846344,0.3106807768344879,0.5780543088912964,0.2986026406288147,0.5565335154533386,0.28189852833747864,0.529166579246521,0.27347874641418457,0.5134282112121582,0.26183021068573,0.49552664160728455
cnn electric-dream,cnn,90,12,0.3204081654548645,3.4293561839149334e-06,1.0001192092895508,0.9999510049819946,1.0002821683883667,0.9998399019241333,1.0010873079299927,0.9995786547660828,1.00035560131073,0.9993400573730469,1.0017231702804565,0.9990203380584717,1.0022906064987183,0.9984208941459656,1.0024043321609497,0.9980310797691345,0.9997551441192627,0.9973984360694885,1.0017834901809692,0.9968187808990479,1.001989483833313,0.9958068132400513,0.9993019104003906,0.9950849413871765,0.9968799948692322,0.99442058801651,0.9990797638893127,0.9934014081954956,0.9959775805473328,0.9926601052284241,0.996890664100647,0.9911842942237854,0.9983712434768677,0.9904623031616211,0.992917537689209,0.9889223575592041,0.9855440855026245,0.9878578782081604,0.9849903583526611,0.9864482283592224,0.9832857847213745,0.984870970249176,0.981910765171051,0.9829264879226685,0.9727098941802979,0.9810487031936646,0.9682638049125671,0.9791833162307739,0.9627671241760254,0.976453423500061,0.957288920879364,0.9748737812042236,0.9470381140708923,0.9726687073707581,0.9417651295661926,0.969068169593811,0.9292739033699036,0.9666782021522522,0.9226786494255066,0.9636974930763245,0.9123151898384094,0.9593070149421692,0.9000447392463684,0.9556684494018555,0.887820303440094,0.9523124694824219,0.8830005526542664,0.9481550455093384,0.8621904253959656,0.9422103762626648,0.8472926020622253,0.938715398311615,0.843388557434082,0.9328396320343018,0.8203417062759399,0.9268742799758911,0.8177151083946228,0.9230571985244751,0.799557626247406,0.9180731177330017,0.7850998640060425,0.9112735986709595,0.765888512134552,0.9045886397361755,0.7564144730567932,0.8974833488464355,0.7448949813842773,0.8889558911323547,0.7272642850875854,0.8834444880485535,0.7161310911178589,0.8764111995697021,0.7000355124473572,0.868543267250061,0.6861637830734253,0.8592226505279541,0.6691993474960327,0.8500881791114807,0.6607988476753235,0.8414044380187988,0.6452253460884094,0.8340477347373962,0.6267399787902832,0.8252100944519043,0.6190893650054932,0.8147095441818237,0.6057441234588623,0.805443286895752,0.5936411619186401,0.7941052317619324,0.5843777656555176,0.7862580418586731,0.5657771825790405,0.7765786647796631,0.5538008213043213,0.7654381990432739,0.5434531569480896,0.7547623515129089,0.5295824408531189,0.7400091886520386,0.5213882327079773,0.7319870591163635,0.513298749923706,0.7252704501152039,0.5030483603477478,0.7157020568847656,0.49439436197280884,0.7011310458183289
cnn electric-dream,cnn,90,24,0.5408163070678711,7.731914593023248e-06,0.9998116493225098,0.9999802708625793,1.001184344291687,0.9999123215675354,1.002549648284912,0.999768853187561,1.0014779567718506,0.999649703502655,1.0051031112670898,0.999470055103302,1.0078061819076538,0.9991899728775024,1.0086371898651123,0.9989635348320007,1.0071525573730469,0.9986612796783447,1.0124160051345825,0.9984248280525208,1.0144634246826172,0.9978412389755249,1.0130064487457275,0.9975699782371521,1.010633945465088,0.997198224067688,1.0184662342071533,0.9966025948524475,1.0173524618148804,0.9963377118110657,1.0222842693328857,0.9956936240196228,1.0255699157714844,0.9952582716941833,1.0265694856643677,0.99460768699646,1.0176973342895508,0.9937595129013062,1.0263606309890747,0.9929990768432617,1.026005506515503,0.9924457669258118,1.027544617652893,0.9909846186637878,1.026578426361084,0.9902769327163696,1.0279765129089355,0.9895222783088684,1.0261913537979126,0.9878292083740234,1.0260673761367798,0.9871875643730164,1.0214910507202148,0.9855231642723083,1.0233098268508911,0.9838629961013794,1.0236893892288208,0.9824573397636414,1.014654517173767,0.9809060096740723,1.0119622945785522,0.9788227677345276,1.0120056867599487,0.977077841758728,1.0085258483886719,0.974712610244751,1.010171890258789,0.9720165133476257,1.0006972551345825,0.9697014093399048,0.9914460778236389,0.9666703343391418,0.9946010112762451,0.9652091860771179,0.9820932745933533,0.9609496593475342,0.9831502437591553,0.9588462710380554,0.9785369038581848,0.9555749893188477,0.9762187004089355,0.9517325162887573,0.9593938589096069,0.9486266374588013,0.9606620669364929,0.9455612897872925,0.9494827389717102,0.9418832659721375,0.9479999542236328,0.9387179613113403,0.9443893432617188,0.9341295957565308,0.9393004775047302,0.9299160242080688,0.927383303642273,0.9257554411888123,0.9140313267707825,0.9224216341972351,0.9211437702178955,0.9170030355453491,0.9023454785346985,0.9141674041748047,0.8998985886573792,0.9097591638565063,0.8917473554611206,0.9039515852928162,0.8953648209571838,0.8991916179656982,0.8905925750732422,0.8944239020347595,0.8774915337562561,0.8899842500686646,0.8731726408004761,0.8863461017608643,0.8596513271331787,0.8787849545478821,0.849733293056488,0.8743873834609985,0.8446327447891235,0.8701384663581848,0.8378475904464722,0.8645985126495361,0.8321060538291931,0.8619605302810669,0.8274799585342407,0.8558233976364136,0.8183566927909851,0.8510447144508362
cnn electric-dream,cnn,90,37,0.7795918583869934,1.2701888408628292e-05,0.9988501071929932,0.9999919533729553,1.0011450052261353,0.9999564290046692,1.0023289918899536,0.9998852610588074,1.0008273124694824,0.9998279809951782,1.0053826570510864,0.9997069835662842,1.0090973377227783,0.9995806813240051,1.0089384317398071,0.9994142651557922,1.0082836151123047,0.9992656707763672,1.0141956806182861,0.9991264939308167,1.0154905319213867,0.9988017082214355,1.0140721797943115,0.9985716938972473,1.0085116624832153,0.9982578158378601,1.02006196975708,0.9978841543197632,1.0181195735931396,0.9975713491439819,1.0240309238433838,0.9970518350601196,1.022403597831726,0.9966566562652588,1.0267934799194336,0.9962690472602844,1.0190658569335938,0.9954939484596252,1.0277917385101318,0.9947939515113831,1.0257028341293335,0.9942409992218018,1.0254011154174805,0.9924344420433044,1.0254859924316406,0.9921321272850037,1.0305354595184326,0.9914212226867676,1.0276583433151245,0.9900577068328857,1.0305098295211792,0.9889016151428223,1.0220916271209717,0.987882673740387,1.0257586240768433,0.9866923689842224,1.0262020826339722,0.9850015640258789,1.0181537866592407,0.9833665490150452,1.013975977897644,0.9822527170181274,1.0155189037322998,0.9803879857063293,1.006585955619812,0.9783990979194641,1.0059291124343872,0.9758446216583252,1.0083218812942505,0.9745712280273438,0.9977928996086121,0.9723517298698425,0.9992852210998535,0.9706719517707825,0.9910666346549988,0.9678613543510437,0.9877185225486755,0.9652624726295471,0.9810393452644348,0.9626957774162292,0.9804332256317139,0.9602307677268982,0.9723833203315735,0.956914484500885,0.9686020612716675,0.9548753499984741,0.9654636383056641,0.9525529742240906,0.9556078910827637,0.9483562111854553,0.9517555832862854,0.9455114006996155,0.9453120231628418,0.9414300918579102,0.9395394325256348,0.9374397993087769,0.9335638880729675,0.9350870847702026,0.9318913221359253,0.9314237236976624,0.917885959148407,0.927314281463623,0.9072891473770142,0.9229891896247864,0.9004334807395935,0.9200727343559265,0.9050160050392151,0.9161718487739563,0.8869543075561523,0.911372184753418,0.881779134273529,0.906589925289154,0.871488630771637,0.9026473164558411,0.8756815791130066,0.89750736951828,0.8573791980743408,0.8921346068382263,0.8577854633331299,0.8888561725616455,0.8544828295707703,0.8849261403083801,0.8511095643043518,0.8788913488388062,0.8429025411605835,0.8713564872741699,0.8283641934394836,0.8696866631507874
cnn electric-dream,cnn,90,49,1.0,1.6872807464096695e-05,0.9980108737945557,0.9999943971633911,1.0008227825164795,0.9999707341194153,1.0016423463821411,0.9999244213104248,0.9999326467514038,0.9998766779899597,1.0045299530029297,0.9997501373291016,1.0084376335144043,0.9996325373649597,1.0074330568313599,0.9994187355041504,1.007077932357788,0.9992480874061584,1.0133166313171387,0.9990512728691101,1.012824535369873,0.9986818432807922,1.0110338926315308,0.9983148574829102,1.002923607826233,0.9978316426277161,1.0151617527008057,0.9975298643112183,1.0133715867996216,0.996864378452301,1.0204743146896362,0.9959767460823059,1.0138747692108154,0.995386004447937,1.0158542394638062,0.9946284294128418,1.0111640691757202,0.9936462640762329,1.016668677330017,0.9925368428230286,1.014832854270935,0.9916749596595764,1.0145107507705688,0.9892103672027588,1.0079938173294067,0.9885699152946472,1.0166860818862915,0.9875836968421936,1.0122026205062866,0.9854792952537537,1.0167407989501953,0.9841352701187134,1.0063520669937134,0.9824955463409424,1.010211706161499,0.9807431697845459,1.010712742805481,0.9788051247596741,1.0048847198486328,0.9760707020759583,0.995595395565033,0.9748443365097046,0.9996112585067749,0.9721420407295227,0.989862322807312,0.9695905447006226,0.9883840680122375,0.9661350250244141,0.9812617301940918,0.9650048613548279,0.9752002954483032,0.961876630783081,0.977723240852356,0.9580657482147217,0.973779559135437,0.9561324715614319,0.9660808444023132,0.9529299139976501,0.957038164138794,0.9498105645179749,0.9536976218223572,0.9467308521270752,0.9371150135993958,0.9437253475189209,0.9416754841804504,0.9396856427192688,0.9309301376342773,0.9368129372596741,0.9284385442733765,0.9341332912445068,0.9231030941009521,0.9291321635246277,0.9058363437652588,0.9261565804481506,0.8962781429290771,0.920222282409668,0.8945028185844421,0.9162693023681641,0.8911593556404114,0.9114549160003662,0.8801673650741577,0.9068906307220459,0.8787168264389038,0.9036333560943604,0.8656162619590759,0.8967043161392212,0.8575562834739685,0.8931270241737366,0.8531089425086975,0.8892389535903931,0.8399067521095276,0.8822826743125916,0.8289729952812195,0.8762992024421692,0.8268618583679199,0.8724324107170105,0.8105821013450623,0.8644126653671265,0.8029781579971313,0.8618837594985962,0.802409827709198,0.858224093914032,0.7922631502151489,0.8482853770256042,0.7820921540260315,0.8432754874229431,0.7777007818222046,0.8386238813400269
cnn electric-dream,cnn,91,0,0.10000000149011612,4.520675247476902e-07,0.99965900182724,0.9998193383216858,0.9992918372154236,0.9995723366737366,0.998455286026001,0.999062716960907,0.9975650310516357,0.9985462427139282,0.9965086579322815,0.9979870319366455,0.9947653412818909,0.9972631931304932,0.9925090074539185,0.9960384964942932,0.9908834099769592,0.9950864315032959,0.987903892993927,0.9935906529426575,0.9848693609237671,0.9925690293312073,0.9803513884544373,0.9914743304252625,0.9781315922737122,0.9890930652618408,0.9732071161270142,0.9870557188987732,0.968171238899231,0.9852273464202881,0.9619940519332886,0.9833855628967285,0.9585208296775818,0.9806089401245117,0.9507876038551331,0.9774338006973267,0.9441985487937927,0.9750786423683167,0.937788724899292,0.9727170467376709,0.9269192218780518,0.9693148732185364,0.9192095398902893,0.9668506383895874,0.9112496376037598,0.9630553722381592,0.9008569121360779,0.9583306908607483,0.8902442455291748,0.9550004005432129,0.8756678104400635,0.9516447186470032,0.8682923316955566,0.946635901927948,0.854021430015564,0.9435632824897766,0.8423288464546204,0.9386909008026123,0.8276053667068481,0.9349488019943237,0.8136968612670898,0.9267589449882507,0.7989768385887146,0.9232994318008423,0.7815262079238892,0.9176592826843262,0.7697232365608215,0.910326361656189,0.7506251335144043,0.9031544923782349,0.7343238592147827,0.897713840007782,0.721915066242218,0.8908045291900635,0.7001444101333618,0.8856341242790222,0.6853392124176025,0.8777273297309875,0.665766716003418,0.8691729307174683,0.6471028327941895,0.8574360013008118,0.6286430358886719,0.851019024848938,0.6149412393569946,0.8418170213699341,0.587560772895813,0.8301106691360474,0.5713638067245483,0.8221836686134338,0.5544381141662598,0.8097811341285706,0.5367892384529114,0.7942978739738464,0.5187248587608337,0.7808590531349182,0.497481107711792,0.772009015083313,0.4803667366504669,0.7594054937362671,0.4608280658721924,0.7442312240600586,0.44579312205314636,0.7286385297775269,0.4241923391819,0.7106138467788696,0.40733644366264343,0.6966656446456909,0.38739392161369324,0.6698004007339478,0.3763367533683777,0.6542675495147705,0.3557529151439667,0.6358250379562378,0.3442007303237915,0.6174805164337158,0.3263361155986786,0.596717119216919,0.3114347457885742,0.5754926204681396,0.30129629373550415,0.5546330213546753,0.28082549571990967,0.5391973853111267,0.2705073952674866,0.516913890838623,0.261534184217453,0.49891769886016846
cnn electric-dream,cnn,91,12,0.3204081654548645,3.412515070522204e-06,0.9991881251335144,0.9998942017555237,1.0000908374786377,0.9997735023498535,0.9993559718132019,0.9995625615119934,0.9995072484016418,0.9993098378181458,1.0021100044250488,0.9989287853240967,1.0005794763565063,0.998581051826477,1.0009455680847168,0.9979674816131592,1.000485897064209,0.9974318146705627,1.0025964975357056,0.9966843128204346,1.0012807846069336,0.9962924122810364,1.0007904767990112,0.9958000183105469,1.0024579763412476,0.9947325587272644,1.0000948905944824,0.9936193823814392,0.9998458027839661,0.9927195310592651,0.9966577887535095,0.9917871952056885,0.9996239542961121,0.9908286929130554,0.9953853487968445,0.9892296195030212,0.9942476153373718,0.9876874685287476,0.995471179485321,0.9865773320198059,0.982933521270752,0.9846001267433167,0.9819441437721252,0.9835312366485596,0.9788148403167725,0.981414794921875,0.9757391810417175,0.9787440896034241,0.9683281779289246,0.9770747423171997,0.960542619228363,0.9750940203666687,0.9540783762931824,0.9725143909454346,0.9426199793815613,0.969036877155304,0.93621826171875,0.9676111936569214,0.9287316203117371,0.9640079140663147,0.9163177013397217,0.960206151008606,0.9077398180961609,0.9563577175140381,0.892997145652771,0.9526567459106445,0.8850206732749939,0.9479382038116455,0.8664522171020508,0.9444108605384827,0.8574549555778503,0.9380655288696289,0.8482043147087097,0.9346280694007874,0.8303881883621216,0.9276837110519409,0.8236454129219055,0.9230698347091675,0.8102544546127319,0.9186781048774719,0.7911181449890137,0.9112787246704102,0.7771621346473694,0.9061424732208252,0.7594367265701294,0.8985533118247986,0.7461299896240234,0.8908607363700867,0.7348180413246155,0.883683979511261,0.7209696173667908,0.8758752346038818,0.7077581286430359,0.8681719303131104,0.6925565004348755,0.8601030707359314,0.6800007224082947,0.8526965975761414,0.6642043590545654,0.8449500799179077,0.6534547209739685,0.8348443508148193,0.6322508454322815,0.8264570832252502,0.6222188472747803,0.8184412121772766,0.6138789057731628,0.803956925868988,0.5982590913772583,0.7946630716323853,0.5898436903953552,0.7848966717720032,0.5732348561286926,0.7776269316673279,0.5634201765060425,0.7634057402610779,0.5497702360153198,0.7559899687767029,0.544308066368103,0.7417457103729248,0.523385763168335,0.7390841841697693,0.5146420001983643,0.7239977717399597,0.5110095143318176,0.7172530889511108,0.49506452679634094,0.7111690640449524
cnn electric-dream,cnn,91,24,0.5408163070678711,7.677139365114272e-06,0.9986919164657593,0.9999433159828186,1.000076174736023,0.9998899102210999,0.9998518824577332,0.9998058080673218,1.001233458518982,0.9996761083602905,1.0049914121627808,0.9994189739227295,1.0040490627288818,0.9992694854736328,1.005975365638733,0.9988858103752136,1.0061757564544678,0.9986544847488403,1.0129225254058838,0.9983711242675781,1.011651873588562,0.9981538653373718,1.0160917043685913,0.9978821277618408,1.0154446363449097,0.997377872467041,1.017516016960144,0.9969117045402527,1.0187376737594604,0.9963425993919373,1.020535945892334,0.9960235953330994,1.0270920991897583,0.9954744577407837,1.0271103382110596,0.9945953488349915,1.029465913772583,0.9938578605651855,1.028686285018921,0.9931464195251465,1.0248808860778809,0.9922853112220764,1.0308706760406494,0.9915134906768799,1.0333962440490723,0.9906180500984192,1.031248927116394,0.9892430305480957,1.034051775932312,0.9879167079925537,1.03502357006073,0.9868330359458923,1.0281599760055542,0.9854021072387695,1.0292102098464966,0.9836529493331909,1.0247617959976196,0.9821209907531738,1.0281052589416504,0.9805783629417419,1.020867943763733,0.9790540337562561,1.0196861028671265,0.9765408039093018,1.01151442527771,0.9744068384170532,1.0111668109893799,0.9716067910194397,1.005271077156067,0.9705047607421875,0.9970421195030212,0.9667066931724548,0.9934641718864441,0.9646087884902954,0.9902507662773132,0.9615804553031921,0.9900701642036438,0.958364725112915,0.9785179495811462,0.954988956451416,0.9755012392997742,0.9517410397529602,0.9689719080924988,0.9483853578567505,0.9632115960121155,0.9454005360603333,0.9604860544204712,0.9412891268730164,0.9479377269744873,0.9384890794754028,0.9434517621994019,0.9333707094192505,0.943456768989563,0.9298768639564514,0.9322368502616882,0.9260072112083435,0.9201924800872803,0.9199167490005493,0.9143124222755432,0.9164863228797913,0.9064615368843079,0.9111924767494202,0.9024718999862671,0.9068648815155029,0.8990945816040039,0.903097927570343,0.8960582613945007,0.8967530727386475,0.8862374424934387,0.8910893201828003,0.8830212950706482,0.8885922431945801,0.8730389475822449,0.8826666474342346,0.8585276007652283,0.8753333687782288,0.8552310466766357,0.8719587922096252,0.850784182548523,0.8647846579551697,0.8367019891738892,0.8626410365104675,0.8347727656364441,0.856535017490387,0.8331878781318665,0.8522751927375793,0.8139160871505737,0.8460490703582764
cnn electric-dream,cnn,91,37,0.7795918583869934,1.2613598300958984e-05,0.9974573850631714,0.9999767541885376,0.9992864727973938,0.999955952167511,0.999609649181366,0.9999186396598816,1.0012847185134888,0.9998560547828674,1.0049004554748535,0.999692976474762,1.0039820671081543,0.9996292591094971,1.006105661392212,0.9993098378181458,1.004669189453125,0.9992465972900391,1.014984369277954,0.9991079568862915,1.0115033388137817,0.9989489912986755,1.0197633504867554,0.9987122416496277,1.014291524887085,0.9983053803443909,1.017056941986084,0.9980997443199158,1.0161857604980469,0.9975535869598389,1.020944595336914,0.9973834156990051,1.0258761644363403,0.996634840965271,1.0273624658584595,0.9960888028144836,1.0278302431106567,0.9954882264137268,1.025504469871521,0.9947532415390015,1.0249720811843872,0.9941603541374207,1.031891942024231,0.9934074878692627,1.036634922027588,0.9925910234451294,1.027748465538025,0.9915963411331177,1.0336109399795532,0.990136981010437,1.0330137014389038,0.9890376329421997,1.0297646522521973,0.9874936938285828,1.0287902355194092,0.9865795969963074,1.0237053632736206,0.9847473502159119,1.0252509117126465,0.9833706617355347,1.0283839702606201,0.9824075102806091,1.0239635705947876,0.9804480075836182,1.0195305347442627,0.9781098961830139,1.016972303390503,0.9757755398750305,1.0066046714782715,0.9742842316627502,1.004310131072998,0.9717937111854553,1.0057214498519897,0.9698307514190674,0.9953758716583252,0.9676249623298645,0.9962477684020996,0.9644627571105957,0.9913026690483093,0.9615166783332825,0.9867624640464783,0.9600637555122375,0.9752949476242065,0.9567076563835144,0.9724987149238586,0.9545493721961975,0.9706038236618042,0.9512013792991638,0.9575505256652832,0.9480193257331848,0.955745279788971,0.9442647695541382,0.955194354057312,0.9412652254104614,0.9485326409339905,0.938343346118927,0.9365787506103516,0.9344817996025085,0.930933952331543,0.9309099912643433,0.9218810796737671,0.9261050224304199,0.920956015586853,0.9231747984886169,0.9083308577537537,0.919140100479126,0.9012038707733154,0.9136973023414612,0.9000399708747864,0.9111623764038086,0.8945039510726929,0.907314121723175,0.8937585353851318,0.9039163589477539,0.8822581171989441,0.8969236612319946,0.8731178045272827,0.8940318822860718,0.8706640005111694,0.8888417482376099,0.8656951189041138,0.8842735886573792,0.8672564625740051,0.8807145357131958,0.8528825640678406,0.8762996792793274,0.8436552286148071,0.8724649548530579
cnn electric-dream,cnn,91,49,1.0,1.6774552932474762e-05,0.9963871240615845,0.9999904632568359,0.9985736012458801,0.999977707862854,0.9992274641990662,0.9999324083328247,1.0007214546203613,0.9998930096626282,1.003599762916565,0.9997528195381165,1.0029385089874268,0.9996621608734131,1.0046800374984741,0.9993148446083069,1.001703143119812,0.9992690086364746,1.013274908065796,0.9989953637123108,1.0090585947036743,0.9988902807235718,1.018223762512207,0.9984597563743591,1.0112411975860596,0.9978907704353333,1.0129585266113281,0.9976277947425842,1.010483741760254,0.9968634247779846,1.015970230102539,0.9966362118721008,1.018507480621338,0.9953639507293701,1.0218220949172974,0.9946571588516235,1.018625020980835,0.993768572807312,1.018457055091858,0.9926739931106567,1.0173943042755127,0.9919249415397644,1.021662950515747,0.9906215667724609,1.0282777547836304,0.9893975257873535,1.0163758993148804,0.9881693720817566,1.0224671363830566,0.9867451786994934,1.019896388053894,0.9850671291351318,1.0225194692611694,0.983106791973114,1.0142478942871094,0.9820665121078491,1.0106446743011475,0.9799277186393738,1.0098395347595215,0.9781416654586792,1.0186243057250977,0.9770269393920898,1.007408857345581,0.9740468263626099,1.0041848421096802,0.9722069501876831,1.003913164138794,0.9690326452255249,0.9980335831642151,0.9666835069656372,0.9882373213768005,0.964030921459198,0.9905273914337158,0.9611894488334656,0.9799724817276001,0.959255576133728,0.9875805377960205,0.9569764733314514,0.9772899150848389,0.9530722498893738,0.9745878577232361,0.9502243995666504,0.9637433886528015,0.9466343522071838,0.9585629105567932,0.9448494911193848,0.9537212252616882,0.9408014416694641,0.9404051899909973,0.9370888471603394,0.9352200031280518,0.9326251745223999,0.9268178939819336,0.9282532930374146,0.9239468574523926,0.926961362361908,0.9120245575904846,0.9219406247138977,0.9155959486961365,0.9175459146499634,0.8997516632080078,0.9135310053825378,0.8991484045982361,0.9105852246284485,0.8911502361297607,0.904906153678894,0.8774644732475281,0.9012361168861389,0.8709985017776489,0.8944675326347351,0.8663377165794373,0.8924955725669861,0.8651044964790344,0.8862158060073853,0.8558008670806885,0.881862461566925,0.8425248861312866,0.8748594522476196,0.8361393213272095,0.8710449934005737,0.8396478295326233,0.8655181527137756,0.8267732858657837,0.8603283762931824,0.8264395594596863,0.854962170124054,0.8132312297821045,0.8501553535461426
cnn electric-dream,cnn,92,0,0.10000000149011612,4.52115784810303e-07,0.9997312426567078,0.999887228012085,0.9994415044784546,0.9995929598808289,0.9982906579971313,0.9991275072097778,0.9972568154335022,0.9986457228660583,0.9965961575508118,0.9982336163520813,0.9944717884063721,0.9974054098129272,0.9922890067100525,0.9962040185928345,0.9901109933853149,0.9950389862060547,0.9882198572158813,0.993893027305603,0.9840393662452698,0.9923094511032104,0.9811654090881348,0.9908859729766846,0.9772962927818298,0.9889733791351318,0.9729136824607849,0.9876465797424316,0.9695167541503906,0.9852350950241089,0.963546633720398,0.9829715490341187,0.9576704502105713,0.9803552031517029,0.9509333968162537,0.9778352379798889,0.943509578704834,0.9754987955093384,0.9357514381408691,0.9730390906333923,0.9277862310409546,0.9694572687149048,0.9187088012695312,0.9668214917182922,0.9105600118637085,0.9632860422134399,0.9013373255729675,0.9593857526779175,0.8889251351356506,0.9560263752937317,0.878930926322937,0.9513159990310669,0.8648919463157654,0.946636974811554,0.85378098487854,0.9424775242805481,0.8412522673606873,0.9377089738845825,0.8250478506088257,0.9332180023193359,0.8126353621482849,0.9281859397888184,0.7979605793952942,0.9235416650772095,0.7810822129249573,0.9174985885620117,0.7666378021240234,0.9124665856361389,0.749234676361084,0.9025769233703613,0.7311594486236572,0.8968772888183594,0.7144805788993835,0.8894637227058411,0.6950743794441223,0.8836703300476074,0.6834453344345093,0.8751016855239868,0.6616734266281128,0.8678346872329712,0.643094003200531,0.8576180934906006,0.6226825714111328,0.8502617478370667,0.6072182655334473,0.8404545187950134,0.5890700817108154,0.8304983377456665,0.5699478983879089,0.8183025121688843,0.5489456653594971,0.8083019852638245,0.5314556956291199,0.795340359210968,0.5086202025413513,0.7847622036933899,0.4903624951839447,0.771140992641449,0.47787317633628845,0.7561787962913513,0.4572919011116028,0.740157961845398,0.43613260984420776,0.7231330871582031,0.420478880405426,0.7139221429824829,0.4030401110649109,0.6916251182556152,0.3881254196166992,0.6738318800926208,0.3660586178302765,0.6568025350570679,0.35112154483795166,0.639139711856842,0.33718040585517883,0.6189656853675842,0.31789639592170715,0.5956205725669861,0.30373522639274597,0.5744977593421936,0.288303405046463,0.5507545471191406,0.2775786519050598,0.5440714955329895,0.26776736974716187,0.5146956443786621,0.25309714674949646,0.49639368057250977
cnn electric-dream,cnn,92,12,0.3204081654548645,3.4446447898517363e-06,1.000754714012146,0.9999397993087769,1.0011706352233887,0.9997760057449341,1.0017873048782349,0.9995060563087463,1.0000625848770142,0.9992626309394836,1.002882719039917,0.9989957213401794,1.0013797283172607,0.998680591583252,0.9990133047103882,0.9979473948478699,1.001569390296936,0.997228741645813,1.0013052225112915,0.9968398213386536,1.0016533136367798,0.9961801171302795,0.9987220168113708,0.9952324032783508,1.000840663909912,0.9944134950637817,0.999684751033783,0.9940734505653381,0.9984694123268127,0.9925327301025391,0.9980109930038452,0.9913374185562134,0.9942693710327148,0.9898777604103088,0.9909169673919678,0.9891757369041443,0.9887356162071228,0.9875141382217407,0.9846691489219666,0.9867727756500244,0.983795166015625,0.9847525954246521,0.9746106266975403,0.9830535650253296,0.9743029475212097,0.9813340306282043,0.9670284390449524,0.9795675873756409,0.9673565030097961,0.9767316579818726,0.9554488658905029,0.9749657511711121,0.9468497633934021,0.9717190861701965,0.9459376335144043,0.9695286750793457,0.933694064617157,0.9669819474220276,0.9196425676345825,0.96345055103302,0.9131281971931458,0.959912121295929,0.9005910754203796,0.955930233001709,0.8924317359924316,0.9516984820365906,0.8803476691246033,0.9480676651000977,0.8664266467094421,0.9432665705680847,0.8509587645530701,0.938734769821167,0.840630829334259,0.9329716563224792,0.8202052712440491,0.9274590015411377,0.8182560801506042,0.9228053689002991,0.7972195744514465,0.9166229367256165,0.7843645215034485,0.9092851281166077,0.7748974561691284,0.9031553864479065,0.7578586935997009,0.8939968347549438,0.7388951182365417,0.8875609040260315,0.7263351082801819,0.881743848323822,0.7170506715774536,0.8724342584609985,0.6970747113227844,0.8647605180740356,0.6834327578544617,0.8578670620918274,0.6679941415786743,0.8491851091384888,0.654191255569458,0.8430880308151245,0.6464582681655884,0.832017183303833,0.6335416436195374,0.8210256695747375,0.6157004833221436,0.814714789390564,0.6018328070640564,0.8065100312232971,0.5885346531867981,0.796220064163208,0.5778120160102844,0.7817758321762085,0.5690194964408875,0.7735708355903625,0.5506733059883118,0.758996844291687,0.5448027849197388,0.7511969208717346,0.5277094841003418,0.741912841796875,0.5161828994750977,0.7315651178359985,0.5140376091003418,0.7243077158927917,0.4993465840816498,0.715194046497345,0.49766331911087036,0.7042331695556641
cnn electric-dream,cnn,92,24,0.5408163070678711,7.753920726827346e-06,1.0014370679855347,0.9999699592590332,1.0018243789672852,0.9998796582221985,1.0035122632980347,0.9997349977493286,1.0020390748977661,0.9996067881584167,1.0069831609725952,0.9994273781776428,1.0064369440078735,0.9993547797203064,1.0038937330245972,0.9989267587661743,1.0084148645401,0.9984925985336304,1.0094578266143799,0.9983876943588257,1.0143754482269287,0.9980872273445129,1.011138677597046,0.9975908994674683,1.0176074504852295,0.9972550868988037,1.0189018249511719,0.9971210956573486,1.0198332071304321,0.9963324666023254,1.0221248865127563,0.995716392993927,1.021693468093872,0.994897723197937,1.0246490240097046,0.9945043325424194,1.0239065885543823,0.9937942624092102,1.0259891748428345,0.9932274222373962,1.0264402627944946,0.9923363924026489,1.0198993682861328,0.9910938143730164,1.0293705463409424,0.9905473589897156,1.025259017944336,0.9894780516624451,1.0318481922149658,0.9877535700798035,1.0218013525009155,0.9869415163993835,1.0260510444641113,0.9854679107666016,1.026573657989502,0.9842638969421387,1.0214331150054932,0.9827867746353149,1.0173876285552979,0.9808183908462524,1.0169353485107422,0.9788913726806641,1.0105944871902466,0.9765998125076294,1.009753942489624,0.9752963781356812,1.0067585706710815,0.9720649123191833,1.0034157037734985,0.9695404767990112,0.9972611665725708,0.967676043510437,0.989025890827179,0.966050386428833,0.989359438419342,0.9619305729866028,0.9839369058609009,0.9591829776763916,0.9779799580574036,0.9562107920646667,0.9735361337661743,0.9534044861793518,0.975105881690979,0.9504309892654419,0.9655167460441589,0.9461653828620911,0.9541364908218384,0.9406769871711731,0.9466137290000916,0.9390789270401001,0.9379761219024658,0.9354269504547119,0.9366002082824707,0.929614245891571,0.9332444667816162,0.9273740649223328,0.9264865517616272,0.9223043322563171,0.9174624681472778,0.9189998507499695,0.9152814149856567,0.9147746562957764,0.9063096642494202,0.9090960025787354,0.8999999761581421,0.9058693051338196,0.891030490398407,0.9011223316192627,0.8972810506820679,0.8976317048072815,0.8827236890792847,0.8913800120353699,0.8764901757240295,0.8858683109283447,0.8701852560043335,0.8817717432975769,0.8658763766288757,0.8745061159133911,0.8518909811973572,0.8716675043106079,0.8480082750320435,0.8662382364273071,0.8442336916923523,0.8616349697113037,0.8399796485900879,0.8577384948730469,0.8396570682525635,0.8523854613304138
cnn electric-dream,cnn,92,37,0.7795918583869934,1.2742625585815404e-05,1.001430869102478,0.9999890327453613,1.0013657808303833,0.9999454021453857,1.0033098459243774,0.9998793005943298,1.0025120973587036,0.9998019337654114,1.007805347442627,0.999697208404541,1.0074729919433594,0.9996672868728638,1.0043189525604248,0.9994778633117676,1.0081067085266113,0.9992287158966064,1.0095171928405762,0.9991609454154968,1.0134541988372803,0.9988457560539246,1.0121362209320068,0.9986545443534851,1.0189539194107056,0.998324453830719,1.0164411067962646,0.9982932209968567,1.0224424600601196,0.9976775050163269,1.0214256048202515,0.99716717004776,1.0226407051086426,0.9968786835670471,1.027782678604126,0.99628746509552,1.0249534845352173,0.9954765439033508,1.0240871906280518,0.9950151443481445,1.0257489681243896,0.994339108467102,1.020131230354309,0.9937757849693298,1.02947998046875,0.9928644299507141,1.0240987539291382,0.9917806386947632,1.0292140245437622,0.9905518889427185,1.02212655544281,0.9898548722267151,1.0248233079910278,0.9884086847305298,1.027426838874817,0.9873775243759155,1.0222673416137695,0.9862781167030334,1.0188590288162231,0.9850921034812927,1.017054796218872,0.9830482006072998,1.0173250436782837,0.9810969829559326,1.0145564079284668,0.9795539975166321,1.014084815979004,0.9777579307556152,1.016617774963379,0.9749380946159363,1.0066288709640503,0.9738118052482605,1.0061299800872803,0.9718415141105652,1.002288579940796,0.968670129776001,0.9971909523010254,0.9677596688270569,0.9968843460083008,0.9649807214736938,0.9840835332870483,0.9622307419776917,0.990282416343689,0.9601994156837463,0.9847667217254639,0.9577149152755737,0.9721455574035645,0.9529030323028564,0.9654030799865723,0.9503185749053955,0.9592576622962952,0.9478230476379395,0.9637450575828552,0.9428952932357788,0.9541003704071045,0.941143274307251,0.9455769658088684,0.9369527101516724,0.9401124715805054,0.9343665242195129,0.9342191219329834,0.9300236105918884,0.9211691617965698,0.9267476201057434,0.9166420698165894,0.9227166771888733,0.9067122340202332,0.9199366569519043,0.903992235660553,0.9139353036880493,0.9010162949562073,0.91073077917099,0.8922963738441467,0.9075420498847961,0.8793251514434814,0.9015560150146484,0.881386935710907,0.8976019620895386,0.8788086175918579,0.8933751583099365,0.8641971945762634,0.8888328671455383,0.867988646030426,0.8825677633285522,0.8609455823898315,0.8781233429908752,0.8498740196228027,0.8746882677078247
cnn electric-dream,cnn,92,49,1.0,1.6936326574068516e-05,1.0013288259506226,0.9999963045120239,1.0007644891738892,0.9999728202819824,1.0025575160980225,0.9999370574951172,1.002537727355957,0.999864935874939,1.007506251335144,0.999774694442749,1.0070924758911133,0.9996808767318726,1.0028878450393677,0.9995721578598022,1.0062682628631592,0.9993426203727722,1.0076570510864258,0.9991933107376099,1.0086191892623901,0.9987303018569946,1.0097748041152954,0.9985339045524597,1.0154993534088135,0.9980409741401672,1.0085399150848389,0.9978824257850647,1.0173964500427246,0.9971374869346619,1.01631760597229,0.9963279366493225,1.016387939453125,0.9960457682609558,1.0223333835601807,0.9952226281166077,1.018598198890686,0.9941561222076416,1.0146589279174805,0.9931173920631409,1.0180654525756836,0.9923186302185059,1.0116002559661865,0.9915186166763306,1.0165334939956665,0.9903266429901123,1.0085244178771973,0.9892661571502686,1.011960506439209,0.9876132011413574,1.0068161487579346,0.985958993434906,1.0056025981903076,0.9839178323745728,1.0066568851470947,0.9827253818511963,1.0029172897338867,0.9809057712554932,0.9969818592071533,0.9793631434440613,0.9925393462181091,0.9772230982780457,0.9922546148300171,0.9746266603469849,0.9874603152275085,0.972265899181366,0.9915459156036377,0.9706106185913086,0.9868717789649963,0.9671236276626587,0.9763306975364685,0.9654163718223572,0.9815173149108887,0.9628062844276428,0.974899172782898,0.9581499099731445,0.9596090912818909,0.9577116966247559,0.9618768095970154,0.9542849659919739,0.9528589844703674,0.9506098628044128,0.9516714811325073,0.947433590888977,0.9450920224189758,0.9457609057426453,0.9314063787460327,0.9405237436294556,0.9190548062324524,0.936021089553833,0.9159246683120728,0.9350847601890564,0.9154459834098816,0.9307988286018372,0.9115928411483765,0.9246113300323486,0.9012148380279541,0.9199414253234863,0.8891720175743103,0.9154818058013916,0.8911364674568176,0.9117937684059143,0.8747215270996094,0.9059593677520752,0.8730402588844299,0.90104740858078,0.8594943284988403,0.8978996872901917,0.8542268872261047,0.8901956677436829,0.8461611270904541,0.8870375752449036,0.8345186114311218,0.8823853731155396,0.8253138065338135,0.8753437995910645,0.8268688917160034,0.8710833787918091,0.8146898746490479,0.8660943508148193,0.8133866190910339,0.8601173758506775,0.8087654709815979,0.8550841212272644,0.802445650100708,0.8497090339660645,0.7952052354812622,0.844020426273346
cnn electric-dream,cnn,93,0,0.10000000149011612,4.4951013933314243e-07,1.0000044107437134,0.9998576045036316,0.999203085899353,0.9997036457061768,0.9985001087188721,0.999323308467865,0.997554361820221,0.9987578988075256,0.9963086843490601,0.9979447722434998,0.9941574335098267,0.99721759557724,0.992794930934906,0.996194064617157,0.990042507648468,0.9955627918243408,0.9877774715423584,0.9939607977867126,0.9849517941474915,0.9924156069755554,0.9805983304977417,0.9907628893852234,0.9773519039154053,0.9894621968269348,0.9733332991600037,0.9867688417434692,0.9690394997596741,0.9849610328674316,0.963509202003479,0.9830808043479919,0.9576497077941895,0.9793856739997864,0.9507220983505249,0.9784063100814819,0.9436560273170471,0.9755610823631287,0.9361791610717773,0.9727684855461121,0.9283680319786072,0.9689359068870544,0.9183145761489868,0.9672145247459412,0.9096670150756836,0.9619805216789246,0.8998240232467651,0.9591724872589111,0.8899350166320801,0.9554466009140015,0.8780695199966431,0.9503917694091797,0.8651964068412781,0.9463215470314026,0.852563738822937,0.9429755806922913,0.8436604738235474,0.9379932284355164,0.8250349760055542,0.9343103766441345,0.8125961422920227,0.9265275597572327,0.8022446632385254,0.9224888682365417,0.7832688689231873,0.9172877073287964,0.7650641202926636,0.9106560349464417,0.7505413889884949,0.904114305973053,0.7278527021408081,0.8965902328491211,0.7184631824493408,0.8900192975997925,0.6966943144798279,0.8831276893615723,0.679108202457428,0.8765502572059631,0.6607823967933655,0.8659945726394653,0.642756998538971,0.8595534563064575,0.6280912160873413,0.8491618633270264,0.603483259677887,0.8394424915313721,0.5888861417770386,0.8335530161857605,0.5684407353401184,0.8202095627784729,0.5491539835929871,0.8102399706840515,0.5316235423088074,0.7959644794464111,0.5144065618515015,0.7864074110984802,0.4954293966293335,0.7687256336212158,0.478532075881958,0.7577800154685974,0.4539858102798462,0.7396710515022278,0.440832257270813,0.7256700992584229,0.42250505089759827,0.7123077511787415,0.4037210941314697,0.6991502046585083,0.38916853070259094,0.6728619933128357,0.3702242374420166,0.6560190320014954,0.35547202825546265,0.6362358331680298,0.34000542759895325,0.6194220781326294,0.32421940565109253,0.5991782546043396,0.306013286113739,0.5872336626052856,0.29328352212905884,0.5554165244102478,0.28222042322158813,0.5383226871490479,0.2668167054653168,0.5142666697502136,0.254937082529068,0.5007023215293884
cnn electric-dream,cnn,93,12,0.3204081654548645,3.424986971367616e-06,1.0005322694778442,0.9999165534973145,1.0011628866195679,0.9998364448547363,1.0021766424179077,0.9996268153190613,1.0023521184921265,0.9993513822555542,1.0029352903366089,0.9989312887191772,1.000877857208252,0.9984802603721619,1.0036176443099976,0.9979949593544006,0.9999974370002747,0.997792661190033,1.0025205612182617,0.9970042705535889,1.0024415254592896,0.996313214302063,0.9983428120613098,0.9954637289047241,1.0008918046951294,0.9947009682655334,0.9958600401878357,0.993672251701355,0.9992422461509705,0.9924912452697754,0.9980602264404297,0.9916266798973083,0.9963240027427673,0.9898562431335449,0.9943279027938843,0.9892738461494446,0.9866648316383362,0.9875251650810242,0.986473798751831,0.9867954254150391,0.9814066290855408,0.9846365451812744,0.9776681661605835,0.9834234118461609,0.9708567261695862,0.9811609387397766,0.9683949947357178,0.9794268012046814,0.9612787365913391,0.9773341417312622,0.9563712477684021,0.9742918610572815,0.9494450688362122,0.9718484282493591,0.9394388198852539,0.9698622226715088,0.9292579293251038,0.9658374786376953,0.9204636216163635,0.9632415771484375,0.9060763120651245,0.9592016935348511,0.8978005051612854,0.9559920430183411,0.8869812488555908,0.9528256058692932,0.8705466389656067,0.9483650922775269,0.8629298210144043,0.9434680938720703,0.8471485376358032,0.9385552406311035,0.8299278616905212,0.9333905577659607,0.8191146850585938,0.9288076162338257,0.8061144351959229,0.9235146641731262,0.7930945754051208,0.9159637093544006,0.7776669263839722,0.9097383618354797,0.7691416144371033,0.9041533470153809,0.7495136857032776,0.8994642496109009,0.7320223450660706,0.8922297358512878,0.7131971120834351,0.8836984634399414,0.7036303281784058,0.8758576512336731,0.6882047057151794,0.8663075566291809,0.678726315498352,0.861348569393158,0.6667452454566956,0.8533176183700562,0.6470987200737,0.8446425795555115,0.6347364783287048,0.8333943486213684,0.6241256594657898,0.8259952068328857,0.6009199619293213,0.8169147968292236,0.5952953696250916,0.8038957715034485,0.5850642323493958,0.7972113490104675,0.5695227384567261,0.7846258282661438,0.5612455606460571,0.7761474847793579,0.5443147420883179,0.7693096995353699,0.5317516922950745,0.7527369260787964,0.5247514247894287,0.7482054829597473,0.5092174410820007,0.7329510450363159,0.49835553765296936,0.7240715026855469,0.4867471754550934,0.7123286128044128,0.4833736717700958,0.7053534388542175
cnn electric-dream,cnn,93,24,0.5408163070678711,7.748550160613377e-06,1.0003613233566284,0.9999509453773499,1.0023504495620728,0.9999121427536011,1.0043343305587769,0.999792218208313,1.0050934553146362,0.9996724724769592,1.0069688558578491,0.9994553923606873,1.0055418014526367,0.9992318153381348,1.0119085311889648,0.9989413022994995,1.005784034729004,0.998880922794342,1.0130637884140015,0.9985567927360535,1.0146130323410034,0.9982460737228394,1.0108158588409424,0.9978952407836914,1.015703558921814,0.997486412525177,1.0135986804962158,0.9969342350959778,1.0209029912948608,0.9964537620544434,1.020100474357605,0.9961158633232117,1.0233014822006226,0.9953526258468628,1.0266832113265991,0.994749903678894,1.020858883857727,0.9939417839050293,1.0234436988830566,0.9935025572776794,1.0282549858093262,0.9924109578132629,1.0265624523162842,0.9916055202484131,1.0302876234054565,0.990109920501709,1.0221805572509766,0.989594042301178,1.0277043581008911,0.9884775876998901,1.0267220735549927,0.9870403409004211,1.023696780204773,0.9863041043281555,1.0233584642410278,0.9842279553413391,1.0192745923995972,0.9824297428131104,1.0171014070510864,0.9805978536605835,1.0112088918685913,0.9794563055038452,1.0104176998138428,0.9767780900001526,0.9983911514282227,0.9750754833221436,0.9952540993690491,0.9721143841743469,0.9988794326782227,0.9708682894706726,0.996076226234436,0.9678696990013123,0.984897792339325,0.9650752544403076,0.982482373714447,0.9616531133651733,0.977216899394989,0.9589532613754272,0.9689616560935974,0.9564921855926514,0.9642747044563293,0.952114462852478,0.9682266712188721,0.9496023058891296,0.9625160694122314,0.9456940293312073,0.9472893476486206,0.943524181842804,0.9424403309822083,0.939221203327179,0.9379805326461792,0.9355453252792358,0.9357942938804626,0.9322177171707153,0.9248437285423279,0.9267253875732422,0.9154983758926392,0.9234717488288879,0.9144163727760315,0.918335497379303,0.8976832032203674,0.9142308235168457,0.8984429240226746,0.9109769463539124,0.8925844430923462,0.9070378541946411,0.8802427053451538,0.9015283584594727,0.8730294108390808,0.8975004553794861,0.8670368790626526,0.8885804414749146,0.8622244000434875,0.8873934745788574,0.8541929125785828,0.8802027702331543,0.8442659378051758,0.8770681619644165,0.8414439558982849,0.8705488443374634,0.827830970287323,0.8637051582336426,0.8258814215660095,0.8632247447967529,0.8114473223686218,0.8580574989318848,0.8109961748123169,0.851828932762146
cnn electric-dream,cnn,93,37,0.7795918583869934,1.2801652701455168e-05,0.9994697570800781,0.9999745488166809,1.002481460571289,0.9999604225158691,1.0049333572387695,0.9998917579650879,1.0046039819717407,0.9998342990875244,1.0086119174957275,0.9996992945671082,1.0076721906661987,0.9996227622032166,1.0136176347732544,0.9993674159049988,1.0059858560562134,0.9993082284927368,1.014298439025879,0.9990487098693848,1.0181318521499634,0.9987419247627258,1.0104976892471313,0.9985477328300476,1.0138651132583618,0.9981126189231873,1.012253761291504,0.9974992275238037,1.0220677852630615,0.997287392616272,1.0177661180496216,0.9966981410980225,1.0248216390609741,0.9961739778518677,1.024336338043213,0.995197057723999,1.0181695222854614,0.9945260286331177,1.0170824527740479,0.9936860203742981,1.0271916389465332,0.9928276538848877,1.0279988050460815,0.9917429685592651,1.0296251773834229,0.9904199242591858,1.0233983993530273,0.989269495010376,1.0273758172988892,0.9880432486534119,1.025895357131958,0.9869120717048645,1.0210438966751099,0.9854606986045837,1.0291869640350342,0.9832689762115479,1.0112369060516357,0.982686460018158,1.017761468887329,0.9794910550117493,1.0145264863967896,0.9778903722763062,1.006436824798584,0.9763332605361938,0.9950135946273804,0.9737317562103271,0.9947320818901062,0.9715189337730408,0.9924257397651672,0.9700130224227905,0.9924238324165344,0.9677205085754395,0.9813115000724792,0.9647064805030823,0.9714018702507019,0.9617959856987,0.9698121547698975,0.9587014317512512,0.9673158526420593,0.9559179544448853,0.9621655941009521,0.9528478980064392,0.9636198282241821,0.9493018984794617,0.9576133489608765,0.9463292360305786,0.9484366178512573,0.9445931911468506,0.9406679272651672,0.9404757618904114,0.9366713762283325,0.9367409348487854,0.9237953424453735,0.9331484436988831,0.9185376167297363,0.9295554757118225,0.919045090675354,0.9256470799446106,0.906839907169342,0.9199473261833191,0.9061988592147827,0.9179058074951172,0.8996033072471619,0.9136252403259277,0.8911543488502502,0.9075747132301331,0.8815591335296631,0.9034467935562134,0.8740858435630798,0.9006699323654175,0.8655188679695129,0.8946183919906616,0.8647990226745605,0.8925862312316895,0.8529496192932129,0.885632336139679,0.8439623713493347,0.8812397718429565,0.8433013558387756,0.8756668567657471,0.8335189819335938,0.8717666268348694,0.8367908000946045,0.8679144382476807,0.8220428228378296,0.8621670007705688,0.8166763186454773,0.8571149110794067
cnn electric-dream,cnn,93,49,1.0,1.71553656400647e-05,0.9986215829849243,0.9999859929084778,1.0022578239440918,0.9999762177467346,1.0048401355743408,0.9999186992645264,1.0031192302703857,0.9998366832733154,1.0087389945983887,0.9996883869171143,1.0088167190551758,0.9996027946472168,1.0126742124557495,0.9992315769195557,1.0052651166915894,0.9990782141685486,1.0132672786712646,0.9985970258712769,1.018918752670288,0.9980508685112,1.0097225904464722,0.9975842237472534,1.0105305910110474,0.9969097971916199,1.0076665878295898,0.9958752393722534,1.0196341276168823,0.9953994750976562,1.0149222612380981,0.9941075444221497,1.0209258794784546,0.9933682084083557,1.01951265335083,0.9915471076965332,1.0094428062438965,0.9903090000152588,1.0099760293960571,0.9886234402656555,1.0162750482559204,0.98745197057724,1.0219554901123047,0.9855380654335022,1.017449975013733,0.9837074279785156,1.0146077871322632,0.9813502430915833,1.0126066207885742,0.9797334671020508,1.0156751871109009,0.9778941869735718,1.0122888088226318,0.9751118421554565,1.0232576131820679,0.9728875160217285,1.003478765487671,0.9706265926361084,1.0073572397232056,0.967184841632843,1.005415916442871,0.9636455774307251,1.0030807256698608,0.9615899324417114,0.991313636302948,0.956811249256134,0.9944190979003906,0.9551905989646912,0.9868780374526978,0.951211154460907,0.9889821410179138,0.9482828378677368,0.9763869047164917,0.944046139717102,0.9692410826683044,0.9404224753379822,0.9575427770614624,0.9364027380943298,0.960354745388031,0.932654857635498,0.9531665444374084,0.9291068911552429,0.9439308643341064,0.9221773743629456,0.9368342161178589,0.9180360436439514,0.9294508695602417,0.9146738648414612,0.9344937205314636,0.9101942777633667,0.918505072593689,0.9067791104316711,0.9037102460861206,0.9005889892578125,0.9028623700141907,0.8982401490211487,0.9037107825279236,0.8935576677322388,0.8799458146095276,0.8899068832397461,0.8843798637390137,0.8836784362792969,0.8734298944473267,0.8806833028793335,0.8621936440467834,0.871194064617157,0.8559987545013428,0.8662779927253723,0.8535446524620056,0.8611719012260437,0.8480194807052612,0.8561471700668335,0.8367955684661865,0.8518101572990417,0.8445520997047424,0.8447965383529663,0.8378685712814331,0.8395646810531616,0.8326140642166138,0.8309631943702698,0.8129092454910278,0.8249909281730652,0.8227543234825134,0.8221157193183899,0.8129083514213562,0.8177897334098816,0.8086006045341492,0.812099814414978
cnn electric-dream,cnn,94,0,0.10000000149011612,4.482032522901136e-07,0.9999514222145081,0.9998353719711304,0.9992414116859436,0.9995859861373901,0.9984836578369141,0.9993693232536316,0.9979344606399536,0.9986334443092346,0.9962805509567261,0.9982314705848694,0.9947162866592407,0.9970709085464478,0.9927276372909546,0.9963647723197937,0.9901236295700073,0.995266854763031,0.9873436093330383,0.9942412376403809,0.985126256942749,0.9927184581756592,0.980960488319397,0.9907020330429077,0.9773741364479065,0.9895214438438416,0.9716220498085022,0.9869665503501892,0.9675467610359192,0.9851764440536499,0.9634646773338318,0.9835343360900879,0.9585192799568176,0.9799721240997314,0.9513317346572876,0.97838294506073,0.9427659511566162,0.9750646948814392,0.937464714050293,0.9718286991119385,0.9278987646102905,0.9689124226570129,0.9217808842658997,0.9658103585243225,0.9113227128982544,0.9622217416763306,0.8989593386650085,0.9592452645301819,0.889968752861023,0.9563838839530945,0.8792320489883423,0.9515734910964966,0.8684967160224915,0.947735607624054,0.8547472953796387,0.9446412324905396,0.8407466411590576,0.9375505447387695,0.8304146528244019,0.9332572221755981,0.8156958818435669,0.927358090877533,0.8006279468536377,0.9239726066589355,0.7828679084777832,0.9177431464195251,0.7704350352287292,0.9118611812591553,0.7506914734840393,0.9041203260421753,0.7357260584831238,0.897208034992218,0.7226240038871765,0.8907161355018616,0.7027254104614258,0.8850396275520325,0.6813541054725647,0.873274564743042,0.6678394079208374,0.8680811524391174,0.6445853114128113,0.8600386381149292,0.6319547891616821,0.8495144248008728,0.6119475960731506,0.8428029417991638,0.5920335650444031,0.8319186568260193,0.5701914429664612,0.8200551271438599,0.5531231164932251,0.8089136481285095,0.5339747071266174,0.7939888834953308,0.5221954584121704,0.7858167290687561,0.5042698383331299,0.7700897455215454,0.4813462793827057,0.7622010111808777,0.46361809968948364,0.7418281435966492,0.4379318654537201,0.7243135571479797,0.42739105224609375,0.7099918127059937,0.4081505835056305,0.6956993341445923,0.39665091037750244,0.669870913028717,0.37647032737731934,0.6573895812034607,0.35861220955848694,0.6375201940536499,0.34312736988067627,0.6197382807731628,0.3290717899799347,0.6004558205604553,0.3114235997200012,0.5770289301872253,0.29471537470817566,0.5553022623062134,0.2890969514846802,0.539548397064209,0.2739717960357666,0.5219062566757202,0.26322904229164124,0.4985811114311218
cnn electric-dream,cnn,94,12,0.3204081654548645,3.3866626836243086e-06,1.0001004934310913,0.999904453754425,1.0007774829864502,0.999788761138916,0.9996085166931152,0.9996756315231323,1.0016489028930664,0.999241054058075,1.0018651485443115,0.9990955591201782,1.0009233951568604,0.9984459280967712,1.001953363418579,0.9980705380439758,1.0015345811843872,0.9975485801696777,1.002413272857666,0.9971041083335876,1.0025173425674438,0.9962767362594604,1.002705693244934,0.9955306649208069,1.0018328428268433,0.9946732521057129,1.000357747077942,0.9936800003051758,0.9981333613395691,0.992686927318573,1.0015162229537964,0.9920006990432739,0.9973662495613098,0.9905275106430054,0.998970627784729,0.9896482229232788,0.9903664588928223,0.9881953597068787,0.9901063442230225,0.986360490322113,0.987964391708374,0.9852945804595947,0.9834662079811096,0.9836389422416687,0.9767346978187561,0.9815521836280823,0.9762766361236572,0.9796898365020752,0.9703108668327332,0.9778538346290588,0.9609758257865906,0.9753182530403137,0.9581977725028992,0.9725578427314758,0.9484812021255493,0.9700784683227539,0.9385397434234619,0.9668667912483215,0.9280257821083069,0.9634583592414856,0.9174502491950989,0.9609512090682983,0.9115970730781555,0.9572919011116028,0.8962633609771729,0.9537742733955383,0.8866743445396423,0.9485152959823608,0.8741557598114014,0.9444402456283569,0.8587462902069092,0.9406946897506714,0.8511751890182495,0.9359261989593506,0.8330096006393433,0.9292662143707275,0.8210746049880981,0.9240843057632446,0.8014118671417236,0.9182268381118774,0.7911672592163086,0.9115211963653564,0.7801857590675354,0.906527042388916,0.7635066509246826,0.8982965350151062,0.751656174659729,0.8923496603965759,0.7381870746612549,0.8842300772666931,0.7214415669441223,0.8783293962478638,0.7074183225631714,0.8694576025009155,0.6923408508300781,0.8607005476951599,0.6906861066818237,0.8550274968147278,0.6644036173820496,0.8454593420028687,0.6485018134117126,0.8343266248703003,0.6358093619346619,0.8269690871238708,0.6206028461456299,0.8172937035560608,0.609612226486206,0.809101402759552,0.5997790098190308,0.8003381490707397,0.583388090133667,0.7890526056289673,0.5694299340248108,0.781943678855896,0.5559763312339783,0.7680597901344299,0.5515062808990479,0.7604423761367798,0.5343484878540039,0.7464825510978699,0.5299195647239685,0.7386471629142761,0.5150408744812012,0.725979745388031,0.5086178779602051,0.715330958366394,0.49744194746017456,0.7086670398712158
cnn electric-dream,cnn,94,24,0.5408163070678711,7.627042577951215e-06,1.0003409385681152,0.9999486804008484,1.0016556978225708,0.9999034404754639,1.0008270740509033,0.9998404383659363,1.0034615993499756,0.999596893787384,1.0059340000152588,0.999538004398346,1.0064325332641602,0.9992399215698242,1.0078328847885132,0.9990093111991882,1.0088951587677002,0.9987398982048035,1.0135934352874756,0.9985453486442566,1.0136827230453491,0.9981071949005127,1.015556812286377,0.9978064894676208,1.0192896127700806,0.9972967505455017,1.0203725099563599,0.996944010257721,1.020696759223938,0.9964291453361511,1.023532748222351,0.9959681630134583,1.022126317024231,0.9955176711082458,1.0284607410430908,0.9950888752937317,1.0254782438278198,0.9940884709358215,1.030045986175537,0.9933651089668274,1.0309102535247803,0.9928316473960876,1.0277557373046875,0.9918673038482666,1.0311068296432495,0.9909558892250061,1.0335277318954468,0.9897449016571045,1.0339769124984741,0.9889488816261292,1.0308316946029663,0.9875709414482117,1.0278745889663696,0.9859172105789185,1.0285987854003906,0.984591543674469,1.0321556329727173,0.9824046492576599,1.0222680568695068,0.9812256693840027,1.0216422080993652,0.9791680574417114,1.018214464187622,0.9771512746810913,1.0192608833312988,0.9753721356391907,1.0155692100524902,0.9727427363395691,1.0039421319961548,0.9706060886383057,1.0006415843963623,0.968189001083374,0.9941150546073914,0.9655948877334595,0.9925181269645691,0.9624944925308228,0.9888306260108948,0.9601754546165466,0.9844600558280945,0.9569851756095886,0.979285717010498,0.9533765316009521,0.9723678231239319,0.9502943754196167,0.9719297289848328,0.9459194540977478,0.9526429772377014,0.9425716400146484,0.9628458023071289,0.9386639595031738,0.9448369145393372,0.935081422328949,0.9492694139480591,0.9310626983642578,0.936273455619812,0.9264898896217346,0.9359267354011536,0.9225625991821289,0.9251502156257629,0.9165601134300232,0.9211424589157104,0.9127165079116821,0.9163838624954224,0.9092562198638916,0.9085494875907898,0.9039608240127563,0.8969686031341553,0.9006394743919373,0.8907256722450256,0.8945016860961914,0.8863475918769836,0.8907791972160339,0.8822036385536194,0.8858665227890015,0.8775589466094971,0.8804802894592285,0.8623847365379333,0.8762251734733582,0.8567176461219788,0.8732734322547913,0.8503454327583313,0.8691721558570862,0.8443398475646973,0.8627574443817139,0.838003933429718,0.8596553802490234,0.8322889804840088,0.8560090065002441
cnn electric-dream,cnn,94,37,0.7795918583869934,1.2560416507767513e-05,1.0001438856124878,0.99997878074646,1.0015685558319092,0.999964714050293,1.0008641481399536,0.9999260902404785,1.002769112586975,0.9997969269752502,1.007309913635254,0.9997465014457703,1.0080710649490356,0.9996423721313477,1.008777379989624,0.9994790554046631,1.0097647905349731,0.9992709159851074,1.0161207914352417,0.999126136302948,1.0120091438293457,0.9987583160400391,1.0171747207641602,0.9985189437866211,1.0214180946350098,0.9981048703193665,1.019797682762146,0.997859537601471,1.0211048126220703,0.9974976778030396,1.0266075134277344,0.9968037605285645,1.0178416967391968,0.996600866317749,1.0216386318206787,0.996094286441803,1.0269662141799927,0.9950870275497437,1.0254287719726562,0.994605302810669,1.024692416191101,0.9938865900039673,1.0287604331970215,0.9929808378219604,1.0278986692428589,0.991793692111969,1.0254219770431519,0.9906339049339294,1.0293543338775635,0.9899904131889343,1.033021092414856,0.988753080368042,1.0256551504135132,0.9876050353050232,1.0245013236999512,0.9857400059700012,1.0260413885116577,0.9843104481697083,1.0211544036865234,0.9835239052772522,1.016381025314331,0.9808902740478516,1.0187195539474487,0.978954017162323,1.0151474475860596,0.9771857857704163,1.007636308670044,0.9758564829826355,1.0071524381637573,0.9734477996826172,0.9996289610862732,0.9708181619644165,1.0014749765396118,0.9690260291099548,0.9905907511711121,0.9658213257789612,0.9853528141975403,0.9632371068000793,0.9781490564346313,0.9599229097366333,0.9847517609596252,0.9574005603790283,0.9654473066329956,0.9547216296195984,0.9650081396102905,0.9517112970352173,0.9542195796966553,0.9490094780921936,0.9523615837097168,0.9448165893554688,0.944657564163208,0.9416441917419434,0.9308907985687256,0.9398362040519714,0.9279012084007263,0.9361523985862732,0.9178851842880249,0.9312398433685303,0.9155988097190857,0.9273505806922913,0.9058513045310974,0.9226654171943665,0.8980148434638977,0.9181042313575745,0.8916374444961548,0.9146504998207092,0.8738346695899963,0.9111594557762146,0.8712401986122131,0.9066509008407593,0.8714919686317444,0.9005247950553894,0.8658536076545715,0.8974898457527161,0.8570199012756348,0.8920083045959473,0.8609962463378906,0.8900701999664307,0.8498879671096802,0.8852301239967346,0.839850902557373,0.8806269764900208,0.8357061147689819,0.8774845600128174,0.8187249302864075,0.8723589777946472,0.8225259184837341,0.8672933578491211
cnn electric-dream,cnn,94,49,1.0,1.674225859460421e-05,0.999877393245697,0.9999916553497314,1.0009219646453857,0.999978244304657,1.0006396770477295,0.9999420046806335,1.0015430450439453,0.9998428225517273,1.00791335105896,0.9997556805610657,1.008346438407898,0.9996331334114075,1.008486270904541,0.9994367361068726,1.0089296102523804,0.9991666674613953,1.0163649320602417,0.9989696145057678,1.0086864233016968,0.9983991384506226,1.0160359144210815,0.9980233311653137,1.0203580856323242,0.9973486661911011,1.016434669494629,0.9969379901885986,1.0173282623291016,0.9964026808738708,1.0266021490097046,0.9953488111495972,1.0116006135940552,0.9947705864906311,1.0132187604904175,0.9937469959259033,1.0211890935897827,0.992549479007721,1.018573522567749,0.991630494594574,1.0165075063705444,0.9900650382041931,1.0207164287567139,0.9891989231109619,1.0195189714431763,0.9871678352355957,1.0177524089813232,0.9856374859809875,1.0193860530853271,0.9842816591262817,1.0215919017791748,0.9825209379196167,1.0131282806396484,0.9808011054992676,1.0146129131317139,0.9789196848869324,1.0143604278564453,0.9771325588226318,1.0066041946411133,0.975609540939331,1.0009008646011353,0.9722172617912292,1.0040477514266968,0.9701167941093445,1.0017188787460327,0.9670002460479736,0.9948208332061768,0.9652490019798279,0.9903047680854797,0.9631998538970947,0.9819779396057129,0.9598385691642761,0.986839771270752,0.958323061466217,0.9743552803993225,0.9537339210510254,0.972690761089325,0.95036381483078,0.9624204635620117,0.9471933841705322,0.9681066870689392,0.9432659149169922,0.9648100733757019,0.9413875937461853,0.946811854839325,0.9377408623695374,0.9474703073501587,0.9338477849960327,0.9479663968086243,0.9298867583274841,0.9384247660636902,0.9262100458145142,0.9280300736427307,0.922976016998291,0.9192544221878052,0.920232892036438,0.9137035012245178,0.914101779460907,0.912245512008667,0.9098137617111206,0.9000544548034668,0.9063720703125,0.8851244449615479,0.9013395309448242,0.8810389041900635,0.8974601030349731,0.8752446174621582,0.8923748731613159,0.859339714050293,0.8870353102684021,0.8574110865592957,0.8804565668106079,0.844972550868988,0.8766154050827026,0.8440626859664917,0.8699788451194763,0.8359007835388184,0.866233229637146,0.8373178839683533,0.8629737496376038,0.8299039006233215,0.8568600416183472,0.821845293045044,0.8522235155105591,0.8180361986160278,0.8430747389793396,0.8157923221588135,0.8414120674133301
kcorr gallant-lion-73,kcorr,90,0,0.10000000149011612,4.493977598940546e-07,0.9996246695518494,0.9998854994773865,0.9990617632865906,0.9997054934501648,0.998651385307312,0.9992576241493225,0.9980440735816956,0.9987941980361938,0.9962615370750427,0.9981734156608582,0.9942708015441895,0.9970656633377075,0.9929870963096619,0.9962755441665649,0.9911167025566101,0.9951552748680115,0.9883242249488831,0.9938911199569702,0.984413206577301,0.9919801950454712,0.9814532399177551,0.990553617477417,0.9770867824554443,0.9892802238464355,0.9739025831222534,0.987065851688385,0.9668517112731934,0.9851993918418884,0.963334858417511,0.9820927381515503,0.9581313729286194,0.9804790019989014,0.9516054391860962,0.9778302311897278,0.9416738748550415,0.9756518602371216,0.934388279914856,0.9736078977584839,0.9278377294540405,0.9696332216262817,0.9203413128852844,0.9658863544464111,0.9090502262115479,0.9626152515411377,0.9001137018203735,0.9581450819969177,0.8903141617774963,0.9555714726448059,0.8770967721939087,0.9515646696090698,0.8680787086486816,0.9489708542823792,0.8538553714752197,0.9426088929176331,0.8439582586288452,0.9375445246696472,0.8280651569366455,0.932538628578186,0.8141356110572815,0.928617000579834,0.798741340637207,0.923317015171051,0.7830950617790222,0.9168729186058044,0.7675595283508301,0.9117807745933533,0.7530739307403564,0.9031572341918945,0.7329168915748596,0.8972392678260803,0.7173643708229065,0.889505922794342,0.7000729441642761,0.8818007111549377,0.681710422039032,0.8761667609214783,0.6674865484237671,0.8690670132637024,0.6459494829177856,0.8621158599853516,0.6276237368583679,0.8506779074668884,0.6103750467300415,0.8406919240951538,0.593269944190979,0.8298661112785339,0.5677493810653687,0.8194343447685242,0.5569741129875183,0.8076534271240234,0.5368790626525879,0.7975825071334839,0.5120585560798645,0.7872149348258972,0.49342066049575806,0.7697191834449768,0.48312991857528687,0.7558961510658264,0.45932409167289734,0.7390431761741638,0.4405165910720825,0.7262318730354309,0.42722466588020325,0.7128141522407532,0.40599939227104187,0.6902653574943542,0.39305901527404785,0.6735799312591553,0.3729802072048187,0.6577242612838745,0.35648980736732483,0.6389312744140625,0.3435520529747009,0.6142913103103638,0.3265867829322815,0.5993075370788574,0.3106810748577118,0.5780583024024963,0.29860320687294006,0.556532621383667,0.2818984389305115,0.5291673541069031,0.27347931265830994,0.513428270816803,0.26182982325553894,0.4955277740955353
kcorr gallant-lion-73,kcorr,90,12,0.3204081654548645,9.990679245674983e-06,0.6896710991859436,0.999675989151001,0.6121806502342224,0.9996576905250549,0.61286461353302,0.9989474415779114,0.6411722302436829,0.9983574151992798,0.6959803700447083,0.997148871421814,0.739151120185852,0.9952926635742188,0.7660890221595764,0.9930083155632019,0.7985323071479797,0.9917507171630859,0.8220392465591431,0.9899598956108093,0.847981333732605,0.9867502450942993,0.8512957096099854,0.9848299026489258,0.8638166189193726,0.9824227690696716,0.8813981413841248,0.9793106317520142,0.8760825395584106,0.9772158265113831,0.8820856213569641,0.9730514287948608,0.8749207258224487,0.9722173810005188,0.8652646541595459,0.9658036231994629,0.8636402487754822,0.9625000953674316,0.8486889004707336,0.9604388475418091,0.8428890109062195,0.954783022403717,0.8289608955383301,0.9505991339683533,0.8097963929176331,0.9450522065162659,0.7991105914115906,0.9386329650878906,0.7791246175765991,0.9332979917526245,0.758775532245636,0.9286414384841919,0.7369755506515503,0.9230253100395203,0.7246650457382202,0.9172831177711487,0.7027690410614014,0.911074697971344,0.6885285377502441,0.9028019309043884,0.6646566987037659,0.895815372467041,0.6531386971473694,0.8870025873184204,0.6297102570533752,0.8799843192100525,0.6147748231887817,0.871800422668457,0.5957282781600952,0.8577361702919006,0.578830897808075,0.8538538217544556,0.5660775899887085,0.8438112735748291,0.5495157241821289,0.8309754729270935,0.5399967432022095,0.8284668326377869,0.5190894603729248,0.8179712295532227,0.5092980265617371,0.8054792881011963,0.48913151025772095,0.7957959175109863,0.4745537042617798,0.7829748392105103,0.46035391092300415,0.7710803747177124,0.4445684552192688,0.758987307548523,0.4334019124507904,0.7495238184928894,0.41873303055763245,0.7365577220916748,0.40360692143440247,0.7257517576217651,0.388455867767334,0.7106542587280273,0.3842279613018036,0.6976441144943237,0.3670288920402527,0.6823259592056274,0.3560086190700531,0.6718130111694336,0.34531739354133606,0.6564469933509827,0.33567115664482117,0.6443882584571838,0.33091089129447937,0.6323471665382385,0.31706809997558594,0.6168912053108215,0.3062465190887451,0.6067817807197571,0.29709306359291077,0.5892288684844971,0.2883032262325287,0.573925256729126,0.2801659405231476,0.5577355623245239,0.2729623317718506,0.5427247881889343,0.26372087001800537,0.5312660932540894,0.25739970803260803,0.5223318934440613,0.2495846301317215,0.5038984417915344
kcorr gallant-lion-73,kcorr,90,24,0.5408163070678711,6.116836448200047e-05,0.4370521008968353,0.998995840549469,0.3603740930557251,0.9992131590843201,0.38069772720336914,0.9965994358062744,0.4263142943382263,0.9946056604385376,0.5078790187835693,0.9888570308685303,0.565909743309021,0.9806739687919617,0.5919987559318542,0.9693253636360168,0.6557063460350037,0.9686461687088013,0.6898131370544434,0.9620433449745178,0.7363327145576477,0.9489910006523132,0.7354744076728821,0.9450961351394653,0.7602735757827759,0.9347724914550781,0.770845890045166,0.9200485944747925,0.7925677299499512,0.9192895293235779,0.7943288087844849,0.9044572114944458,0.8040120601654053,0.9021742939949036,0.7789980173110962,0.8839063048362732,0.7884762287139893,0.8713200688362122,0.7742244005203247,0.8664130568504333,0.7765008807182312,0.8501769304275513,0.7694056034088135,0.8415901064872742,0.747502326965332,0.8241758346557617,0.7416098713874817,0.8079891204833984,0.7141640782356262,0.7990734577178955,0.7187597751617432,0.7794027328491211,0.688872754573822,0.772294819355011,0.6810809373855591,0.7540977001190186,0.6666104793548584,0.7368382215499878,0.6517939567565918,0.7246818542480469,0.6367315053939819,0.7131454944610596,0.614747166633606,0.6830305457115173,0.6121769547462463,0.670981764793396,0.6201868057250977,0.6476297378540039,0.5799432396888733,0.6361570954322815,0.5785422325134277,0.6096203327178955,0.5714686512947083,0.5954451560974121,0.566649317741394,0.5780319571495056,0.5548250079154968,0.5557814836502075,0.546968400478363,0.5396777391433716,0.538757860660553,0.5154171586036682,0.5301914811134338,0.4993703365325928,0.5176240801811218,0.4870181977748871,0.5125025510787964,0.4705349802970886,0.5035971403121948,0.45017513632774353,0.4890846014022827,0.43499475717544556,0.4840337038040161,0.41118085384368896,0.48188263177871704,0.39325234293937683,0.46519532799720764,0.36624762415885925,0.4609946608543396,0.36607375741004944,0.4574761688709259,0.3375261723995209,0.4464426338672638,0.3281048536300659,0.44246891140937805,0.3172599971294403,0.4387086033821106,0.297677218914032,0.4260869026184082,0.27775871753692627,0.42538654804229736,0.2742287814617157,0.412320613861084,0.2538975477218628,0.40625497698783875,0.22921444475650787,0.40791621804237366,0.22032003104686737,0.3971649408340454,0.2193768322467804,0.39316704869270325,0.20094844698905945,0.3914472460746765,0.1870729774236679,0.3844590187072754,0.18110892176628113,0.3750843107700348,0.16741037368774414
kcorr gallant-lion-73,kcorr,90,37,0.7795918583869934,0.00017085892613977194,0.2823197841644287,0.9982261657714844,0.23194196820259094,0.9979349374771118,0.2620510160923004,0.9910842776298523,0.3123928904533386,0.9861888885498047,0.4008357524871826,0.9703918695449829,0.4594305455684662,0.9502089619636536,0.47626399993896484,0.9238725304603577,0.557486891746521,0.9212635159492493,0.5957670211791992,0.9055269956588745,0.6476134061813354,0.8721790909767151,0.6463576555252075,0.8662422299385071,0.6672755479812622,0.8405295610427856,0.6546159982681274,0.8055495619773865,0.7114426493644714,0.8023471236228943,0.6993618011474609,0.7701407074928284,0.7313480973243713,0.7548055052757263,0.6933499574661255,0.7259820699691772,0.6957823038101196,0.697288990020752,0.700223445892334,0.684050440788269,0.6985103487968445,0.6475186944007874,0.7046380043029785,0.6270327568054199,0.6829119324684143,0.5957931280136108,0.6781606674194336,0.5638777017593384,0.6617443561553955,0.560386061668396,0.6700379848480225,0.5109533667564392,0.6537308692932129,0.5073379874229431,0.6393021941184998,0.4671848714351654,0.6343808770179749,0.4482574760913849,0.6302177906036377,0.41651400923728943,0.6159900426864624,0.40409529209136963,0.5926004648208618,0.3859492838382721,0.6038179993629456,0.3556699752807617,0.6171024441719055,0.3279374837875366,0.5850381851196289,0.31492114067077637,0.5801781415939331,0.2915261685848236,0.5766740441322327,0.2731962502002716,0.5725568532943726,0.24263440072536469,0.5618290901184082,0.21885454654693604,0.5656055808067322,0.21250681579113007,0.5447192788124084,0.18721698224544525,0.5497474074363708,0.16747990250587463,0.5364105105400085,0.1734086126089096,0.5323621034622192,0.14100925624370575,0.5261391401290894,0.1326518952846527,0.5263055562973022,0.1268235296010971,0.5277833938598633,0.11875449866056442,0.5264737010002136,0.1013147160410881,0.5100693106651306,0.07994605600833893,0.5103915333747864,0.08242706954479218,0.5104323029518127,0.07264005392789841,0.5088117122650146,0.06907805055379868,0.5069359540939331,0.05750208720564842,0.49676835536956787,0.04563996568322182,0.4918672740459442,0.0646992027759552,0.49350470304489136,0.04759872704744339,0.49407505989074707,0.03329256549477577,0.476971298456192,0.03128356114029884,0.49111610651016235,0.03748872131109238,0.47608357667922974,0.03164167329668999,0.4772186875343323,0.029808055609464645,0.48070645332336426,0.02448403090238571,0.4829655587673187,0.027446094900369644,0.4759216904640198,0.01833547279238701
kcorr gallant-lion-73,kcorr,90,49,1.0,0.0002884290588553995,0.20771081745624542,0.9977617859840393,0.17479684948921204,0.9963404536247253,0.20743931829929352,0.98503577709198,0.25821709632873535,0.9772864580154419,0.34628695249557495,0.9510762691497803,0.40289825201034546,0.9199330806732178,0.4133221209049225,0.8811854720115662,0.5003896951675415,0.874767541885376,0.5401703715324402,0.8494576811790466,0.5891249179840088,0.7979273796081543,0.5924426913261414,0.7908251285552979,0.6048721671104431,0.7524774670600891,0.577576756477356,0.7028136253356934,0.6520570516586304,0.6930086612701416,0.6338270306587219,0.6489591598510742,0.672505795955658,0.6193737387657166,0.6333649158477783,0.587674617767334,0.6253733038902283,0.5517633557319641,0.6446288228034973,0.5280367136001587,0.6369559168815613,0.48190492391586304,0.6423230171203613,0.4487004280090332,0.6296789646148682,0.4177647829055786,0.6215865015983582,0.37557271122932434,0.6142086386680603,0.3741627335548401,0.6210727095603943,0.3262493908405304,0.6176923513412476,0.316980242729187,0.6011870503425598,0.26893919706344604,0.5952245593070984,0.2632017433643341,0.5956466794013977,0.21808558702468872,0.5822606682777405,0.2128542810678482,0.5680801272392273,0.20656956732273102,0.5785309076309204,0.17406833171844482,0.5784526467323303,0.14449965953826904,0.556287407875061,0.1403399407863617,0.5539689660072327,0.12644989788532257,0.5650031566619873,0.11742548644542694,0.5621103048324585,0.09494441002607346,0.5489307641983032,0.07730066776275635,0.5506869554519653,0.0687248706817627,0.5284940004348755,0.05876493826508522,0.5314618349075317,0.04735132306814194,0.5247717499732971,0.05441798269748688,0.5228338241577148,0.036105673760175705,0.509479820728302,0.031550999730825424,0.5128607153892517,0.03275642916560173,0.5060412883758545,0.03332897275686264,0.5022693276405334,0.02527800388634205,0.49909263849258423,0.012742644175887108,0.4965594410896301,0.014793002046644688,0.5020254850387573,0.011616392992436886,0.5011817812919617,0.01413609366863966,0.5044159889221191,0.008338740095496178,0.4851905107498169,0.0034079086035490036,0.48497775197029114,0.017575209960341454,0.4838292598724365,0.004065399058163166,0.4846688508987427,0.005605799611657858,0.46596047282218933,0.0057243164628744125,0.4772486388683319,0.009551010094583035,0.4613848030567169,0.017716646194458008,0.4636138379573822,0.019011452794075012,0.47327685356140137,0.011329126544296741,0.4650898575782776,0.011037105694413185,0.4692033529281616,0.013233359903097153
kcorr gallant-lion-73,kcorr,91,0,0.10000000149011612,4.520675247476902e-07,0.9996592998504639,0.9998193979263306,0.9992917776107788,0.9995726346969604,0.9984553456306458,0.9990623593330383,0.9975647926330566,0.9985462427139282,0.9965091347694397,0.9979861974716187,0.9947648048400879,0.9972637295722961,0.9925091862678528,0.9960384964942932,0.9908832311630249,0.9950869679450989,0.9879043102264404,0.9935908317565918,0.9848687648773193,0.992568850517273,0.9803512096405029,0.9914742112159729,0.9781326055526733,0.9890927672386169,0.9732062816619873,0.9870567917823792,0.968170166015625,0.9852278232574463,0.9619936943054199,0.9833875894546509,0.9585206508636475,0.9806089997291565,0.950787365436554,0.9774342775344849,0.9441981315612793,0.9750804305076599,0.937788188457489,0.9727165102958679,0.926919162273407,0.9693148136138916,0.9192101359367371,0.9668498039245605,0.9112474918365479,0.963054358959198,0.9008564949035645,0.9583304524421692,0.8902451992034912,0.9550041556358337,0.8756653666496277,0.9516434073448181,0.8682934641838074,0.946636438369751,0.8540202975273132,0.9435643553733826,0.842327356338501,0.9386906027793884,0.8276071548461914,0.9349493384361267,0.8136969804763794,0.9267597198486328,0.7989745736122131,0.9232995510101318,0.7815257906913757,0.917661190032959,0.7697210311889648,0.9103274345397949,0.750625491142273,0.9031539559364319,0.7343255877494812,0.8977112770080566,0.7219170928001404,0.890806257724762,0.700144350528717,0.8856374025344849,0.6853402256965637,0.8777274489402771,0.6657664179801941,0.8691736459732056,0.6471019387245178,0.8574368953704834,0.6286430358886719,0.8510199189186096,0.6149405241012573,0.8418169021606445,0.5875615477561951,0.8301107883453369,0.5713633894920349,0.8221845030784607,0.5544373989105225,0.8097797632217407,0.5367878079414368,0.7942988276481628,0.5187247395515442,0.7808582782745361,0.49748149514198303,0.7720084190368652,0.48036617040634155,0.7594069242477417,0.46082910895347595,0.7442302703857422,0.4457930028438568,0.728638231754303,0.42419227957725525,0.7106142044067383,0.40733495354652405,0.69666588306427,0.3873928189277649,0.6698004007339478,0.37633663415908813,0.6542666554450989,0.35575318336486816,0.6358255743980408,0.34419965744018555,0.6174811124801636,0.32633495330810547,0.596718966960907,0.31143561005592346,0.5754931569099426,0.30129650235176086,0.554632306098938,0.28082507848739624,0.5391972064971924,0.27050691843032837,0.5169156789779663,0.2615335285663605,0.4989168345928192
kcorr gallant-lion-73,kcorr,91,12,0.3204081654548645,1.0302414011675864e-05,0.669529378414154,0.9997063875198364,0.6082339286804199,0.9995426535606384,0.6145322918891907,0.9989204406738281,0.6449875235557556,0.9979009628295898,0.6905757188796997,0.9966570734977722,0.7387703657150269,0.9954306483268738,0.7819989323616028,0.9929199814796448,0.7971810102462769,0.9912799596786499,0.829441249370575,0.9894382357597351,0.8450202345848083,0.9875983595848083,0.8534576296806335,0.9854049682617188,0.8716715574264526,0.9822574853897095,0.8730043768882751,0.979733943939209,0.8747326135635376,0.9765578508377075,0.8775046467781067,0.9727398753166199,0.8775745034217834,0.970535159111023,0.8751689791679382,0.9668485522270203,0.8588405251502991,0.9625982046127319,0.8587270379066467,0.9586689472198486,0.8350769281387329,0.9535965323448181,0.824887216091156,0.9500529766082764,0.8069362044334412,0.9440799355506897,0.798163652420044,0.9367703795433044,0.7800043225288391,0.9334791302680969,0.7609885334968567,0.9278672337532043,0.7361444234848022,0.9210488796234131,0.7263357043266296,0.9128451347351074,0.7060216069221497,0.9094113111495972,0.691766083240509,0.9020612835884094,0.6656782031059265,0.8932173848152161,0.6473135948181152,0.8844656944274902,0.6278812885284424,0.8753119707107544,0.6121252179145813,0.8679990172386169,0.588263213634491,0.8615555763244629,0.5803511738777161,0.8485230207443237,0.5669569969177246,0.8424752354621887,0.5472540259361267,0.8296102285385132,0.5345925688743591,0.8239417672157288,0.5272723436355591,0.8104129433631897,0.5060911774635315,0.8015960454940796,0.49097487330436707,0.7926945090293884,0.4726921617984772,0.7828216552734375,0.4578486680984497,0.7674702405929565,0.444436252117157,0.7563561201095581,0.4327997863292694,0.7470256090164185,0.42012086510658264,0.7321048378944397,0.40364009141921997,0.7223535180091858,0.39509981870651245,0.7104666829109192,0.3814868628978729,0.6956621408462524,0.3676096498966217,0.6819413304328918,0.35694336891174316,0.6683339476585388,0.344381719827652,0.6586357355117798,0.337290495634079,0.6374070048332214,0.32528606057167053,0.6238186359405518,0.31920549273490906,0.6112272143363953,0.3037899136543274,0.5999647974967957,0.29814931750297546,0.5820004940032959,0.28523632884025574,0.5675891637802124,0.2809930145740509,0.5577253699302673,0.2704530656337738,0.5442091226577759,0.2603115737438202,0.5300482511520386,0.2562227249145508,0.5256858468055725,0.24701811373233795,0.5123676657676697
kcorr gallant-lion-73,kcorr,91,24,0.5408163070678711,6.37601624475792e-05,0.4103827476501465,0.9993330240249634,0.352143794298172,0.9990567564964294,0.38383251428604126,0.9969280958175659,0.4326641261577606,0.9920645356178284,0.49367770552635193,0.9870209693908691,0.5676473379135132,0.9814218878746033,0.6332075595855713,0.9697716236114502,0.64527827501297,0.963229775428772,0.7076809406280518,0.9575057625770569,0.724474310874939,0.9477329850196838,0.7461107969284058,0.9434136748313904,0.7746594548225403,0.9307627081871033,0.775895893573761,0.9251224994659424,0.781205415725708,0.9120481610298157,0.7823726534843445,0.9004502892494202,0.8003207445144653,0.8918752074241638,0.7928637266159058,0.8812465071678162,0.7816179394721985,0.868277370929718,0.7841322422027588,0.851594090461731,0.7933584451675415,0.8455737829208374,0.7540186643600464,0.8339055776596069,0.7446282505989075,0.8161026835441589,0.7398313283920288,0.7956470251083374,0.7320483922958374,0.7825315594673157,0.7137949466705322,0.7690362334251404,0.7040967345237732,0.7566471099853516,0.6881667971611023,0.7370794415473938,0.6756613850593567,0.7212117910385132,0.6582262516021729,0.6969852447509766,0.65120929479599,0.6788523197174072,0.6447737812995911,0.6673147082328796,0.6349310278892517,0.652156412601471,0.6197149753570557,0.625205934047699,0.6007680296897888,0.6162729859352112,0.590671181678772,0.5986206531524658,0.5794550776481628,0.5753262639045715,0.5739191174507141,0.553229033946991,0.5717418193817139,0.5459789037704468,0.5574394464492798,0.519364058971405,0.5479898452758789,0.49431073665618896,0.5402453541755676,0.48636022210121155,0.5266990661621094,0.4670300781726837,0.5282220840454102,0.43869200348854065,0.5129333138465881,0.44042566418647766,0.5023593306541443,0.4164787530899048,0.4968946576118469,0.3987743556499481,0.4873798191547394,0.38752296566963196,0.47864413261413574,0.35608065128326416,0.4728001058101654,0.3412580192089081,0.46491336822509766,0.33772072196006775,0.46092528104782104,0.3120102882385254,0.4560946524143219,0.28990310430526733,0.449189156293869,0.2763538658618927,0.44425803422927856,0.268643319606781,0.43400153517723083,0.2474198043346405,0.4353524148464203,0.25029250979423523,0.4238126873970032,0.2295280247926712,0.42214733362197876,0.2111482173204422,0.4189958870410919,0.19216735661029816,0.40898388624191284,0.18844829499721527,0.40484705567359924,0.17539170384407043,0.4020515978336334,0.17597483098506927,0.39419829845428467,0.15752427279949188
kcorr gallant-lion-73,kcorr,91,37,0.7795918583869934,0.0001778086880221963,0.2585243284702301,0.9989057779312134,0.2221534550189972,0.9976342916488647,0.2660824656486511,0.99172043800354,0.3191101551055908,0.9789731502532959,0.3804360032081604,0.9672080874443054,0.4643613398075104,0.9523295760154724,0.5330567359924316,0.922144889831543,0.5381539463996887,0.9074344635009766,0.6197426915168762,0.8918203115463257,0.6263093948364258,0.8677117824554443,0.6623295545578003,0.8572425842285156,0.6823767423629761,0.8271245956420898,0.6852723360061646,0.816184937953949,0.6826188564300537,0.7846508622169495,0.6812196373939514,0.7578334808349609,0.7187284231185913,0.735461413860321,0.6962271928787231,0.7126396894454956,0.6945910453796387,0.6843788027763367,0.6834357976913452,0.6493967771530151,0.716790497303009,0.6292136311531067,0.6814049482345581,0.6213111877441406,0.6801610589027405,0.5803907513618469,0.6623120903968811,0.5464470982551575,0.6586822271347046,0.5191975831985474,0.6438243389129639,0.49452659487724304,0.6543759703636169,0.47635456919670105,0.6271922588348389,0.44522517919540405,0.6338844895362854,0.41601505875587463,0.6052258014678955,0.3985825181007385,0.6007806062698364,0.3559074401855469,0.5994386672973633,0.3327636122703552,0.6127776503562927,0.31468990445137024,0.5927810072898865,0.28436794877052307,0.5844079256057739,0.2780994474887848,0.5695475935935974,0.2603711783885956,0.5615106821060181,0.2266673892736435,0.5557220578193665,0.21959970891475677,0.586069643497467,0.203125461935997,0.5739845037460327,0.18329136073589325,0.5531848073005676,0.16688869893550873,0.5490121841430664,0.15076224505901337,0.5321543216705322,0.13641098141670227,0.5278853178024292,0.121852345764637,0.5316987037658691,0.11677199602127075,0.5177661776542664,0.1049295961856842,0.5158500671386719,0.09224153310060501,0.5109670162200928,0.08558519184589386,0.4973847270011902,0.060433678328990936,0.5022345185279846,0.06683642417192459,0.4979533851146698,0.05887483432888985,0.4899154305458069,0.045111287385225296,0.496109277009964,0.04077368602156639,0.4902331233024597,0.039014339447021484,0.48471546173095703,0.03351232036948204,0.4781044125556946,0.025602763518691063,0.4799874722957611,0.03184068948030472,0.482575386762619,0.017666738480329514,0.4690702557563782,0.02005058340728283,0.47291621565818787,0.009485602378845215,0.46914321184158325,0.01877000741660595,0.46578454971313477,0.015708662569522858,0.4660571217536926,0.009870205074548721,0.45531725883483887,-0.0012602178612723947
kcorr gallant-lion-73,kcorr,91,49,1.0,0.0002992319059558213,0.1877952665090561,0.9986562132835388,0.16496652364730835,0.9959169030189514,0.2118033617734909,0.9858165383338928,0.264538049697876,0.965279757976532,0.32345256209373474,0.9475368857383728,0.4104071855545044,0.9234445095062256,0.47583433985710144,0.8757352828979492,0.4775613844394684,0.8546221256256104,0.5669773817062378,0.8279455304145813,0.5670763254165649,0.7941597700119019,0.6089819669723511,0.7738303542137146,0.6203178763389587,0.7311344742774963,0.627874493598938,0.7157813310623169,0.617303729057312,0.6725163459777832,0.6117958426475525,0.6326608061790466,0.6591829657554626,0.5950804352760315,0.6304129958152771,0.5678010582923889,0.6377369165420532,0.5289860963821411,0.6195671558380127,0.49142906069755554,0.6489764451980591,0.458850234746933,0.6293594241142273,0.44795411825180054,0.6301702857017517,0.4030851721763611,0.6103732585906982,0.3663587272167206,0.6092754006385803,0.33545181155204773,0.5924173593521118,0.30064502358436584,0.6045674681663513,0.2863007187843323,0.57461017370224,0.25199857354164124,0.5904930830001831,0.22631306946277618,0.5619281530380249,0.21571427583694458,0.5582349300384521,0.17045000195503235,0.5513814091682434,0.14360402524471283,0.5610387325286865,0.1292293667793274,0.5465008020401001,0.11245788633823395,0.5582000613212585,0.11768096685409546,0.5303179025650024,0.09582792222499847,0.528590977191925,0.07909412682056427,0.5238867998123169,0.07346846908330917,0.5506171584129333,0.05999550595879555,0.5356829762458801,0.045592937618494034,0.5306870341300964,0.04066617786884308,0.5269190669059753,0.030506394803524017,0.5107565522193909,0.02262447588145733,0.5040409564971924,0.02940535731613636,0.5065633654594421,0.030841123312711716,0.501426637172699,0.021199330687522888,0.49604687094688416,0.014443416148424149,0.4913666546344757,0.007336450275033712,0.47575753927230835,0.0021529647056013346,0.49652767181396484,0.004744680132716894,0.4851298928260803,0.007455546874552965,0.47613009810447693,0.008507749065756798,0.4852951467037201,0.0003552923444658518,0.4777032732963562,0.009615768678486347,0.4839920699596405,0.0032689236104488373,0.469587504863739,0.0004216544621158391,0.46909213066101074,0.008185721933841705,0.4740137755870819,-0.00026816618628799915,0.4642679989337921,0.0012748045846819878,0.46841511130332947,-0.001872845459729433,0.4700446128845215,0.010196909308433533,0.465899258852005,0.0047514173202216625,0.4707908034324646,0.009798591025173664,0.46199843287467957,0.0028424414340406656
kcorr gallant-lion-73,kcorr,92,0,0.10000000149011612,4.52115784810303e-07,0.9997310638427734,0.9998871088027954,0.999441385269165,0.9995931386947632,0.9982906579971313,0.9991275072097778,0.9972565174102783,0.9986453652381897,0.9965956807136536,0.99823397397995,0.9944714307785034,0.9974054098129272,0.9922900199890137,0.996203601360321,0.9901109337806702,0.9950379729270935,0.988219678401947,0.9938932657241821,0.9840390086174011,0.9923099279403687,0.9811654686927795,0.9908864498138428,0.9772952198982239,0.988972544670105,0.9729129672050476,0.9876457452774048,0.969517171382904,0.9852358102798462,0.9635476469993591,0.9829720258712769,0.9576702117919922,0.9803566932678223,0.9509342312812805,0.9778360724449158,0.9435110688209534,0.9754989743232727,0.9357539415359497,0.9730409979820251,0.9277871251106262,0.9694586396217346,0.9187078475952148,0.9668205976486206,0.9105594754219055,0.9632840156555176,0.9013382196426392,0.9593852758407593,0.8889254927635193,0.956024706363678,0.8789312839508057,0.9513166546821594,0.8648906946182251,0.9466366171836853,0.8537813425064087,0.9424758553504944,0.8412507176399231,0.9377071261405945,0.8250484466552734,0.9332185387611389,0.8126340508460999,0.9281832575798035,0.797960102558136,0.9235426187515259,0.7810818552970886,0.9174966812133789,0.7666361927986145,0.9124674201011658,0.7492333650588989,0.9025759100914001,0.7311596870422363,0.8968780040740967,0.7144811153411865,0.8894649744033813,0.6950721144676208,0.8836706280708313,0.6834456324577332,0.8750996589660645,0.6616745591163635,0.8678362369537354,0.6430946588516235,0.8576164245605469,0.6226807236671448,0.8502625226974487,0.6072193384170532,0.8404532670974731,0.589070200920105,0.8304961919784546,0.5699477195739746,0.8183019757270813,0.5489457845687866,0.8083006739616394,0.531455934047699,0.7953401803970337,0.5086197257041931,0.7847608327865601,0.4903618097305298,0.7711387276649475,0.47787389159202576,0.7561817765235901,0.45729032158851624,0.7401580214500427,0.43613171577453613,0.7231324911117554,0.42047715187072754,0.7139220237731934,0.4030397832393646,0.6916244626045227,0.388126939535141,0.673832356929779,0.36605870723724365,0.6568010449409485,0.35112234950065613,0.6391384601593018,0.33718061447143555,0.6189661622047424,0.31789612770080566,0.5956190228462219,0.30373457074165344,0.5744982361793518,0.2883037030696869,0.550754725933075,0.27757933735847473,0.5440687537193298,0.2677670121192932,0.5146974921226501,0.25309669971466064,0.49639394879341125
kcorr gallant-lion-73,kcorr,92,12,0.3204081654548645,1.1252919648541138e-05,0.675720751285553,0.9997416138648987,0.6158573031425476,0.9994268417358398,0.6136279702186584,0.9987330436706543,0.6453786492347717,0.9977971315383911,0.6860800385475159,0.9965081810951233,0.7335451245307922,0.9954565167427063,0.7679346203804016,0.9929083585739136,0.8077151775360107,0.9902426600456238,0.8134123086929321,0.9888731241226196,0.8415959477424622,0.9872933030128479,0.8565126657485962,0.9842944741249084,0.864119827747345,0.9812979102134705,0.8724656701087952,0.978954017162323,0.8754458427429199,0.9751931428909302,0.8792978525161743,0.9715437293052673,0.8748052716255188,0.9680624604225159,0.8624834418296814,0.96393221616745,0.8630258440971375,0.9594364166259766,0.8492335677146912,0.9569846987724304,0.8419610261917114,0.9513638615608215,0.8292157053947449,0.9470736980438232,0.8119575381278992,0.9420139193534851,0.7877077460289001,0.936680257320404,0.7916669249534607,0.9300636053085327,0.7642801403999329,0.9255644679069519,0.7419248223304749,0.9179837107658386,0.7179443836212158,0.9093531370162964,0.7104635834693909,0.9029892683029175,0.6847082376480103,0.8950369954109192,0.6667627692222595,0.89107346534729,0.646473228931427,0.8807896971702576,0.6374852657318115,0.8716086745262146,0.613838255405426,0.8631415367126465,0.5951540470123291,0.8525753617286682,0.5812978148460388,0.8473811149597168,0.5630139112472534,0.8360711932182312,0.548237144947052,0.8246701955795288,0.5371189713478088,0.8139854669570923,0.5180376768112183,0.8039886951446533,0.5036889910697937,0.7921536564826965,0.4930410385131836,0.7823560237884521,0.47807562351226807,0.7643305063247681,0.46139904856681824,0.756790816783905,0.44422784447669983,0.7421830296516418,0.43266037106513977,0.7324209809303284,0.41927066445350647,0.7198859453201294,0.40883585810661316,0.7107762694358826,0.3891379237174988,0.6942088603973389,0.38301417231559753,0.6847500801086426,0.3709908425807953,0.6679138541221619,0.3581405580043793,0.6564223766326904,0.349285751581192,0.6409507989883423,0.3379787504673004,0.6297244429588318,0.3270811140537262,0.6198305487632751,0.316763311624527,0.5992273688316345,0.30924326181411743,0.5867986083030701,0.2980154752731323,0.5671243667602539,0.2939812242984772,0.559053361415863,0.2791435718536377,0.5427160859107971,0.2729453444480896,0.5294821858406067,0.26927945017814636,0.5168353319168091,0.25966471433639526,0.504289984703064,0.25502774119377136,0.49169519543647766
kcorr gallant-lion-73,kcorr,92,24,0.5408163070678711,7.275739335455e-05,0.4192672073841095,0.9993013143539429,0.36170005798339844,0.9986462593078613,0.3816179633140564,0.995785653591156,0.4308661222457886,0.990622878074646,0.48108893632888794,0.9838125109672546,0.5548765063285828,0.9788900017738342,0.6072627305984497,0.9709523320198059,0.6630092859268188,0.9557576179504395,0.6768260598182678,0.9557613730430603,0.7270402908325195,0.9474425315856934,0.7332422733306885,0.936578094959259,0.7485252618789673,0.9256206750869751,0.7631163001060486,0.913165271282196,0.7754120230674744,0.9007341861724854,0.7922914624214172,0.8848901391029358,0.7948627471923828,0.8777344822883606,0.7687414288520813,0.8664083480834961,0.7785400152206421,0.8485906720161438,0.7801991701126099,0.8386751413345337,0.7580288648605347,0.8247183561325073,0.7433412671089172,0.8059545755386353,0.7405356764793396,0.7940919399261475,0.7364228367805481,0.7871918082237244,0.737612783908844,0.7569606900215149,0.6976417303085327,0.7432034611701965,0.7110525369644165,0.7228715419769287,0.6692150831222534,0.7126815319061279,0.6642419099807739,0.6833253502845764,0.6536703705787659,0.6723711490631104,0.6481913924217224,0.6670445799827576,0.6234771013259888,0.6467543244361877,0.6038653254508972,0.6181657314300537,0.6039415597915649,0.601545512676239,0.6029689311981201,0.57722008228302,0.5780940651893616,0.5636133551597595,0.5628420114517212,0.5381202697753906,0.5706522464752197,0.5217528939247131,0.5567567348480225,0.49955591559410095,0.5395582318305969,0.4848518669605255,0.5336476564407349,0.4763621985912323,0.5252982378005981,0.4523426592350006,0.515271782875061,0.4313420057296753,0.5129109621047974,0.40588074922561646,0.4871463179588318,0.40188512206077576,0.4838073253631592,0.3909193277359009,0.4870471656322479,0.3623014986515045,0.4706765115261078,0.3492600619792938,0.46357983350753784,0.33144405484199524,0.46359822154045105,0.3132151663303375,0.442695677280426,0.29415467381477356,0.43791458010673523,0.28434813022613525,0.4356178045272827,0.26609209179878235,0.42743802070617676,0.2621796429157257,0.42061883211135864,0.23558993637561798,0.4207904636859894,0.22614501416683197,0.4147639572620392,0.2127186805009842,0.40213948488235474,0.2034434825181961,0.40300095081329346,0.18973039090633392,0.38860511779785156,0.18107706308364868,0.38485655188560486,0.16398116946220398,0.3854261040687561,0.15494926273822784,0.37960922718048096,0.1460011601448059,0.37800735235214233,0.1448330581188202
kcorr gallant-lion-73,kcorr,92,37,0.7795918583869934,0.0002062259882222861,0.2670970857143402,0.9988715648651123,0.2310514897108078,0.9970396161079407,0.26286327838897705,0.9891103506088257,0.3142665922641754,0.9747361540794373,0.36290332674980164,0.9579507112503052,0.4440813660621643,0.9429182410240173,0.504067063331604,0.9263888001441956,0.5539678335189819,0.886701762676239,0.5846571326255798,0.8891282081604004,0.6350175738334656,0.8627260327339172,0.6341811418533325,0.8456819653511047,0.6511261463165283,0.8197019100189209,0.6643878221511841,0.7889578342437744,0.6718777418136597,0.7555299401283264,0.6882031559944153,0.7170880436897278,0.7093377709388733,0.7019928693771362,0.6830666661262512,0.6876358985900879,0.6862053275108337,0.6441398859024048,0.7039963006973267,0.6172513961791992,0.6809815764427185,0.598214864730835,0.6571493744850159,0.5630872845649719,0.6640589237213135,0.5464363694190979,0.6764383912086487,0.5084106922149658,0.6614927649497986,0.47161006927490234,0.6485242247581482,0.45434436202049255,0.6577072143554688,0.40551328659057617,0.6353176236152649,0.4058729112148285,0.6176053285598755,0.35926902294158936,0.6087163686752319,0.34627366065979004,0.6258973479270935,0.3240897059440613,0.5991573929786682,0.29796102643013,0.5890934467315674,0.28235554695129395,0.5894196629524231,0.24894408881664276,0.6088166236877441,0.21952499449253082,0.581968367099762,0.2305992692708969,0.5701480507850647,0.18870501220226288,0.5825543999671936,0.18923507630825043,0.5593752861022949,0.1444270759820938,0.5547555685043335,0.14019441604614258,0.5531437397003174,0.13667722046375275,0.5512415170669556,0.11933757364749908,0.537102460861206,0.11194871366024017,0.5343292951583862,0.0835501030087471,0.5230438709259033,0.09074389189481735,0.5212717056274414,0.08276572823524475,0.5269930958747864,0.06870098412036896,0.5151253342628479,0.06779167056083679,0.514491617679596,0.05273033678531647,0.5216517448425293,0.04579182714223862,0.5043660998344421,0.03438309580087662,0.5039795637130737,0.042483340948820114,0.4973304569721222,0.03249495476484299,0.4956018030643463,0.02803543023765087,0.493384450674057,0.01990363374352455,0.49330708384513855,0.016170907765626907,0.4867187440395355,0.030277961865067482,0.48875394463539124,0.012388378381729126,0.488162100315094,0.023069817572832108,0.4895932674407959,0.01640000380575657,0.4807000458240509,0.019340351223945618,0.48897823691368103,0.016741782426834106,0.4884757101535797,0.013620545156300068,0.4815686345100403,0.015283855609595776
kcorr gallant-lion-73,kcorr,92,49,1.0,0.0003493334515951574,0.1953701227903366,0.9986774325370789,0.1730341911315918,0.9952947497367859,0.20813718438148499,0.9820157289505005,0.2576749324798584,0.958338737487793,0.3037217855453491,0.9325309991836548,0.38412049412727356,0.9062360525131226,0.44690197706222534,0.882362961769104,0.48851844668388367,0.8215492963790894,0.5301284193992615,0.8230279088020325,0.571874737739563,0.7795781493186951,0.5733211040496826,0.7610692977905273,0.5902242064476013,0.7239565849304199,0.6020666360855103,0.6786505579948425,0.5981651544570923,0.6296764612197876,0.6088616847991943,0.5739598870277405,0.6403359770774841,0.5500251054763794,0.6206334233283997,0.5367115139961243,0.6173375248908997,0.4810328781604767,0.6419293880462646,0.4384967088699341,0.6224172711372375,0.41799452900886536,0.5981660485267639,0.3813866078853607,0.6108339428901672,0.37029698491096497,0.6056718230247498,0.30666908621788025,0.5911529660224915,0.2790437638759613,0.6025398373603821,0.2583942115306854,0.5970357656478882,0.20692892372608185,0.5911083221435547,0.21229755878448486,0.5712931156158447,0.17406630516052246,0.5597552061080933,0.16635563969612122,0.5781580209732056,0.14200782775878906,0.5579437017440796,0.11489998549222946,0.5583255887031555,0.10308518260717392,0.5519059300422668,0.08227061480283737,0.5723259449005127,0.05591766908764839,0.5569730997085571,0.07887491583824158,0.5479865074157715,0.04077336937189102,0.5641394853591919,0.0630107894539833,0.5359950065612793,0.027433114126324654,0.5353558659553528,0.02287963218986988,0.5456491112709045,0.014678421430289745,0.5491529703140259,0.00699829263612628,0.5226399898529053,0.012738700024783611,0.5184065103530884,-0.004879609681665897,0.5165395736694336,0.006029701326042414,0.5007200241088867,0.01171872764825821,0.49939393997192383,-0.0011844215914607048,0.5054545402526855,-0.001243739970959723,0.5051605701446533,-0.006712751928716898,0.5095909237861633,-0.010060956701636314,0.5012359619140625,-0.011052669025957584,0.4944654107093811,-0.007165366783738136,0.49512720108032227,-0.010901653207838535,0.4880198836326599,-0.019384905695915222,0.49125680327415466,-0.012788357213139534,0.47949883341789246,-0.03093874454498291,0.4820502996444702,-0.016948724165558815,0.48647215962409973,-0.01537690032273531,0.4842483401298523,-0.01733759604394436,0.4851158559322357,-0.019922107458114624,0.48283493518829346,-0.016938090324401855,0.4889109432697296,-0.013333197683095932,0.4851130247116089,-0.01575925573706627,0.4906044602394104,-0.01379224844276905
kcorr gallant-lion-73,kcorr,93,0,0.10000000149011612,4.4951013933314243e-07,1.0000044107437134,0.999857485294342,0.999203085899353,0.9997033476829529,0.9985001087188721,0.9993232488632202,0.9975548386573792,0.9987578988075256,0.9963085055351257,0.9979453682899475,0.9941571950912476,0.9972171783447266,0.9927939176559448,0.9961941242218018,0.9900428652763367,0.9955623745918274,0.9877772927284241,0.9939607381820679,0.9849526882171631,0.9924155473709106,0.9805978536605835,0.9907622933387756,0.9773523211479187,0.9894624352455139,0.9733335971832275,0.9867703914642334,0.969040036201477,0.98496013879776,0.9635106921195984,0.9830796122550964,0.9576495289802551,0.9793859720230103,0.9507233500480652,0.978405773639679,0.9436561465263367,0.9755585789680481,0.9361804127693176,0.97276771068573,0.9283665418624878,0.9689370393753052,0.9183135032653809,0.9672157764434814,0.9096677303314209,0.9619807600975037,0.8998259902000427,0.9591748714447021,0.8899341821670532,0.9554471373558044,0.8780693411827087,0.9503923654556274,0.8651948571205139,0.9463226199150085,0.852565348148346,0.9429746866226196,0.8436606526374817,0.9379944801330566,0.8250351548194885,0.9343100190162659,0.812595546245575,0.9265289902687073,0.8022426962852478,0.9224913716316223,0.7832714915275574,0.9172881841659546,0.7650664448738098,0.91065514087677,0.7505404353141785,0.9041134119033813,0.727852463722229,0.896592378616333,0.7184625864028931,0.8900212645530701,0.6966942548751831,0.8831281065940857,0.6791077256202698,0.8765498995780945,0.660781979560852,0.8659937381744385,0.642756998538971,0.8595545887947083,0.6280918121337891,0.8491606116294861,0.6034838557243347,0.8394416570663452,0.5888859033584595,0.8335526585578918,0.5684400200843811,0.8202102184295654,0.5491542220115662,0.8102386593818665,0.5316234230995178,0.7959619760513306,0.5144044756889343,0.7864076495170593,0.4954283535480499,0.7687250971794128,0.4785315990447998,0.757780134677887,0.45398569107055664,0.7396700382232666,0.44083383679389954,0.7256691455841064,0.4225051999092102,0.712306797504425,0.4037207067012787,0.6991500854492188,0.389169305562973,0.672863781452179,0.37022340297698975,0.6560187339782715,0.3554723560810089,0.6362366080284119,0.3400069773197174,0.6194224953651428,0.3242192566394806,0.5991781949996948,0.30601346492767334,0.587230384349823,0.2932843863964081,0.5554168224334717,0.28221967816352844,0.5383229851722717,0.2668165862560272,0.514266312122345,0.25493666529655457,0.5007027983665466
kcorr gallant-lion-73,kcorr,93,12,0.3204081654548645,1.1022710168617778e-05,0.6865667104721069,0.9996061325073242,0.6083787679672241,0.9996087551116943,0.6111826300621033,0.9989340305328369,0.6446847319602966,0.9980034232139587,0.7035260200500488,0.9959590435028076,0.7323364615440369,0.9952723979949951,0.7576267123222351,0.9923020601272583,0.7943811416625977,0.9911156892776489,0.8281729817390442,0.9889785647392273,0.8427852392196655,0.9871946573257446,0.8570523262023926,0.9846840500831604,0.8573688864707947,0.9810274839401245,0.8747003078460693,0.9781177043914795,0.8689203262329102,0.9749617576599121,0.8728401064872742,0.9725123643875122,0.875668466091156,0.9685205221176147,0.8672531843185425,0.9657862782478333,0.8579311966896057,0.9595913887023926,0.8434578776359558,0.9571009874343872,0.8357908129692078,0.9500000476837158,0.8214629888534546,0.9467838406562805,0.809373676776886,0.941348671913147,0.7878211736679077,0.9333171844482422,0.7848935127258301,0.9292506575584412,0.7674076557159424,0.9229848384857178,0.7394971251487732,0.915393054485321,0.7172451615333557,0.9111789464950562,0.7089683413505554,0.9026294946670532,0.684403657913208,0.8941293954849243,0.6646023392677307,0.8883569836616516,0.6475343704223633,0.879701554775238,0.6265608072280884,0.8703043460845947,0.614608883857727,0.8639272451400757,0.5977055430412292,0.8555317521095276,0.5776877999305725,0.844052791595459,0.5631757378578186,0.833141028881073,0.5466805696487427,0.8256458044052124,0.5370563864707947,0.8147014379501343,0.5190600752830505,0.802089273929596,0.5032607316970825,0.7914546728134155,0.493550568819046,0.7799305319786072,0.47154292464256287,0.7714421153068542,0.4601184129714966,0.7574126124382019,0.4405224323272705,0.747713029384613,0.43084508180618286,0.7336117029190063,0.41996628046035767,0.7202745676040649,0.4073968231678009,0.714544951915741,0.395109623670578,0.6989865899085999,0.3804817497730255,0.6833658814430237,0.36470934748649597,0.6722651124000549,0.35724949836730957,0.6594817042350769,0.34177643060684204,0.6439871788024902,0.33955118060112,0.6278214454650879,0.3270266652107239,0.6179631352424622,0.3187483847141266,0.6027050018310547,0.3080205023288727,0.5916515588760376,0.2959735095500946,0.5757793188095093,0.2863272428512573,0.5581984519958496,0.27769580483436584,0.5463710427284241,0.2705642282962799,0.5315065383911133,0.2612113952636719,0.5155372023582458,0.25155892968177795,0.49985846877098083,0.24932676553726196,0.49191856384277344
kcorr gallant-lion-73,kcorr,93,24,0.5408163070678711,7.15798232704401e-05,0.43165192008018494,0.9986845254898071,0.35013628005981445,0.9988847374916077,0.3755670487880707,0.9955912828445435,0.43189865350723267,0.9910546541213989,0.5168295502662659,0.9806065559387207,0.5554550886154175,0.9805272221565247,0.5824989676475525,0.9681839346885681,0.6333122253417969,0.9587323069572449,0.7003551721572876,0.9499417543411255,0.7190744876861572,0.9448960423469543,0.73084956407547,0.932311475276947,0.7374463677406311,0.9235914349555969,0.7687175869941711,0.9106408357620239,0.7472124695777893,0.8995185494422913,0.79350745677948,0.8943276405334473,0.7950186729431152,0.8828365802764893,0.8063063025474548,0.8714898824691772,0.7659700512886047,0.853489875793457,0.7717543244361877,0.8435016870498657,0.7550986409187317,0.8224074244499207,0.7415794134140015,0.8139179944992065,0.7430441379547119,0.788706362247467,0.7152299284934998,0.7795487642288208,0.7304181456565857,0.7574273943901062,0.7026656270027161,0.738150954246521,0.6835439205169678,0.7294477224349976,0.683397114276886,0.7191863059997559,0.6563958525657654,0.6947820782661438,0.6565173864364624,0.6754832863807678,0.6242727637290955,0.6537736654281616,0.6199886798858643,0.635229766368866,0.599656879901886,0.6240760684013367,0.6093944311141968,0.6009097695350647,0.5873835682868958,0.5837649703025818,0.5868679285049438,0.571932315826416,0.5772795677185059,0.5437353849411011,0.5743750929832458,0.5326443910598755,0.5542237758636475,0.5139651298522949,0.555341362953186,0.4930441379547119,0.5382722020149231,0.4818078875541687,0.5347172021865845,0.4519094228744507,0.5274993181228638,0.4482608735561371,0.5057776570320129,0.42723000049591064,0.49654147028923035,0.4032609760761261,0.4968357980251312,0.39986667037010193,0.4844720661640167,0.36572858691215515,0.4785735309123993,0.35041871666908264,0.47814318537712097,0.3454084098339081,0.4698196351528168,0.3280825614929199,0.4504578709602356,0.30810242891311646,0.45982950925827026,0.29470551013946533,0.43372637033462524,0.2810977101325989,0.4346647262573242,0.26660335063934326,0.4420276880264282,0.24942083656787872,0.42545756697654724,0.23382297158241272,0.422208309173584,0.2287769317626953,0.4186429977416992,0.21700775623321533,0.40852540731430054,0.20708884298801422,0.40711358189582825,0.19087737798690796,0.3991546928882599,0.17148849368095398,0.3889213800430298,0.17152971029281616,0.38133952021598816,0.16284967958927155,0.379711389541626,0.14722634851932526
kcorr gallant-lion-73,kcorr,93,37,0.7795918583869934,0.00020489515736699104,0.2766914367675781,0.9974753260612488,0.218916654586792,0.9969995617866516,0.2547643184661865,0.9877002835273743,0.31697243452072144,0.9744169116020203,0.40537452697753906,0.9464417099952698,0.44971856474876404,0.9483029246330261,0.47431570291519165,0.9219440817832947,0.5189810991287231,0.8953667879104614,0.5952067375183105,0.8683931231498718,0.6133388876914978,0.854993999004364,0.6132339835166931,0.8237751722335815,0.6281582117080688,0.8069335222244263,0.6588470935821533,0.7741180062294006,0.6134623289108276,0.755675733089447,0.6897054314613342,0.7254700660705566,0.6836440563201904,0.7026592493057251,0.7143778800964355,0.675466001033783,0.6741012334823608,0.6482292413711548,0.6775275468826294,0.6235611438751221,0.6629928946495056,0.5867559909820557,0.6759250164031982,0.5730571150779724,0.6516247987747192,0.5190292000770569,0.6610511541366577,0.5119744539260864,0.6657502055168152,0.47320276498794556,0.6312735080718994,0.4432883858680725,0.6332225203514099,0.4333361089229584,0.6420838832855225,0.40510982275009155,0.5952634215354919,0.3890119791030884,0.6184284090995789,0.3435218334197998,0.59363853931427,0.33476144075393677,0.581540584564209,0.29757624864578247,0.5743038654327393,0.29225054383277893,0.5635426640510559,0.259212851524353,0.561600923538208,0.24838636815547943,0.5644594430923462,0.24490024149417877,0.5419543981552124,0.19860327243804932,0.5405272841453552,0.19975382089614868,0.5408570766448975,0.18382401764392853,0.5449026823043823,0.16205807030200958,0.5396000742912292,0.15697075426578522,0.5374189615249634,0.14498011767864227,0.5382317900657654,0.13164475560188293,0.5153876543045044,0.12808483839035034,0.5029075741767883,0.11789710074663162,0.5098178386688232,0.10202541947364807,0.49224480986595154,0.09752754122018814,0.4909639060497284,0.08646964281797409,0.4949547052383423,0.08360657840967178,0.498469740152359,0.07186292111873627,0.47906172275543213,0.07126756012439728,0.4970356523990631,0.05894257500767708,0.4792748689651489,0.06344716995954514,0.47365108132362366,0.0582132562994957,0.47705724835395813,0.05248752608895302,0.46654176712036133,0.05081300064921379,0.46377435326576233,0.05192800983786583,0.4612588882446289,0.03767591714859009,0.4669424891471863,0.033786166459321976,0.4675585925579071,0.030797962099313736,0.45087581872940063,0.026140369474887848,0.4531804323196411,0.030230199918150902,0.4503788352012634,0.02127041295170784,0.4457859992980957,0.021488908678293228
kcorr gallant-lion-73,kcorr,93,49,1.0,0.0003494139527902007,0.20251263678073883,0.9966262578964233,0.16148611903190613,0.9947705268859863,0.19940699636936188,0.9792161583900452,0.26127752661705017,0.9563794732093811,0.3466320335865021,0.9113965034484863,0.39450159668922424,0.9146244525909424,0.41896626353263855,0.8770201206207275,0.4560322165489197,0.8367444276809692,0.5301437377929688,0.7923648953437805,0.5446174740791321,0.7692348957061768,0.5394080281257629,0.7244342565536499,0.5550971627235413,0.6998313069343567,0.5853738784790039,0.6516609787940979,0.5340092182159424,0.6388309001922607,0.6067667603492737,0.5809236764907837,0.5925993323326111,0.5539506077766418,0.6252984404563904,0.510769784450531,0.5993697643280029,0.4808720648288727,0.5921592116355896,0.45411014556884766,0.5876435041427612,0.4123085141181946,0.6037765741348267,0.3928804397583008,0.5718307495117188,0.338489294052124,0.5913292765617371,0.31636106967926025,0.5975795388221741,0.28505197167396545,0.5687763094902039,0.26454758644104004,0.5830867290496826,0.2536766231060028,0.5830973982810974,0.21644432842731476,0.5476344227790833,0.22507314383983612,0.5595061182975769,0.17549990117549896,0.5502199530601501,0.17668357491493225,0.5468990206718445,0.14505645632743835,0.5482313632965088,0.14226499199867249,0.5228136777877808,0.1334618479013443,0.5329200029373169,0.11642356216907501,0.5338370203971863,0.11685268580913544,0.5195301175117493,0.08581633865833282,0.5128854513168335,0.08786509186029434,0.5178244709968567,0.08034218102693558,0.524956226348877,0.05704397335648537,0.5205854773521423,0.0585152804851532,0.5166585445404053,0.06396619230508804,0.5202280282974243,0.045699287205934525,0.5016430020332336,0.05482225865125656,0.5079271793365479,0.042331941425800323,0.49473854899406433,0.03626842796802521,0.48463302850723267,0.04017223045229912,0.4841906726360321,0.030343536287546158,0.4832993149757385,0.03063732571899891,0.4777575433254242,0.03028038702905178,0.47945499420166016,0.02636229433119297,0.49214521050453186,0.02834557183086872,0.4730514883995056,0.03096499666571617,0.4743143916130066,0.022679945454001427,0.47678858041763306,0.030983662232756615,0.4655419588088989,0.02458922751247883,0.4677911102771759,0.028672540560364723,0.46730414032936096,0.02518388256430626,0.4746590256690979,0.021257082000374794,0.4735988676548004,0.014439361169934273,0.4625796377658844,0.006463642697781324,0.46697181463241577,0.021093232557177544,0.4604298770427704,0.013441252522170544,0.45325517654418945,0.017463698983192444
kcorr gallant-lion-73,kcorr,94,0,0.10000000149011612,4.482032522901136e-07,0.9999514222145081,0.9998352527618408,0.9992415308952332,0.9995856881141663,0.9984835982322693,0.9993689060211182,0.9979345202445984,0.9986332058906555,0.9962801933288574,0.9982316493988037,0.9947166442871094,0.9970711469650269,0.9927278757095337,0.9963648915290833,0.9901236891746521,0.9952676296234131,0.9873432517051697,0.9942411184310913,0.985126793384552,0.9927183985710144,0.980960488319397,0.9907025098800659,0.9773745536804199,0.9895220994949341,0.971622884273529,0.9869662523269653,0.9675469994544983,0.9851754903793335,0.9634644985198975,0.9835323095321655,0.9585185647010803,0.9799717664718628,0.951331615447998,0.9783846139907837,0.942765474319458,0.9750643372535706,0.9374650716781616,0.9718289971351624,0.9278981685638428,0.9689117670059204,0.9217801690101624,0.9658106565475464,0.9113244414329529,0.9622208476066589,0.8989589810371399,0.9592462182044983,0.8899698257446289,0.9563852548599243,0.8792333006858826,0.9515728950500488,0.8684952855110168,0.947735607624054,0.8547486066818237,0.9446432590484619,0.8407465219497681,0.9375501275062561,0.8304154276847839,0.9332584142684937,0.8156957626342773,0.9273602366447449,0.8006276488304138,0.9239732027053833,0.7828669548034668,0.9177430868148804,0.770433783531189,0.9118623733520508,0.7506930828094482,0.9041219353675842,0.7357252240180969,0.897209107875824,0.7226226329803467,0.8907159566879272,0.7027286887168884,0.8850388526916504,0.6813514828681946,0.8732742071151733,0.6678385734558105,0.8680812120437622,0.6445877552032471,0.8600414395332336,0.6319537162780762,0.849514365196228,0.611945390701294,0.842802882194519,0.5920326113700867,0.8319178819656372,0.5701915621757507,0.820055365562439,0.5531234741210938,0.8089137077331543,0.5339741110801697,0.7939879298210144,0.5221960544586182,0.7858163714408875,0.5042700171470642,0.7700899839401245,0.48134568333625793,0.7621994614601135,0.46361860632896423,0.7418296933174133,0.43793031573295593,0.7243137955665588,0.4273920953273773,0.7099931240081787,0.40814992785453796,0.6956979036331177,0.3966502249240875,0.6698704361915588,0.3764707148075104,0.6573904156684875,0.35861167311668396,0.637522280216217,0.34312716126441956,0.6197407245635986,0.32907232642173767,0.6004539132118225,0.3114229142665863,0.5770311951637268,0.2947155833244324,0.5553005933761597,0.28909605741500854,0.5395479798316956,0.2739713191986084,0.5219072699546814,0.2632274329662323,0.49858155846595764
kcorr gallant-lion-73,kcorr,94,12,0.3204081654548645,1.0072731129184831e-05,0.6711226105690002,0.9997068643569946,0.6119045615196228,0.9994896054267883,0.6129744648933411,0.99930739402771,0.6482703685760498,0.9980490803718567,0.6949502825737,0.997133731842041,0.7353628277778625,0.9953553676605225,0.7697944045066833,0.9931298494338989,0.7963684797286987,0.9918976426124573,0.8201812505722046,0.9901170134544373,0.8498615622520447,0.9873921275138855,0.8631812334060669,0.9847397804260254,0.868358850479126,0.9826592803001404,0.8676759600639343,0.9786341786384583,0.8737986087799072,0.9773348569869995,0.8788262009620667,0.9736550450325012,0.8769993782043457,0.9696241617202759,0.8678818941116333,0.9659423828125,0.8556087017059326,0.9608390927314758,0.8505666851997375,0.955130398273468,0.8293437361717224,0.9535921216011047,0.8380662798881531,0.9489560127258301,0.8152475357055664,0.9439317584037781,0.7967413663864136,0.9402444958686829,0.7771441340446472,0.9331257939338684,0.7529624104499817,0.925866425037384,0.7454586029052734,0.922213077545166,0.7247601747512817,0.913979709148407,0.7030525207519531,0.9076911211013794,0.6868506669998169,0.8988471031188965,0.6694353818893433,0.8937445282936096,0.6455395817756653,0.8866740465164185,0.6284775733947754,0.8795678615570068,0.6179783940315247,0.8683968782424927,0.5978394150733948,0.8599223494529724,0.5760424137115479,0.8514582514762878,0.567937433719635,0.8452824354171753,0.5531312823295593,0.8281426429748535,0.5324016213417053,0.8197137117385864,0.51521897315979,0.8078726530075073,0.4999614357948303,0.7998243570327759,0.48859429359436035,0.7957656979560852,0.47545021772384644,0.7775229215621948,0.4615895450115204,0.7640314698219299,0.44981563091278076,0.7563698887825012,0.42996111512184143,0.7445718050003052,0.4169735312461853,0.7345888018608093,0.40487563610076904,0.7178356647491455,0.3995552361011505,0.7087070345878601,0.3806532621383667,0.6960992813110352,0.3637804090976715,0.6731863021850586,0.35808512568473816,0.666327714920044,0.3490300476551056,0.6559429168701172,0.3364427387714386,0.6464348435401917,0.3239375948905945,0.6305201649665833,0.31501978635787964,0.6123208999633789,0.30491745471954346,0.6033421754837036,0.2941306531429291,0.5825728178024292,0.28822094202041626,0.5725139379501343,0.2795361578464508,0.5546726584434509,0.268681138753891,0.5417214035987854,0.264354407787323,0.5274055004119873,0.25579699873924255,0.511217474937439,0.24733540415763855,0.498683363199234
kcorr gallant-lion-73,kcorr,94,24,0.5408163070678711,6.230851431610063e-05,0.4117046892642975,0.9992667436599731,0.35696473717689514,0.9989417195320129,0.38012686371803284,0.9972444772720337,0.43746110796928406,0.9927418231964111,0.505353569984436,0.9883955121040344,0.5645293593406677,0.9831186532974243,0.6074886322021484,0.9724380970001221,0.6474689841270447,0.9671633243560791,0.6872899532318115,0.959166407585144,0.7379646897315979,0.9501582384109497,0.7535222768783569,0.9398088455200195,0.768732488155365,0.9343140125274658,0.7663394808769226,0.9232364892959595,0.7893379330635071,0.916649341583252,0.8020301461219788,0.9053462147712708,0.8040870428085327,0.8951725959777832,0.7833247780799866,0.8835838437080383,0.781195342540741,0.8644140958786011,0.766987144947052,0.8512915968894958,0.7548834681510925,0.8469033241271973,0.784096896648407,0.8243610858917236,0.7655660510063171,0.8115777969360352,0.7573122382164001,0.801590621471405,0.7237387299537659,0.7821403741836548,0.6951395869255066,0.7737022638320923,0.7019431591033936,0.7574436068534851,0.6822689175605774,0.734840989112854,0.6818577647209167,0.7208178639411926,0.6477989554405212,0.7016234397888184,0.654062807559967,0.6822600364685059,0.6478666663169861,0.6779003739356995,0.6223061084747314,0.6587964296340942,0.6181859970092773,0.6276217103004456,0.6012780666351318,0.6106278300285339,0.5952639579772949,0.6022406220436096,0.5862062573432922,0.577429473400116,0.5764746069908142,0.5519067049026489,0.5663533210754395,0.5317641496658325,0.5548074841499329,0.5288741588592529,0.5380447506904602,0.49543893337249756,0.5396571755409241,0.48201388120651245,0.5287368297576904,0.46619293093681335,0.5225718021392822,0.442697137594223,0.5118891000747681,0.42272546887397766,0.4962141215801239,0.4009312689304352,0.5043686628341675,0.3877928555011749,0.4878882169723511,0.38124197721481323,0.4804636538028717,0.3505048453807831,0.47122782468795776,0.33818915486335754,0.4698241353034973,0.32188549637794495,0.462846040725708,0.3143009543418884,0.45629727840423584,0.292621910572052,0.4470897614955902,0.2709149420261383,0.44979333877563477,0.269313782453537,0.42749688029289246,0.24842944741249084,0.4296988844871521,0.22731150686740875,0.4249490797519684,0.21273498237133026,0.4198634624481201,0.20214469730854034,0.4129523038864136,0.18884313106536865,0.4032406508922577,0.17962868511676788,0.404981791973114,0.15499354898929596,0.39847227931022644,0.15443387627601624,0.3921138048171997,0.1455007791519165
kcorr gallant-lion-73,kcorr,94,37,0.7795918583869934,0.00017408332496415824,0.2591487169265747,0.9987277984619141,0.22670705616474152,0.997627317905426,0.2613198757171631,0.991801917552948,0.3238533139228821,0.9806048274040222,0.39748314023017883,0.9696196913719177,0.46478408575057983,0.9578065276145935,0.5013914704322815,0.9315487742424011,0.5439208745956421,0.9167765974998474,0.588171660900116,0.8952215909957886,0.6492365002632141,0.8749629259109497,0.6577890515327454,0.8510338664054871,0.6808633804321289,0.837937593460083,0.6814592480659485,0.8178315758705139,0.7026165723800659,0.7918888330459595,0.7205410599708557,0.7690022587776184,0.7307007908821106,0.750238835811615,0.7072458863258362,0.7305850982666016,0.7046018242835999,0.6831182241439819,0.6954178214073181,0.6666130423545837,0.6914867162704468,0.6495466232299805,0.712805449962616,0.6016002297401428,0.7068103551864624,0.5804172158241272,0.7023849487304688,0.5543201565742493,0.6799265146255493,0.5277706384658813,0.6671455502510071,0.5200137495994568,0.6574882864952087,0.48511332273483276,0.6530970335006714,0.4530012011528015,0.6360827684402466,0.41987335681915283,0.6156437397003174,0.4025782346725464,0.6252105832099915,0.3730836808681488,0.6457022428512573,0.3628895580768585,0.6182390451431274,0.334994375705719,0.6017009615898132,0.3074820339679718,0.5969855189323425,0.2815783619880676,0.6030579805374146,0.2775874435901642,0.5981425642967224,0.24586588144302368,0.5953723192214966,0.22177408635616302,0.5795701742172241,0.2048003226518631,0.579572856426239,0.20627886056900024,0.5778990387916565,0.1832694560289383,0.5711106061935425,0.1593797355890274,0.5623415112495422,0.14675146341323853,0.5551035404205322,0.1373041421175003,0.5521517992019653,0.12660153210163116,0.5378754734992981,0.10783528536558151,0.5387928485870361,0.09846840798854828,0.5316234230995178,0.09490147978067398,0.5327330231666565,0.09205318987369537,0.5181053876876831,0.07889904826879501,0.5188582539558411,0.05221010372042656,0.5205019116401672,0.058353085070848465,0.509157657623291,0.06338507682085037,0.5076119899749756,0.04646425321698189,0.512751042842865,0.04663032293319702,0.5015650987625122,0.047173742204904556,0.5042297840118408,0.03934525325894356,0.49854332208633423,0.03611842170357704,0.49728772044181824,0.025393914431333542,0.482850044965744,0.030014224350452423,0.4866328239440918,0.018918437883257866,0.479346364736557,0.021982552483677864,0.4805109202861786,0.02142554335296154,0.4767968952655792,0.016672328114509583
kcorr gallant-lion-73,kcorr,94,49,1.0,0.000293147808406502,0.18797841668128967,0.9983753561973572,0.16908200085163116,0.9960808753967285,0.2067328542470932,0.9857048392295837,0.26879334449768066,0.9678184986114502,0.3428047299385071,0.9504094123840332,0.41316092014312744,0.9321773648262024,0.44272279739379883,0.8919203877449036,0.4834005534648895,0.8676765561103821,0.5272627472877502,0.8325375318527222,0.5917017459869385,0.8016676306724548,0.5948581099510193,0.7685937285423279,0.6193330883979797,0.7474330067634583,0.6251904368400574,0.7193769812583923,0.6346979141235352,0.6757001876831055,0.6535818576812744,0.6454529762268066,0.6706537008285522,0.6199919581413269,0.6460675597190857,0.594404935836792,0.6390203237533569,0.5314584970474243,0.6426604390144348,0.5131203532218933,0.6358979940414429,0.48438236117362976,0.6490886807441711,0.4295993149280548,0.6487172245979309,0.4047994911670685,0.6419808268547058,0.3717299699783325,0.6393085718154907,0.3456902503967285,0.630959153175354,0.3342701196670532,0.6118474006652832,0.2984834909439087,0.6190772652626038,0.26265472173690796,0.5943700671195984,0.24055886268615723,0.5701099038124084,0.22214840352535248,0.5807122588157654,0.1978122740983963,0.598799467086792,0.1918686032295227,0.5833624005317688,0.16532295942306519,0.5654191970825195,0.14550112187862396,0.5555210113525391,0.12097671627998352,0.5670977234840393,0.12174466997385025,0.5552363991737366,0.10476246476173401,0.5598228573799133,0.08834969252347946,0.5468874573707581,0.07250691950321198,0.551011323928833,0.08154112100601196,0.5538366436958313,0.07219784706830978,0.5447804927825928,0.04214835539460182,0.5329444408416748,0.041632428765296936,0.533400297164917,0.03794140741229057,0.5308071374893188,0.03139503672719002,0.5121069550514221,0.029963865876197815,0.5223070979118347,0.02573442831635475,0.5128692984580994,0.02604781463742256,0.5165982842445374,0.025429312139749527,0.5060715079307556,0.02107725851237774,0.5051949620246887,0.013420606032013893,0.502151608467102,0.008243412710726261,0.4945095479488373,0.020364144816994667,0.4998244345188141,0.009997312910854816,0.49899041652679443,0.008291463367640972,0.4964199662208557,0.012005086988210678,0.48959365487098694,0.012914515100419521,0.4943111538887024,0.013306054286658764,0.4899595081806183,0.00697328383103013,0.48014089465141296,0.02326876111328602,0.4882407486438751,0.00400447566062212,0.4797196388244629,0.019576914608478546,0.4924941658973694,0.013759149238467216,0.4839334189891815,0.012163388542830944
cnn lemon-cloud-74,cnn,90,0,0.10000000149011612,4.493977598940546e-07,0.9996254444122314,0.9998856782913208,0.9990617036819458,0.9997053146362305,0.9986516833305359,0.9992576837539673,0.9980441927909851,0.99879390001297,0.9962612986564636,0.9981728196144104,0.9942711591720581,0.9970657229423523,0.9929862022399902,0.9962754249572754,0.9911171793937683,0.9951551556587219,0.988324761390686,0.9938914179801941,0.9844124913215637,0.9919801950454712,0.9814532399177551,0.9905524253845215,0.9770854115486145,0.9892796874046326,0.973903238773346,0.9870645999908447,0.9668511152267456,0.9851992726325989,0.9633358716964722,0.9820922017097473,0.9581307172775269,0.9804782867431641,0.9516066312789917,0.9778316020965576,0.941673755645752,0.9756510257720947,0.9343870282173157,0.9736077189445496,0.9278380870819092,0.9696322679519653,0.9203431010246277,0.965886652469635,0.9090491533279419,0.9626147150993347,0.9001140594482422,0.9581441283226013,0.8903135657310486,0.9555706977844238,0.8770983219146729,0.9515628218650818,0.8680786490440369,0.9489681124687195,0.853854238986969,0.9426078796386719,0.8439560532569885,0.9375444650650024,0.8280650973320007,0.9325353503227234,0.8141331076622009,0.9286149144172668,0.798740804195404,0.9233185052871704,0.7830969095230103,0.9168732762336731,0.767559289932251,0.9117809534072876,0.7530738711357117,0.9031563401222229,0.7329137325286865,0.8972411751747131,0.7173614501953125,0.8895062208175659,0.7000738978385925,0.8818022608757019,0.6817110180854797,0.8761671185493469,0.667485773563385,0.8690661787986755,0.64594966173172,0.8621178269386292,0.6276236176490784,0.8506754636764526,0.6103735566139221,0.8406904935836792,0.5932687520980835,0.8298656344413757,0.5677502155303955,0.8194355964660645,0.5569742918014526,0.8076530694961548,0.5368785262107849,0.797583281993866,0.5120579600334167,0.7872155904769897,0.49342042207717896,0.7697187662124634,0.48313045501708984,0.7558956146240234,0.4593241214752197,0.7390422821044922,0.44051530957221985,0.7262306213378906,0.4272255301475525,0.7128140330314636,0.405998557806015,0.6902651190757751,0.39305898547172546,0.6735785603523254,0.372979074716568,0.6577251553535461,0.35649004578590393,0.6389335989952087,0.3435513377189636,0.6142935156822205,0.32658666372299194,0.5993056893348694,0.31067976355552673,0.5780565142631531,0.2986030876636505,0.5565345287322998,0.28189924359321594,0.5291686058044434,0.2734791040420532,0.5134263634681702,0.26183080673217773,0.49552708864212036
cnn lemon-cloud-74,cnn,90,12,0.3204081654548645,1.609770697541535e-05,0.5465106964111328,0.9997350573539734,0.5613998174667358,0.9991589188575745,0.563396692276001,0.9987084865570068,0.5688831210136414,0.9977514147758484,0.5805652737617493,0.9965767860412598,0.5832318067550659,0.9942460060119629,0.5814019441604614,0.9909431338310242,0.5920867919921875,0.9884032607078552,0.5968520641326904,0.9858999252319336,0.6058000326156616,0.980915904045105,0.6009159088134766,0.977773904800415,0.6096909046173096,0.9740021228790283,0.6315566301345825,0.9684040546417236,0.6196950674057007,0.9650891423225403,0.6279589533805847,0.9592500329017639,0.6229732632637024,0.9582428932189941,0.6292235851287842,0.9480774998664856,0.6334566473960876,0.9440043568611145,0.6315716505050659,0.9397249221801758,0.6279134154319763,0.933020830154419,0.6347283124923706,0.9266924262046814,0.6229070425033569,0.9175514578819275,0.6247250437736511,0.9110067486763,0.6164173483848572,0.9023233652114868,0.6080747842788696,0.8963176012039185,0.6000705361366272,0.8881043195724487,0.5959770083427429,0.8842525482177734,0.5811062455177307,0.8737289309501648,0.5768328905105591,0.8628924489021301,0.5507408976554871,0.8536100387573242,0.5518395900726318,0.8450132012367249,0.5315054655075073,0.8340733647346497,0.5181193351745605,0.8289785981178284,0.5065320730209351,0.8118891716003418,0.4864382743835449,0.8069069981575012,0.48057207465171814,0.7918105125427246,0.45973441004753113,0.7827903628349304,0.45350751280784607,0.7767540216445923,0.42986196279525757,0.7648038268089294,0.42728689312934875,0.7528509497642517,0.4067065417766571,0.7391741275787354,0.393250972032547,0.7251191735267639,0.3791617453098297,0.713995099067688,0.3641646206378937,0.699731707572937,0.3578086793422699,0.6870061159133911,0.3453703224658966,0.6712815165519714,0.32883238792419434,0.6633586287498474,0.31596848368644714,0.6439458727836609,0.31092268228530884,0.6310184001922607,0.2962864935398102,0.6129083037376404,0.2869306206703186,0.6004388332366943,0.27605581283569336,0.5849576592445374,0.26757022738456726,0.5700388550758362,0.2618155777454376,0.5607878565788269,0.25097501277923584,0.5472486615180969,0.24274785816669464,0.5343716740608215,0.2328188270330429,0.5185585618019104,0.22611133754253387,0.5024634003639221,0.22115689516067505,0.4836871922016144,0.21264101564884186,0.4707205295562744,0.2051939219236374,0.4566895365715027,0.20046575367450714,0.4498153030872345,0.19164475798606873,0.42794495820999146
cnn lemon-cloud-74,cnn,90,24,0.5408163070678711,8.138056728057563e-05,0.3745211064815521,0.9995102882385254,0.3931959867477417,0.9985313415527344,0.3955649435520172,0.9973938465118408,0.40275052189826965,0.9953829050064087,0.41891413927078247,0.9908895492553711,0.41804927587509155,0.9828136563301086,0.4055333137512207,0.9705793857574463,0.42520952224731445,0.9649766683578491,0.42715102434158325,0.9565175175666809,0.439004123210907,0.9373295903205872,0.4287009537220001,0.9307810664176941,0.4376661777496338,0.9151877164840698,0.4470991790294647,0.8946908116340637,0.4484086334705353,0.8888260126113892,0.45186445116996765,0.8705142140388489,0.4557216167449951,0.8679821491241455,0.45121780037879944,0.8401089906692505,0.46121981739997864,0.8249890804290771,0.45316776633262634,0.8159748911857605,0.45432204008102417,0.7929769158363342,0.46611931920051575,0.7812721133232117,0.45013660192489624,0.7584733366966248,0.4513273537158966,0.7432248592376709,0.43675392866134644,0.7250835299491882,0.44156959652900696,0.7068489789962769,0.4266364276409149,0.6988078951835632,0.42386123538017273,0.675634503364563,0.4159083366394043,0.6625171303749084,0.4072633385658264,0.6409643888473511,0.39273422956466675,0.6300154328346252,0.3834887444972992,0.5971994996070862,0.3731578588485718,0.5844022035598755,0.3844200372695923,0.5674731731414795,0.35610994696617126,0.5512756109237671,0.35058146715164185,0.5260989665985107,0.3393162488937378,0.5087081789970398,0.33523309230804443,0.49647650122642517,0.32900410890579224,0.47276830673217773,0.3189326822757721,0.45848920941352844,0.3185262978076935,0.43738171458244324,0.3051859736442566,0.415483683347702,0.3001224398612976,0.40710076689720154,0.2917660176753998,0.39459407329559326,0.28340262174606323,0.3788856267929077,0.2753179967403412,0.36235255002975464,0.2705547511577606,0.3385542631149292,0.27003389596939087,0.3283277153968811,0.2551407814025879,0.3048066794872284,0.25375133752822876,0.29845917224884033,0.24704298377037048,0.27036747336387634,0.2401410937309265,0.2632119953632355,0.23640108108520508,0.2549775242805481,0.23208874464035034,0.24068892002105713,0.22378994524478912,0.2189124971628189,0.22156614065170288,0.21930305659770966,0.21333909034729004,0.19661188125610352,0.21096885204315186,0.1787949502468109,0.20748496055603027,0.17697250843048096,0.20215453207492828,0.1685769259929657,0.1990664005279541,0.15215380489826202,0.19639059901237488,0.13950513303279877,0.1910616159439087,0.13379187881946564,0.18573656678199768,0.12340064346790314
cnn lemon-cloud-74,cnn,90,37,0.7795918583869934,0.00018928604549728334,0.29886043071746826,0.9993621706962585,0.318758487701416,0.9980634450912476,0.32081565260887146,0.9954235553741455,0.32928478717803955,0.9921133518218994,0.34597525000572205,0.9818233847618103,0.34122657775878906,0.9656727313995361,0.32003656029701233,0.9424059987068176,0.3446803092956543,0.9305717945098877,0.3463611602783203,0.915362536907196,0.3549272418022156,0.8750172853469849,0.34569525718688965,0.8678644299507141,0.3480435609817505,0.8365786075592041,0.3423157334327698,0.800572395324707,0.35822513699531555,0.7869973182678223,0.35470080375671387,0.7603886127471924,0.36862513422966003,0.7429476380348206,0.35663172602653503,0.7064623832702637,0.36207279562950134,0.6768916845321655,0.3573172390460968,0.6666594743728638,0.3576095998287201,0.6187364459037781,0.371580570936203,0.5985265374183655,0.3574333190917969,0.5707767009735107,0.3578142523765564,0.5403169989585876,0.34677520394325256,0.5360181927680969,0.3523671329021454,0.4927574098110199,0.3444976508617401,0.48450011014938354,0.3338142931461334,0.4540717601776123,0.3341892659664154,0.4424508213996887,0.32720327377319336,0.4013984501361847,0.31880447268486023,0.3910400867462158,0.3041963279247284,0.36737334728240967,0.3017808794975281,0.34820809960365295,0.3150900900363922,0.3188413381576538,0.2951143682003021,0.3137856125831604,0.2893458604812622,0.29060098528862,0.27714836597442627,0.2736091911792755,0.27604714035987854,0.2423507273197174,0.2705312669277191,0.22178171575069427,0.27252086997032166,0.21535368263721466,0.2657943367958069,0.1821427345275879,0.2589501440525055,0.16858288645744324,0.2556549608707428,0.16904108226299286,0.25225457549095154,0.15095537900924683,0.24685220420360565,0.13988810777664185,0.24694682657718658,0.13592936098575592,0.243271604180336,0.12394249439239502,0.2473221719264984,0.10216537863016129,0.2358482927083969,0.08860273659229279,0.23883511126041412,0.0945192351937294,0.22977352142333984,0.07842531055212021,0.23271037638187408,0.07276076078414917,0.2313382923603058,0.06495003402233124,0.22709567844867706,0.05095420777797699,0.2222510576248169,0.06332709640264511,0.22336401045322418,0.046719055622816086,0.22440971434116364,0.03469405323266983,0.2174883633852005,0.03272109106183052,0.2223944514989853,0.03328897804021835,0.21816310286521912,0.023382917046546936,0.21767519414424896,0.021550871431827545,0.2192743420600891,0.019318271428346634,0.22143295407295227,0.026993878185749054,0.2143041044473648,0.009360049851238728
cnn lemon-cloud-74,cnn,90,49,1.0,0.0002874504425562918,0.2651240825653076,0.9992861747741699,0.28545498847961426,0.99774169921875,0.2871466279029846,0.9935671091079712,0.29662024974823,0.9891961216926575,0.3124311864376068,0.9734613299369812,0.3056222200393677,0.9510535001754761,0.2798648178577423,0.9200244545936584,0.3059372901916504,0.9016977548599243,0.3083988428115845,0.8806260824203491,0.31268733739852905,0.8242063522338867,0.307686448097229,0.8176974654197693,0.30399972200393677,0.7763737440109253,0.29065582156181335,0.7323026657104492,0.31312295794487,0.7089763879776001,0.30723950266838074,0.6805561780929565,0.3236393332481384,0.647835910320282,0.31139710545539856,0.6119870543479919,0.31167086958885193,0.575697124004364,0.3106224536895752,0.5614743828773499,0.30877885222435,0.5021474361419678,0.31951621174812317,0.4673943817615509,0.3120671510696411,0.44566407799720764,0.3094220459461212,0.40553009510040283,0.3030632436275482,0.4081129729747772,0.30720436573028564,0.3666641116142273,0.30671632289886475,0.3522558808326721,0.29383063316345215,0.31903088092803955,0.2949397563934326,0.3143201172351837,0.28872916102409363,0.25974875688552856,0.28325068950653076,0.25355562567710876,0.2722182273864746,0.24003782868385315,0.27099916338920593,0.21383081376552582,0.27460822463035583,0.18250027298927307,0.26320329308509827,0.19124147295951843,0.26024237275123596,0.17249689996242523,0.25492143630981445,0.16467233002185822,0.25321054458618164,0.13221001625061035,0.2486388236284256,0.12082801014184952,0.25158193707466125,0.111066073179245,0.24303483963012695,0.08466238528490067,0.23662206530570984,0.07404665648937225,0.2366824448108673,0.07536156475543976,0.23571455478668213,0.07092755287885666,0.2290385216474533,0.05099952220916748,0.23239800333976746,0.0567636676132679,0.22354862093925476,0.052019957453012466,0.22713638842105865,0.042388830333948135,0.22295020520687103,0.024870842695236206,0.2259644865989685,0.027335861697793007,0.22063682973384857,0.015921661630272865,0.22421884536743164,0.02462424337863922,0.22632546722888947,0.019480746239423752,0.21770089864730835,0.006904370617121458,0.21611663699150085,0.01454179733991623,0.21675002574920654,0.011690900661051273,0.21802571415901184,0.010236558504402637,0.2110738903284073,0.012370693497359753,0.21437802910804749,0.005471857730299234,0.2117655724287033,0.009906969964504242,0.21172386407852173,0.009436213411390781,0.21494412422180176,0.008045611903071404,0.21658973395824432,0.008277934975922108,0.21273091435432434,-0.004557552747428417
cnn lemon-cloud-74,cnn,91,0,0.10000000149011612,4.520675247476902e-07,0.9996592402458191,0.9998194575309753,0.9992918372154236,0.9995724558830261,0.9984555840492249,0.9990624785423279,0.9975650310516357,0.9985458254814148,0.9965084791183472,0.9979870319366455,0.9947658777236938,0.9972633123397827,0.9925094246864319,0.9960387349128723,0.9908834099769592,0.995087206363678,0.9879045486450195,0.9935908913612366,0.9848684072494507,0.9925692677497864,0.9803510308265686,0.9914742112159729,0.9781328439712524,0.9890931248664856,0.9732066988945007,0.9870561361312866,0.9681718945503235,0.9852273464202881,0.9619939923286438,0.98338782787323,0.9585211873054504,0.9806094765663147,0.9507871866226196,0.9774343371391296,0.9441990852355957,0.9750789999961853,0.9377886056900024,0.972716212272644,0.926918089389801,0.9693148732185364,0.919209897518158,0.9668510556221008,0.9112480878829956,0.9630557894706726,0.9008564352989197,0.9583296775817871,0.8902440667152405,0.9550043344497681,0.8756663799285889,0.9516437649726868,0.8682948350906372,0.9466362595558167,0.8540217876434326,0.9435632824897766,0.8423287868499756,0.9386909008026123,0.8276059031486511,0.9349493980407715,0.8136972188949585,0.9267584681510925,0.7989756464958191,0.9233012199401855,0.7815260291099548,0.9176598787307739,0.7697233557701111,0.9103276133537292,0.7506259083747864,0.9031535387039185,0.7343264818191528,0.8977100253105164,0.7219152450561523,0.890805721282959,0.7001444101333618,0.8856380581855774,0.6853406429290771,0.8777270913124084,0.6657662987709045,0.8691730499267578,0.6471021771430969,0.8574358820915222,0.6286423802375793,0.851020097732544,0.6149405241012573,0.8418181538581848,0.587560772895813,0.8301122188568115,0.5713637471199036,0.822184145450592,0.554437518119812,0.8097802400588989,0.5367887020111084,0.7942988872528076,0.5187254548072815,0.7808571457862854,0.4974818527698517,0.7720078825950623,0.48036789894104004,0.7594054937362671,0.46082812547683716,0.744231104850769,0.4457930028438568,0.7286385893821716,0.42419230937957764,0.710613489151001,0.4073353111743927,0.6966652870178223,0.38739490509033203,0.6697991490364075,0.3763362765312195,0.6542649269104004,0.35575297474861145,0.6358240246772766,0.34420037269592285,0.6174820065498352,0.32633471488952637,0.5967174172401428,0.3114357590675354,0.5754925012588501,0.30129560828208923,0.5546340346336365,0.2808247208595276,0.5391966104507446,0.27050668001174927,0.516915500164032,0.26153337955474854,0.498916357755661
cnn lemon-cloud-74,cnn,91,12,0.3204081654548645,1.626262928766664e-05,0.5563663244247437,0.9997337460517883,0.5558424592018127,0.9991992712020874,0.5532615184783936,0.9986535310745239,0.5591429471969604,0.9976242184638977,0.5631668567657471,0.9960291981697083,0.5747371315956116,0.9941999316215515,0.5929633975028992,0.9910850524902344,0.5867112874984741,0.9876253604888916,0.5916123986244202,0.9855337142944336,0.5960612893104553,0.9815101623535156,0.5989707112312317,0.9792301058769226,0.6191858649253845,0.9742624163627625,0.6143283247947693,0.970513105392456,0.6215267181396484,0.9646774530410767,0.6223901510238647,0.9582775831222534,0.629845380783081,0.954796314239502,0.6386389136314392,0.9500727653503418,0.6320680379867554,0.9441360831260681,0.6308017373085022,0.9367240071296692,0.628477156162262,0.9322555661201477,0.6303659677505493,0.9266809225082397,0.6295610666275024,0.9170541763305664,0.6282863616943359,0.9089695811271667,0.6217467784881592,0.9030600786209106,0.6144677996635437,0.8956440091133118,0.5936477184295654,0.8885020017623901,0.5985420942306519,0.8755875825881958,0.5817505717277527,0.8708257079124451,0.5797426104545593,0.8622904419898987,0.5592312812805176,0.8527962565422058,0.5455431342124939,0.8417402505874634,0.5304017066955566,0.8313093781471252,0.5163217186927795,0.8245192170143127,0.500384509563446,0.8163948059082031,0.49064698815345764,0.800666093826294,0.48143407702445984,0.7919889092445374,0.4601510465145111,0.7826024293899536,0.4490818679332733,0.7714585661888123,0.4422967731952667,0.7597164511680603,0.42194172739982605,0.7482475638389587,0.4091823399066925,0.7362789511680603,0.39322757720947266,0.7262464761734009,0.3747548460960388,0.7109020352363586,0.36720919609069824,0.698354959487915,0.3558974862098694,0.6898404359817505,0.3440212905406952,0.673362672328949,0.3268273174762726,0.6616319417953491,0.32140520215034485,0.648448646068573,0.30725425481796265,0.6345323324203491,0.2965956926345825,0.6188200116157532,0.28914955258369446,0.6010015606880188,0.2760098874568939,0.5926601886749268,0.27055639028549194,0.5744818449020386,0.257743775844574,0.5582093000411987,0.2523273527622223,0.5435048937797546,0.2402319312095642,0.5316343307495117,0.23728807270526886,0.5133898258209229,0.22459378838539124,0.5004300475120544,0.21963272988796234,0.4887309670448303,0.21152518689632416,0.4769117832183838,0.20327721536159515,0.46224769949913025,0.19912824034690857,0.45353832840919495,0.19087055325508118,0.44195741415023804
cnn lemon-cloud-74,cnn,91,24,0.5408163070678711,8.214024273911491e-05,0.38521113991737366,0.9995748996734619,0.3849315941333771,0.998816192150116,0.3863801658153534,0.9977917671203613,0.3930079936981201,0.9946053624153137,0.39541080594062805,0.9896437525749207,0.40962228178977966,0.9829811453819275,0.4306188225746155,0.9720625281333923,0.4155539572238922,0.9608743786811829,0.42641034722328186,0.9539528489112854,0.4223116934299469,0.9388548731803894,0.4317812919616699,0.9344465732574463,0.4515344202518463,0.9160333275794983,0.4420815408229828,0.9066168665885925,0.44762343168258667,0.8886722922325134,0.4449387788772583,0.8723244667053223,0.45754289627075195,0.8563109636306763,0.4631003439426422,0.8416779041290283,0.4591796398162842,0.8264502882957458,0.44910728931427,0.8072842359542847,0.4743610620498657,0.8027569651603699,0.4596875011920929,0.7821519374847412,0.4555674195289612,0.7632823586463928,0.4532734453678131,0.7350086569786072,0.45301395654678345,0.7198617458343506,0.4464443027973175,0.7039218544960022,0.43997830152511597,0.6993597745895386,0.4315863847732544,0.6708730459213257,0.4252357482910156,0.6499322652816772,0.41207489371299744,0.6304247975349426,0.40585801005363464,0.6056048274040222,0.40482333302497864,0.5978955626487732,0.3935266137123108,0.5844125747680664,0.3844754695892334,0.5609886646270752,0.369985967874527,0.5443790555000305,0.35819536447525024,0.5340243577957153,0.35461997985839844,0.5074421763420105,0.3455637991428375,0.48730525374412537,0.3296706974506378,0.47782161831855774,0.3250720798969269,0.45188823342323303,0.3158627450466156,0.43100103735923767,0.3110525608062744,0.4182569682598114,0.29895833134651184,0.404955118894577,0.2986467778682709,0.3805113732814789,0.28715580701828003,0.3782968521118164,0.2822723686695099,0.35373029112815857,0.27737006545066833,0.3444480895996094,0.2659684419631958,0.3275845944881439,0.26507726311683655,0.30074426531791687,0.255923330783844,0.28479239344596863,0.2502005398273468,0.27278652787208557,0.24552007019519806,0.2599608600139618,0.23785626888275146,0.2362389862537384,0.2364605814218521,0.2247755080461502,0.23089264333248138,0.2121850699186325,0.22541989386081696,0.1877780556678772,0.22161664068698883,0.19072607159614563,0.2166936993598938,0.17991328239440918,0.21392452716827393,0.1647867113351822,0.2066461443901062,0.15207144618034363,0.20337504148483276,0.14635871350765228,0.19966697692871094,0.12980015575885773,0.1954176425933838,0.13076326251029968,0.1909380704164505,0.1216931864619255
cnn lemon-cloud-74,cnn,91,37,0.7795918583869934,0.00019121752120554447,0.30898886919021606,0.9994297623634338,0.30888596177101135,0.9985259771347046,0.31370964646339417,0.9963889122009277,0.3195859491825104,0.9896541833877563,0.31924185156822205,0.9801225066184998,0.33440014719963074,0.9661257266998291,0.3519720733165741,0.9430925846099854,0.3320618271827698,0.923119306564331,0.346736341714859,0.9073870778083801,0.33418533205986023,0.8797920346260071,0.35113751888275146,0.869485080242157,0.36091697216033936,0.8336765170097351,0.35241392254829407,0.8188489079475403,0.3514063358306885,0.7872307300567627,0.34805306792259216,0.7571777701377869,0.3652258515357971,0.7261466979980469,0.36155635118484497,0.70161372423172,0.36082398891448975,0.6731405854225159,0.341986745595932,0.64717036485672,0.3765234053134918,0.6270902752876282,0.3670365512371063,0.6085708141326904,0.36431699991226196,0.5771769881248474,0.34870508313179016,0.5367538332939148,0.349107563495636,0.509367048740387,0.343781441450119,0.48961520195007324,0.3536469638347626,0.4770505726337433,0.33665192127227783,0.4407159388065338,0.3391350209712982,0.41303956508636475,0.31958070397377014,0.4000840485095978,0.31380024552345276,0.3564184606075287,0.3161027431488037,0.3387465476989746,0.31995832920074463,0.31867703795433044,0.30805450677871704,0.2915179431438446,0.3002600073814392,0.2828344404697418,0.2902891933917999,0.27664873003959656,0.2886843979358673,0.24206528067588806,0.27925610542297363,0.23304720222949982,0.28234487771987915,0.2194543480873108,0.2789649963378906,0.2029382586479187,0.2657887637615204,0.18393726646900177,0.2655145823955536,0.16016912460327148,0.25433722138404846,0.1578868329524994,0.25261369347572327,0.13909156620502472,0.2524234652519226,0.12574411928653717,0.2477651685476303,0.11978453397750854,0.24804358184337616,0.10718078911304474,0.23972797393798828,0.09433621913194656,0.23601976037025452,0.07987536489963531,0.23375976085662842,0.08277730643749237,0.2358563244342804,0.06790449470281601,0.22905048727989197,0.06159229204058647,0.22683586180210114,0.05308990553021431,0.22827909886837006,0.05064570903778076,0.2241937816143036,0.04601030796766281,0.22088493406772614,0.03862065076828003,0.22051964700222015,0.03791190683841705,0.22282475233078003,0.029672754928469658,0.21659159660339355,0.028029736131429672,0.2142035961151123,0.024636173620820045,0.21647892892360687,0.01936035044491291,0.21408692002296448,0.024251025170087814,0.21313153207302094,0.011796736158430576,0.20757374167442322,0.004372771363705397
cnn lemon-cloud-74,cnn,91,49,1.0,0.00029089523013681173,0.27475622296333313,0.9993319511413574,0.2747493088245392,0.9982925653457642,0.28149113059043884,0.9949374794960022,0.28661683201789856,0.984920859336853,0.28442829847335815,0.9718063473701477,0.3002367615699768,0.9516013264656067,0.3138481676578522,0.9183538556098938,0.2926221489906311,0.8926237225532532,0.3087967336177826,0.8679679036140442,0.2926904857158661,0.8341176509857178,0.31261974573135376,0.8147723078727722,0.31524041295051575,0.7683190107345581,0.3103499114513397,0.750430166721344,0.30430540442466736,0.7116106748580933,0.29990068078041077,0.6701506972312927,0.31867942214012146,0.6265571713447571,0.3115711808204651,0.5987169146537781,0.3134937286376953,0.5635861754417419,0.2923344373703003,0.5407021045684814,0.3215622007846832,0.5056667923927307,0.320913702249527,0.4864453673362732,0.3178872764110565,0.4547554850578308,0.29942965507507324,0.4105939269065857,0.3006284832954407,0.380593478679657,0.29369762539863586,0.35442662239074707,0.3058370351791382,0.3409891724586487,0.28851085901260376,0.30075737833976746,0.29269567131996155,0.2828299403190613,0.27560117840766907,0.2701599895954132,0.2699625790119171,0.2247055619955063,0.2697145342826843,0.20552699267864227,0.27328166365623474,0.17475874722003937,0.26284757256507874,0.15560536086559296,0.266147255897522,0.16282035410404205,0.25264331698417664,0.1501787006855011,0.2526027262210846,0.1247912347316742,0.24534840881824493,0.12528125941753387,0.24719028174877167,0.10634216666221619,0.2437322735786438,0.0969868153333664,0.238961860537529,0.08207827806472778,0.23946525156497955,0.0697777271270752,0.2295713573694229,0.06532281637191772,0.2260759472846985,0.06504002958536148,0.22851575911045074,0.04898610711097717,0.22749663889408112,0.05201146379113197,0.228227898478508,0.040466923266649246,0.2214716225862503,0.025245152413845062,0.21572357416152954,0.020909897983074188,0.2218920737504959,0.023393219336867332,0.22103489935398102,0.015068728476762772,0.2158978283405304,0.01618153788149357,0.2158975750207901,0.010005952790379524,0.2168359011411667,0.015475927852094173,0.217386856675148,0.015371022745966911,0.21222621202468872,0.007063765078783035,0.21428734064102173,0.006348285358399153,0.21523287892341614,0.0011063205311074853,0.21131432056427002,0.003972616977989674,0.2105376422405243,0.00011899977107532322,0.21459366381168365,0.0005501524428837001,0.21464796364307404,0.0003243903920520097,0.21700581908226013,0.005121827125549316,0.2117590308189392,-0.004175690468400717
cnn lemon-cloud-74,cnn,92,0,0.10000000149011612,4.52115784810303e-07,0.9997314214706421,0.9998869895935059,0.9994415044784546,0.9995929598808289,0.9982908368110657,0.9991273283958435,0.9972565174102783,0.998645544052124,0.9965963363647461,0.9982335567474365,0.9944716095924377,0.9974051713943481,0.9922894239425659,0.9962035417556763,0.9901111721992493,0.995038628578186,0.9882192015647888,0.9938931465148926,0.9840385317802429,0.9923088550567627,0.9811654686927795,0.9908871054649353,0.9772956371307373,0.9889741539955139,0.9729127287864685,0.9876462817192078,0.969517707824707,0.9852363467216492,0.9635468125343323,0.9829719662666321,0.9576693177223206,0.9803558588027954,0.950933039188385,0.9778359532356262,0.9435110092163086,0.9754990339279175,0.9357510805130005,0.9730404615402222,0.9277874827384949,0.96945720911026,0.9187101125717163,0.9668210744857788,0.9105601906776428,0.9632853269577026,0.9013369679450989,0.9593856334686279,0.8889234066009521,0.9560237526893616,0.8789306879043579,0.9513165950775146,0.864890456199646,0.946636974811554,0.8537805676460266,0.942477822303772,0.8412501811981201,0.9377089738845825,0.8250492811203003,0.9332195520401001,0.8126344084739685,0.9281826615333557,0.7979609966278076,0.9235424995422363,0.7810811400413513,0.9174975752830505,0.7666377425193787,0.9124687910079956,0.7492349743843079,0.9025745987892151,0.7311602830886841,0.8968784213066101,0.7144827246665955,0.8894634246826172,0.6950737833976746,0.8836703896522522,0.6834465861320496,0.8751019239425659,0.6616746783256531,0.86783367395401,0.6430935263633728,0.8576196432113647,0.6226814985275269,0.8502635359764099,0.6072189211845398,0.8404548764228821,0.5890685319900513,0.8304969072341919,0.5699484944343567,0.8183022141456604,0.5489451885223389,0.8083012700080872,0.5314563512802124,0.7953395843505859,0.5086207985877991,0.7847616672515869,0.490363210439682,0.7711400389671326,0.4778738021850586,0.7561790943145752,0.4572920501232147,0.7401567101478577,0.4361329972743988,0.7231331467628479,0.42047879099845886,0.7139220237731934,0.40304070711135864,0.6916244029998779,0.3881268799304962,0.6738321185112,0.36605924367904663,0.6568015217781067,0.35112181305885315,0.6391389966011047,0.33718061447143555,0.6189658641815186,0.31789591908454895,0.5956228971481323,0.30373480916023254,0.5744968056678772,0.2883031666278839,0.550754189491272,0.2775791585445404,0.5440680980682373,0.2677670419216156,0.5146985054016113,0.2530966103076935,0.49639421701431274
cnn lemon-cloud-74,cnn,92,12,0.3204081654548645,1.8011742213275284e-05,0.5557401776313782,0.9998395442962646,0.5596009492874146,0.9990981817245483,0.5653173327445984,0.9987098574638367,0.5686798691749573,0.9969020485877991,0.5693860650062561,0.9957612156867981,0.5729392766952515,0.9937852621078491,0.5807715654373169,0.9903339743614197,0.5947736501693726,0.9856688380241394,0.5810952186584473,0.984542191028595,0.5969472527503967,0.9811027646064758,0.6103038787841797,0.9773622155189514,0.6057024598121643,0.9723326563835144,0.6124247908592224,0.968807578086853,0.6176285147666931,0.9631392955780029,0.6325269341468811,0.9555503726005554,0.6275878548622131,0.952970564365387,0.6316639184951782,0.9458602666854858,0.6340553164482117,0.9381585717201233,0.63288414478302,0.9344629049301147,0.6341453194618225,0.9261177778244019,0.639036238193512,0.9196372032165527,0.6322633028030396,0.9138115048408508,0.6150497794151306,0.9064865708351135,0.6343927383422852,0.8976407647132874,0.6179066896438599,0.8910959362983704,0.6038320064544678,0.8810673952102661,0.5843267440795898,0.8675143122673035,0.5890005826950073,0.8602686524391174,0.5724015831947327,0.8518693447113037,0.5619893670082092,0.8482546210289001,0.5461943745613098,0.8349664807319641,0.5413954257965088,0.8258644938468933,0.5141345262527466,0.8124234676361084,0.5061550736427307,0.7999217510223389,0.49288833141326904,0.7982865571975708,0.4757674038410187,0.7826555967330933,0.460885226726532,0.7705364227294922,0.4518572986125946,0.7559235095977783,0.43297678232192993,0.7434938549995422,0.4213368594646454,0.7323184013366699,0.41252684593200684,0.7234131693840027,0.39458906650543213,0.6972045302391052,0.3816421329975128,0.6926054358482361,0.36835506558418274,0.6752843856811523,0.35610231757164,0.6679379343986511,0.3454936742782593,0.6539745926856995,0.3364802896976471,0.6398214101791382,0.3204970061779022,0.6234198212623596,0.31388965249061584,0.6162531971931458,0.30216729640960693,0.5966256260871887,0.290752112865448,0.583507239818573,0.2823145091533661,0.566328227519989,0.27362319827079773,0.5563981533050537,0.26249372959136963,0.5460902452468872,0.2532857656478882,0.5236610770225525,0.24474364519119263,0.5109902024269104,0.2385348230600357,0.4897538125514984,0.23145534098148346,0.4843108355998993,0.22189363837242126,0.4633164405822754,0.21451641619205475,0.45079362392425537,0.21086439490318298,0.43430736660957336,0.2034735083580017,0.42672762274742126,0.20014604926109314,0.4119549095630646
cnn lemon-cloud-74,cnn,92,24,0.5408163070678711,9.24325140658766e-05,0.3846181035041809,0.9996805191040039,0.39077287912368774,0.998356282711029,0.39864832162857056,0.9973654747009277,0.4024612009525299,0.9924356937408447,0.3977713882923126,0.9874458909034729,0.4028019309043884,0.9787198901176453,0.4125726819038391,0.9709267020225525,0.4230347275733948,0.9502957463264465,0.4100967049598694,0.9519892930984497,0.43004629015922546,0.9388580918312073,0.43179982900619507,0.9236633777618408,0.42505258321762085,0.9113296270370483,0.43351781368255615,0.8962137699127197,0.43769899010658264,0.8777732253074646,0.4563080668449402,0.8511154055595398,0.4557701647281647,0.8449650406837463,0.4507812559604645,0.8280137777328491,0.4523261785507202,0.8040757179260254,0.4630297124385834,0.78626549243927,0.4471534490585327,0.7723047137260437,0.4494895935058594,0.7468801140785217,0.45489150285720825,0.7287088632583618,0.4532322883605957,0.7312890291213989,0.45879966020584106,0.6919010877609253,0.43588149547576904,0.6697921752929688,0.44329532980918884,0.6457134485244751,0.4137117266654968,0.6422929763793945,0.41615355014801025,0.6080713868141174,0.4097716510295868,0.5952965617179871,0.41242700815200806,0.5927026867866516,0.3900173008441925,0.5784283876419067,0.3793874680995941,0.5414151549339294,0.37050560116767883,0.5344954133033752,0.36613988876342773,0.5016909837722778,0.35335657000541687,0.49358418583869934,0.3382025361061096,0.46844974160194397,0.3403564393520355,0.4482567608356476,0.3294777274131775,0.43143486976623535,0.31423014402389526,0.41310790181159973,0.3095647692680359,0.4051840007305145,0.30432817339897156,0.3814348876476288,0.29318127036094666,0.3665112257003784,0.29475677013397217,0.3363659977912903,0.27378013730049133,0.33054351806640625,0.2711987793445587,0.32250699400901794,0.2715073525905609,0.29211482405662537,0.25882449746131897,0.2789894938468933,0.2569563686847687,0.27314621210098267,0.25220972299575806,0.2508370876312256,0.24190311133861542,0.23443080484867096,0.23421195149421692,0.2229556143283844,0.23116227984428406,0.2139616161584854,0.22643400728702545,0.2067876160144806,0.22201551496982574,0.18140412867069244,0.2175980806350708,0.1764855682849884,0.2155078798532486,0.17087437212467194,0.20686395466327667,0.15680450201034546,0.20333050191402435,0.14413097500801086,0.19398252665996552,0.13872291147708893,0.19222861528396606,0.12367765605449677,0.191562682390213,0.12316129356622696,0.18736788630485535,0.1091577410697937,0.18633690476417542,0.11199082434177399
cnn lemon-cloud-74,cnn,92,37,0.7795918583869934,0.0002161558368243277,0.30879920721054077,0.9995176792144775,0.31610193848609924,0.9976595044136047,0.32450541853904724,0.9953177571296692,0.3266090154647827,0.9858701229095459,0.31811830401420593,0.9753977656364441,0.3227168023586273,0.955693244934082,0.33371657133102417,0.9428954720497131,0.33402374386787415,0.9007306098937988,0.33140912652015686,0.9056378602981567,0.34594449400901794,0.8764251470565796,0.341909795999527,0.8531543612480164,0.3344193696975708,0.8318736553192139,0.3424789309501648,0.802225649356842,0.3393550515174866,0.7638717889785767,0.35283219814300537,0.7164715528488159,0.36200976371765137,0.7001305222511292,0.3569750189781189,0.6835693120956421,0.35084179043769836,0.6408334970474243,0.36799830198287964,0.6052882075309753,0.35047808289527893,0.5930414795875549,0.34371283650398254,0.553610622882843,0.3517187833786011,0.5284517407417297,0.363324910402298,0.5008093118667603,0.3497812747955322,0.4657876789569855,0.34410959482192993,0.4446188807487488,0.34459254145622253,0.390852689743042,0.33456259965896606,0.4129774570465088,0.3245100677013397,0.3576829731464386,0.3188283443450928,0.3452198803424835,0.3322121202945709,0.3275550603866577,0.31329473853111267,0.30928486585617065,0.3058621287345886,0.28773927688598633,0.29902929067611694,0.27147096395492554,0.30460265278816223,0.22936110198497772,0.291762113571167,0.24288664758205414,0.28416508436203003,0.21206171810626984,0.2845129668712616,0.2003023326396942,0.27478107810020447,0.16780979931354523,0.2678582966327667,0.162215918302536,0.26314103603363037,0.15503060817718506,0.2603435516357422,0.13705949485301971,0.25116944313049316,0.13040205836296082,0.2517824172973633,0.1031881719827652,0.2452753484249115,0.10624802857637405,0.2460239827632904,0.10613507032394409,0.24191363155841827,0.08349822461605072,0.23715916275978088,0.0792781412601471,0.23907172679901123,0.07555697113275528,0.23624718189239502,0.06270796805620193,0.23456300795078278,0.051399800926446915,0.22817263007164001,0.05481770634651184,0.22433370351791382,0.047111641615629196,0.2252211570739746,0.03682028502225876,0.2234702855348587,0.0374879390001297,0.2208603322505951,0.022328268736600876,0.21879403293132782,0.03620832785964012,0.22048217058181763,0.016803624108433723,0.21485771238803864,0.03072827309370041,0.21425779163837433,0.02133173868060112,0.20990578830242157,0.02606690116226673,0.21468399465084076,0.020046310499310493,0.21317003667354584,0.022546738386154175,0.2089102566242218,0.01365488488227129
cnn lemon-cloud-74,cnn,92,49,1.0,0.0003292731416877359,0.2748927175998688,0.9994016885757446,0.2827320992946625,0.9971275329589844,0.2911103069782257,0.9934192299842834,0.29150933027267456,0.9799879789352417,0.2811466455459595,0.965141773223877,0.2844037711620331,0.9355807900428772,0.29661989212036133,0.9189929962158203,0.28969159722328186,0.8613783717155457,0.2944154441356659,0.8656377196311951,0.3024851679801941,0.8231138586997986,0.2994353473186493,0.7976838946342468,0.2920331358909607,0.770609438419342,0.30045872926712036,0.7306620478630066,0.2898174822330475,0.6799712777137756,0.298223078250885,0.6198408007621765,0.3116544783115387,0.5910652279853821,0.3105809986591339,0.5773968696594238,0.2997044622898102,0.5295023918151855,0.3188117742538452,0.48304125666618347,0.3033846914768219,0.4682173728942871,0.2943890690803528,0.42970752716064453,0.3033384382724762,0.4112181067466736,0.3066262900829315,0.3489004075527191,0.2915914058685303,0.3297652006149292,0.29948678612709045,0.3025929927825928,0.2901754081249237,0.24946269392967224,0.29201769828796387,0.2760162651538849,0.2793160378932953,0.22291456162929535,0.2729012072086334,0.21999670565128326,0.2850230038166046,0.1982976645231247,0.27278459072113037,0.17127272486686707,0.27212557196617126,0.1517133116722107,0.26063817739486694,0.142125204205513,0.2672341763973236,0.1003488227725029,0.2606446146965027,0.12801845371723175,0.25800609588623047,0.09458322823047638,0.25854021310806274,0.10198171436786652,0.24895541369915009,0.07817291468381882,0.24579326808452606,0.07238534837961197,0.24457965791225433,0.06643165647983551,0.2460000067949295,0.05342019721865654,0.23478078842163086,0.05499821528792381,0.23230379819869995,0.034189462661743164,0.23441432416439056,0.036447878926992416,0.23064592480659485,0.04165017604827881,0.22154048085212708,0.02536831796169281,0.22713305056095123,0.025721903890371323,0.22737574577331543,0.025864671915769577,0.22565658390522003,0.016463711857795715,0.22870789468288422,0.015103766694664955,0.22372323274612427,0.020674046128988266,0.22074857354164124,0.017130102962255478,0.22085890173912048,0.008995801210403442,0.22394171357154846,0.012300456874072552,0.21643516421318054,-0.005197217687964439,0.21757906675338745,0.007692953106015921,0.22192423045635223,0.006958843674510717,0.21867240965366364,0.0033402033150196075,0.21926090121269226,-0.001810495974496007,0.22023290395736694,0.007786947302520275,0.22277218103408813,0.00997215323150158,0.22079849243164062,0.008166755549609661,0.22519247233867645,0.005928996484726667
cnn lemon-cloud-74,cnn,93,0,0.10000000149011612,4.4951013933314243e-07,1.0000048875808716,0.999857485294342,0.999203085899353,0.9997034072875977,0.9985002279281616,0.9993233680725098,0.9975548386573792,0.9987580180168152,0.9963082075119019,0.9979451894760132,0.994157612323761,0.9972169995307922,0.9927942752838135,0.9961937665939331,0.9900432825088501,0.9955624341964722,0.9877774715423584,0.9939603209495544,0.9849516749382019,0.992415189743042,0.9805984497070312,0.9907622933387756,0.9773523211479187,0.9894620776176453,0.9733335971832275,0.9867691397666931,0.9690389037132263,0.9849604964256287,0.9635093212127686,0.9830800294876099,0.9576500058174133,0.9793866276741028,0.9507222175598145,0.9784058928489685,0.9436566233634949,0.9755609035491943,0.9361802339553833,0.9727677702903748,0.9283674359321594,0.9689366817474365,0.918315052986145,0.9672161936759949,0.9096700549125671,0.961983859539032,0.8998242020606995,0.9591730237007141,0.8899364471435547,0.955447793006897,0.878071129322052,0.950392484664917,0.8651943802833557,0.9463215470314026,0.8525632619857788,0.9429726004600525,0.8436585664749146,0.9379926323890686,0.8250349760055542,0.9343101978302002,0.8125942945480347,0.9265269637107849,0.8022429943084717,0.9224920868873596,0.7832704186439514,0.9172878861427307,0.7650651335716248,0.9106574058532715,0.7505406141281128,0.9041138291358948,0.7278520464897156,0.8965931534767151,0.7184635996818542,0.890019953250885,0.6966981291770935,0.8831288814544678,0.6791074275970459,0.8765490651130676,0.6607812643051147,0.8659952878952026,0.6427568197250366,0.8595535159111023,0.6280919313430786,0.8491613864898682,0.6034839153289795,0.8394430875778198,0.5888854265213013,0.8335533142089844,0.5684412717819214,0.8202105760574341,0.5491529107093811,0.81023770570755,0.531623899936676,0.7959661483764648,0.5144054889678955,0.786405622959137,0.4954279661178589,0.7687264084815979,0.4785333573818207,0.7577813863754272,0.4539855718612671,0.7396712303161621,0.44083285331726074,0.7256693243980408,0.42250576615333557,0.7123066782951355,0.40372100472450256,0.6991494297981262,0.3891695737838745,0.6728622317314148,0.37022411823272705,0.6560168862342834,0.3554714322090149,0.6362397074699402,0.34000661969184875,0.6194208264350891,0.32422009110450745,0.5991793870925903,0.3060130774974823,0.587232232093811,0.29328468441963196,0.5554171800613403,0.28222039341926575,0.5383224487304688,0.2668168544769287,0.5142644047737122,0.2549363672733307,0.5007013082504272
cnn lemon-cloud-74,cnn,93,12,0.3204081654548645,1.770694143488072e-05,0.5564463138580322,0.9997238516807556,0.5670767426490784,0.9992402195930481,0.5573955178260803,0.9988602995872498,0.5683260560035706,0.9974080324172974,0.5789803862571716,0.9948819279670715,0.5744004845619202,0.9932225346565247,0.5724608302116394,0.9895929098129272,0.580718457698822,0.986997663974762,0.5971313714981079,0.9851281642913818,0.598085343837738,0.9803751707077026,0.6038735508918762,0.9760462045669556,0.6003669500350952,0.9712397456169128,0.6164335012435913,0.9671872854232788,0.6086346507072449,0.9620794653892517,0.6217793226242065,0.9601213932037354,0.63313889503479,0.9531410336494446,0.6274505853652954,0.9480193853378296,0.6314417719841003,0.9375931024551392,0.6327862739562988,0.933861494064331,0.6298699975013733,0.9267867207527161,0.6255369782447815,0.9197871088981628,0.6277798414230347,0.91097491979599,0.6216634511947632,0.9009419679641724,0.6310964226722717,0.8965048789978027,0.6227920651435852,0.8864398002624512,0.5957702994346619,0.8776366710662842,0.5894465446472168,0.8719503879547119,0.5931415557861328,0.8640039563179016,0.5691835880279541,0.8523539304733276,0.5644508600234985,0.8454992175102234,0.5496100187301636,0.8353304862976074,0.5289425849914551,0.822152316570282,0.5200778245925903,0.8147984743118286,0.5040937662124634,0.8033409714698792,0.48452651500701904,0.7954742312431335,0.47602567076683044,0.7774986624717712,0.46010687947273254,0.771403968334198,0.4535886347293854,0.7584821581840515,0.4377399682998657,0.7445220947265625,0.4212760627269745,0.7274259924888611,0.4136885404586792,0.7185140252113342,0.3886542022228241,0.7074887156486511,0.3827399015426636,0.6915432214736938,0.3656897246837616,0.6793714165687561,0.35395169258117676,0.6683256030082703,0.34821078181266785,0.6497729420661926,0.332317978143692,0.6473797559738159,0.3206513524055481,0.6295846104621887,0.31161949038505554,0.6135898232460022,0.29825472831726074,0.6005116105079651,0.2882928252220154,0.5900057554244995,0.27593323588371277,0.5679140090942383,0.2737441658973694,0.5548494458198547,0.2595221996307373,0.544703483581543,0.2526775896549225,0.5294921398162842,0.24535208940505981,0.5157487988471985,0.2326524257659912,0.49813544750213623,0.2250826358795166,0.4794021546840668,0.21689236164093018,0.4693123996257782,0.21211086213588715,0.452539324760437,0.20467963814735413,0.4377400577068329,0.19528253376483917,0.42468535900115967,0.19332565367221832,0.41390565037727356
cnn lemon-cloud-74,cnn,93,24,0.5408163070678711,9.138158202404156e-05,0.38517799973487854,0.9995067119598389,0.3966732919216156,0.9985716342926025,0.3880588412284851,0.9977439641952515,0.40333157777786255,0.9928428530693054,0.4149835705757141,0.9829941391944885,0.407132089138031,0.9792270064353943,0.39693936705589294,0.9672805666923523,0.4019091725349426,0.9567091464996338,0.429190993309021,0.9463799595832825,0.4241182506084442,0.9328897595405579,0.4218345880508423,0.9157623052597046,0.419986754655838,0.9055605530738831,0.43786975741386414,0.8879029750823975,0.4192269742488861,0.8707221150398254,0.45445728302001953,0.8691176772117615,0.45860081911087036,0.8456183671951294,0.4629397690296173,0.8285577893257141,0.4452793300151825,0.8047067523002625,0.4610648453235626,0.7903290390968323,0.4479949176311493,0.7711687684059143,0.4391937553882599,0.7533520460128784,0.44904041290283203,0.7272678017616272,0.4409782290458679,0.7151516079902649,0.4520960748195648,0.6853072047233582,0.4358440041542053,0.6596029996871948,0.41770267486572266,0.6542952060699463,0.4253956377506256,0.6420875787734985,0.4168524444103241,0.6186718344688416,0.4083807170391083,0.6040822863578796,0.39444565773010254,0.5794836282730103,0.38674458861351013,0.5641865134239197,0.3725436329841614,0.5449166297912598,0.3734610676765442,0.5254574418067932,0.35546359419822693,0.5078212022781372,0.3530823290348053,0.49868959188461304,0.34478244185447693,0.4687906801700592,0.3403584063053131,0.4550153613090515,0.32640406489372253,0.4373275935649872,0.3242937922477722,0.4191932678222656,0.30874836444854736,0.40446075797080994,0.3045254051685333,0.3819328546524048,0.2967202663421631,0.3738483190536499,0.28500112891197205,0.353302925825119,0.2810175120830536,0.3360934853553772,0.2790389358997345,0.32515448331832886,0.2672635316848755,0.29800787568092346,0.2678264379501343,0.28589940071105957,0.2603070139884949,0.2743419408798218,0.2539861500263214,0.2650776207447052,0.24316228926181793,0.23840512335300446,0.24531036615371704,0.232844278216362,0.2322966307401657,0.21286214888095856,0.23168496787548065,0.2047649770975113,0.23198875784873962,0.19131721556186676,0.22389544546604156,0.17979803681373596,0.2195897251367569,0.17033734917640686,0.2172193080186844,0.1590285301208496,0.2064826488494873,0.14807720482349396,0.20812593400478363,0.13213226199150085,0.20367290079593658,0.12152568995952606,0.19766053557395935,0.11687620729207993,0.19405946135520935,0.11526970565319061,0.1909952610731125,0.09340724349021912
cnn lemon-cloud-74,cnn,93,37,0.7795918583869934,0.00021456091781146824,0.30902159214019775,0.9993142485618591,0.32011348009109497,0.9979200959205627,0.3127570152282715,0.9959899187088013,0.3291803300380707,0.9851832389831543,0.3367283344268799,0.9631889462471008,0.3310354948043823,0.9574852585792542,0.3170509338378906,0.9372032880783081,0.3147040605545044,0.9161854982376099,0.34012746810913086,0.8879134654998779,0.332680344581604,0.8621267676353455,0.3237033188343048,0.8324918150901794,0.32524043321609497,0.8143699765205383,0.3384858965873718,0.7787650227546692,0.30992361903190613,0.7531381845474243,0.3540396988391876,0.7312915921211243,0.3508669435977936,0.6921989321708679,0.3632122576236725,0.6561117768287659,0.3469674587249756,0.6355186700820923,0.35788002610206604,0.6049672365188599,0.34639090299606323,0.5740199685096741,0.35041195154190063,0.553455650806427,0.3426232933998108,0.5130700469017029,0.3567016124725342,0.49424275755882263,0.35373201966285706,0.4548584818840027,0.3349393904209137,0.4227554202079773,0.3297095000743866,0.4156033396720886,0.34089621901512146,0.3914508819580078,0.3203769624233246,0.368884801864624,0.32958146929740906,0.3390326499938965,0.31576499342918396,0.3251803517341614,0.30535510182380676,0.2920960783958435,0.30381378531455994,0.2836154103279114,0.2886151969432831,0.2514512240886688,0.2836219370365143,0.24394585192203522,0.2855677604675293,0.2365311086177826,0.27038559317588806,0.20672862231731415,0.26942068338394165,0.19317646324634552,0.2685214579105377,0.179809108376503,0.26462507247924805,0.16524949669837952,0.2624227702617645,0.15627114474773407,0.260159432888031,0.14133702218532562,0.2587653696537018,0.12179043889045715,0.24864713847637177,0.12628810107707977,0.2440829873085022,0.11230319738388062,0.2472410649061203,0.09208529442548752,0.23250345885753632,0.09148319065570831,0.23606149852275848,0.08032617717981339,0.23400504887104034,0.07888424396514893,0.2374269813299179,0.07359517365694046,0.22450418770313263,0.06582686305046082,0.23347777128219604,0.05447058007121086,0.22579656541347504,0.055739227682352066,0.22275608777999878,0.049116101115942,0.22189463675022125,0.03809065744280815,0.21890680491924286,0.03963227570056915,0.21555422246456146,0.04198534041643143,0.21605123579502106,0.026488246396183968,0.21545982360839844,0.03485049307346344,0.2178923338651657,0.020041951909661293,0.21026551723480225,0.015903975814580917,0.21067319810390472,0.025823120027780533,0.21165616810321808,0.014899368397891521,0.20893101394176483,0.011714724823832512
cnn lemon-cloud-74,cnn,93,49,1.0,0.00032752062543295324,0.2748693525791168,0.999179482460022,0.2857125401496887,0.9973822236061096,0.278927206993103,0.9942787885665894,0.2953094244003296,0.9778364896774292,0.29869145154953003,0.945166826248169,0.29614442586898804,0.9376094937324524,0.28205782175064087,0.9120842814445496,0.2746247351169586,0.8846076130867004,0.29572629928588867,0.8417724370956421,0.2864934206008911,0.8042507767677307,0.276169091463089,0.769478976726532,0.27713629603385925,0.7422026991844177,0.28878989815711975,0.6954537034034729,0.25961998105049133,0.6746324896812439,0.2979046106338501,0.6294373273849487,0.28943848609924316,0.5827715992927551,0.3007957637310028,0.5288426280021667,0.29348433017730713,0.5127192735671997,0.29574793577194214,0.4800163805484772,0.29077616333961487,0.44555243849754333,0.2959645688533783,0.4199918210506439,0.2832656800746918,0.3800002336502075,0.30005887150764465,0.3413180708885193,0.2963082194328308,0.31400349736213684,0.28238484263420105,0.2875274121761322,0.2841624319553375,0.2772558927536011,0.28798550367355347,0.24678975343704224,0.27409976720809937,0.23696112632751465,0.27981117367744446,0.20314912497997284,0.2731620967388153,0.19384083151817322,0.26736903190612793,0.1658366620540619,0.27149564027786255,0.15036389231681824,0.2484837770462036,0.13978280127048492,0.25034111738204956,0.1291499137878418,0.25205186009407043,0.11803539097309113,0.2410927563905716,0.10389435291290283,0.23843859136104584,0.09500867128372192,0.2406257838010788,0.08668199926614761,0.23775674402713776,0.06858443468809128,0.2387227565050125,0.06937193125486374,0.23579615354537964,0.06337858736515045,0.23646755516529083,0.040845755487680435,0.23081596195697784,0.05954204127192497,0.23419411480426788,0.0404280349612236,0.22962267696857452,0.033972445875406265,0.21950021386146545,0.039944127202034,0.22280357778072357,0.03156061843037605,0.22072787582874298,0.039265576750040054,0.21957872807979584,0.03168569877743721,0.21806998550891876,0.028191935271024704,0.22578564286231995,0.02551811933517456,0.21748968958854675,0.02688264101743698,0.21775545179843903,0.02174120768904686,0.21716444194316864,0.012724995613098145,0.2155017852783203,0.013364443555474281,0.21442550420761108,0.018410535529255867,0.21474723517894745,0.014302361756563187,0.21753886342048645,0.019825933501124382,0.21944455802440643,0.012481980957090855,0.21530559659004211,0.00028973916778340936,0.21685108542442322,0.011676006019115448,0.21630626916885376,0.00511812511831522,0.21703845262527466,0.016233351081609726
cnn lemon-cloud-74,cnn,94,0,0.10000000149011612,4.482032522901136e-07,0.9999513030052185,0.9998354911804199,0.9992417693138123,0.9995859861373901,0.9984836578369141,0.9993689060211182,0.9979344010353088,0.9986330270767212,0.9962800145149231,0.998231053352356,0.9947167038917542,0.997070848941803,0.9927276372909546,0.9963647723197937,0.9901241660118103,0.9952671527862549,0.9873434901237488,0.9942421317100525,0.9851263761520386,0.9927186369895935,0.9809610843658447,0.9907020330429077,0.9773745536804199,0.9895215034484863,0.9716222286224365,0.9869657158851624,0.9675472378730774,0.9851762652397156,0.9634647369384766,0.9835332036018372,0.9585195779800415,0.9799723029136658,0.951331377029419,0.978384256362915,0.9427651762962341,0.9750644564628601,0.9374651908874512,0.9718288779258728,0.9278979301452637,0.9689126014709473,0.9217801094055176,0.9658111333847046,0.9113228917121887,0.9622223973274231,0.8989596366882324,0.9592453241348267,0.8899689316749573,0.9563840627670288,0.879234254360199,0.9515740275382996,0.868494987487793,0.9477358460426331,0.854749321937561,0.9446415305137634,0.8407468795776367,0.9375512599945068,0.8304157853126526,0.933258056640625,0.8156968355178833,0.9273577928543091,0.8006303906440735,0.9239726066589355,0.7828698754310608,0.9177433252334595,0.7704305052757263,0.9118620753288269,0.7506901025772095,0.9041194319725037,0.7357282042503357,0.8972100615501404,0.7226226925849915,0.8907166719436646,0.7027271389961243,0.8850381970405579,0.6813534498214722,0.8732730746269226,0.6678380966186523,0.8680806159973145,0.6445860862731934,0.8600388765335083,0.6319531202316284,0.8495168685913086,0.6119451522827148,0.8428036570549011,0.5920314788818359,0.8319185376167297,0.5701910257339478,0.8200551867485046,0.553124189376831,0.8089134693145752,0.5339749455451965,0.7939891219139099,0.5221948027610779,0.7858162522315979,0.5042685866355896,0.7700883150100708,0.48134517669677734,0.7621992826461792,0.4636184871196747,0.7418287396430969,0.4379297196865082,0.724312424659729,0.4273912012577057,0.7099929451942444,0.40815094113349915,0.6956982016563416,0.39665162563323975,0.6698710322380066,0.3764708340167999,0.6573886871337891,0.3586123287677765,0.6375217437744141,0.3431267738342285,0.6197404861450195,0.3290720582008362,0.6004583239555359,0.3114241361618042,0.5770295858383179,0.29471585154533386,0.5553035140037537,0.28909721970558167,0.5395503640174866,0.2739713490009308,0.521906852722168,0.2632290720939636,0.49858230352401733
cnn lemon-cloud-74,cnn,94,12,0.3204081654548645,1.596995207364671e-05,0.5514369010925293,0.9997204542160034,0.5567289590835571,0.9991129636764526,0.5724329352378845,0.9989095330238342,0.5728706121444702,0.9974481463432312,0.5776044726371765,0.9965540766716003,0.5711393356323242,0.9943371415138245,0.5841931104660034,0.9911437034606934,0.5832513570785522,0.9887921214103699,0.5887346267700195,0.9859329462051392,0.6090121269226074,0.9828622341156006,0.6095360517501831,0.9781174659729004,0.6115562319755554,0.9752047657966614,0.6152302026748657,0.9689313769340515,0.6137723922729492,0.9665921926498413,0.626218855381012,0.9599647521972656,0.6305786967277527,0.9551196098327637,0.6258953213691711,0.9483494758605957,0.6279789805412292,0.9424678087234497,0.6303402781486511,0.9337537884712219,0.6187843084335327,0.9315953850746155,0.6391475796699524,0.9267688393592834,0.6296040415763855,0.9196555614471436,0.614940881729126,0.91243976354599,0.6095051169395447,0.9045863151550293,0.6008912920951843,0.8953937292098999,0.6031849384307861,0.8927338123321533,0.5879531502723694,0.8790631890296936,0.5787555575370789,0.8731995224952698,0.5743578672409058,0.8607128262519836,0.561954915523529,0.8575066924095154,0.5408249497413635,0.8461604714393616,0.5297808647155762,0.838394284248352,0.5226154327392578,0.8278042674064636,0.5028383135795593,0.8163750767707825,0.48534709215164185,0.804080605506897,0.4781387746334076,0.7973024249076843,0.466437429189682,0.7809932827949524,0.4461805522441864,0.7700092792510986,0.43270227313041687,0.7543889284133911,0.4177283048629761,0.7483111619949341,0.4041611850261688,0.7413300275802612,0.39063528180122375,0.7221558094024658,0.3790873885154724,0.7077718377113342,0.3655787408351898,0.7008530497550964,0.35078877210617065,0.6855171918869019,0.3387238383293152,0.6744838356971741,0.3285846412181854,0.6572360396385193,0.32323288917541504,0.6469172835350037,0.3092781603336334,0.6347252130508423,0.29213947057724,0.6112010478973389,0.28757768869400024,0.6057149767875671,0.2790791988372803,0.5917836427688599,0.26946452260017395,0.5831471085548401,0.2564431130886078,0.5685931444168091,0.25022566318511963,0.5476367473602295,0.2403610199689865,0.5384918451309204,0.22823823988437653,0.517473578453064,0.22394582629203796,0.5092876553535461,0.2162400633096695,0.48956018686294556,0.2088456153869629,0.47392722964286804,0.20483563840389252,0.4648210108280182,0.19720156490802765,0.4408862590789795,0.19050879776477814,0.43085113167762756
cnn lemon-cloud-74,cnn,94,24,0.5408163070678711,8.071259071584791e-05,0.37896230816841125,0.9995810389518738,0.38707953691482544,0.9986206293106079,0.4072195291519165,0.9979971647262573,0.40957334637641907,0.9942090511322021,0.4144960045814514,0.9903902411460876,0.4074801206588745,0.9845736622810364,0.416517049074173,0.9727320075035095,0.4122474193572998,0.9652056097984314,0.41900116205215454,0.9546102285385132,0.4437410831451416,0.9426718354225159,0.4372873902320862,0.9279922246932983,0.4407669007778168,0.9201130867004395,0.443524032831192,0.9025098085403442,0.4447329640388489,0.8931529521942139,0.45800575613975525,0.8757902383804321,0.46350717544555664,0.8619866371154785,0.4488939940929413,0.8431626558303833,0.4553476870059967,0.8238682150840759,0.44830283522605896,0.8063989281654358,0.4430030584335327,0.8009280562400818,0.4697982668876648,0.7735996246337891,0.4588692784309387,0.7542141675949097,0.45328113436698914,0.7422966957092285,0.4353400468826294,0.7264665961265564,0.4292120635509491,0.7152584195137024,0.43554091453552246,0.6975710988044739,0.4170230031013489,0.6724109649658203,0.42127639055252075,0.6617316007614136,0.4002862870693207,0.6382434368133545,0.40328526496887207,0.616668164730072,0.3961583077907562,0.6119574904441833,0.3790929317474365,0.5902713537216187,0.37505900859832764,0.5642419457435608,0.3635803759098053,0.5515983700752258,0.3531077802181244,0.5346096158027649,0.34309902787208557,0.5143924951553345,0.33958399295806885,0.49050286412239075,0.328475683927536,0.4684531092643738,0.31742122769355774,0.4599425196647644,0.3089255392551422,0.4341816008090973,0.303428053855896,0.4219468832015991,0.2935776114463806,0.4081684350967407,0.2897305190563202,0.38853293657302856,0.28364062309265137,0.3640489876270294,0.27231788635253906,0.3472210764884949,0.2727391719818115,0.33706074953079224,0.2629345953464508,0.32563674449920654,0.2581363916397095,0.29970648884773254,0.2491132766008377,0.29319480061531067,0.24755632877349854,0.27556082606315613,0.2402915507555008,0.2693307399749756,0.23502856492996216,0.25559940934181213,0.22875215113162994,0.23452399671077728,0.22761933505535126,0.2330104112625122,0.21579666435718536,0.20917905867099762,0.21539904177188873,0.1937260776758194,0.20876123011112213,0.17793872952461243,0.206988126039505,0.17586424946784973,0.20056600868701935,0.16394788026809692,0.1951190084218979,0.1571422666311264,0.19541794061660767,0.13744495809078217,0.1878373920917511,0.13244256377220154,0.18426354229450226,0.12477659434080124
cnn lemon-cloud-74,cnn,94,37,0.7795918583869934,0.000187318044481799,0.3023712933063507,0.9994691610336304,0.3120194971561432,0.9983087778091431,0.3336654007434845,0.9965915679931641,0.33628833293914795,0.9892903566360474,0.3410016596317291,0.980894923210144,0.3360486924648285,0.9699710607528687,0.33719897270202637,0.9469835162162781,0.3301955759525299,0.9317857623100281,0.3362372815608978,0.9094845652580261,0.36122894287109375,0.8843410015106201,0.3486602008342743,0.858691394329071,0.35473546385765076,0.8443083167076111,0.3595915138721466,0.8155179619789124,0.35613512992858887,0.7913199067115784,0.36960849165916443,0.7646397948265076,0.3778160810470581,0.7400819063186646,0.3631129264831543,0.7170711159706116,0.36455732583999634,0.6759273409843445,0.3605586588382721,0.6609646677970886,0.36147037148475647,0.640504002571106,0.37339019775390625,0.595612645149231,0.36818087100982666,0.5651981234550476,0.3663802146911621,0.5410781502723694,0.35496842861175537,0.5290111303329468,0.35971227288246155,0.515436053276062,0.3521931767463684,0.4817411005496979,0.3424193859100342,0.4609115719795227,0.33776959776878357,0.4319677948951721,0.3244093656539917,0.4171925485134125,0.3261864483356476,0.38089361786842346,0.3358979821205139,0.36719414591789246,0.31598323583602905,0.3488633632659912,0.3088454008102417,0.32397955656051636,0.30594193935394287,0.30781617760658264,0.3014756441116333,0.2932314872741699,0.2966378927230835,0.27507007122039795,0.29305583238601685,0.24010607600212097,0.2857428789138794,0.22738565504550934,0.2792411744594574,0.22006821632385254,0.2769298851490021,0.2156519591808319,0.27278029918670654,0.19323299825191498,0.2645280957221985,0.17094607651233673,0.26371335983276367,0.16809792816638947,0.25981011986732483,0.15195703506469727,0.25548961758613586,0.12923210859298706,0.2505894601345062,0.12818823754787445,0.24747994542121887,0.11856863647699356,0.24602316319942474,0.11514915525913239,0.24199673533439636,0.10356510430574417,0.2402120977640152,0.0806061401963234,0.24019281566143036,0.08790065348148346,0.23589643836021423,0.08773256838321686,0.23066279292106628,0.0751650258898735,0.23517750203609467,0.06535391509532928,0.22851452231407166,0.07246188074350357,0.23161157965660095,0.05886266753077507,0.22532153129577637,0.057644713670015335,0.22678817808628082,0.044644586741924286,0.2197880744934082,0.04275764897465706,0.2223958671092987,0.033438872545957565,0.21857918798923492,0.03247922658920288,0.21379825472831726,0.029127690941095352,0.2156541496515274,0.028939466923475266
cnn lemon-cloud-74,cnn,94,49,1.0,0.00028406502678990364,0.26801297068595886,0.9993962645530701,0.27841973304748535,0.9981062412261963,0.30059292912483215,0.9952002763748169,0.302817702293396,0.9847334027290344,0.30729812383651733,0.9724154472351074,0.3042634129524231,0.9569538235664368,0.29972994327545166,0.9257864356040955,0.29069381952285767,0.9039595127105713,0.2958872318267822,0.8718840479850769,0.3201790153980255,0.8351233601570129,0.30480366945266724,0.8038684129714966,0.31119826436042786,0.7834712266921997,0.31962850689888,0.7460859417915344,0.30926579236984253,0.7107096314430237,0.32171380519866943,0.6795176863670349,0.3327682912349701,0.645815372467041,0.31819504499435425,0.6225419044494629,0.3153182864189148,0.5707072615623474,0.3183460533618927,0.5578287243843079,0.31873929500579834,0.5237030386924744,0.321613609790802,0.47775551676750183,0.3192231357097626,0.4404850900173187,0.31703051924705505,0.41006994247436523,0.31578341126441956,0.40000587701797485,0.3232020437717438,0.38204333186149597,0.30967384576797485,0.3442290127277374,0.30693307518959045,0.32481423020362854,0.2987644076347351,0.30627527832984924,0.28504860401153564,0.2870958149433136,0.28504645824432373,0.25796282291412354,0.29510822892189026,0.23586788773536682,0.2816702127456665,0.22171638906002045,0.2770150899887085,0.20325951278209686,0.2701416611671448,0.18348261713981628,0.269524484872818,0.17859627306461334,0.2642247676849365,0.16584567725658417,0.2620181441307068,0.13020385801792145,0.2581213414669037,0.12473354488611221,0.2541472017765045,0.12020695209503174,0.2553602159023285,0.12544463574886322,0.2523808479309082,0.10270228981971741,0.24416588246822357,0.08318962156772614,0.24645255506038666,0.08247219026088715,0.2421577125787735,0.06988436728715897,0.23757803440093994,0.06793651729822159,0.23753483593463898,0.06050478294491768,0.2348795235157013,0.05890827253460884,0.23497861623764038,0.04746251553297043,0.23330917954444885,0.04198458790779114,0.23025859892368317,0.033734142780303955,0.23251813650131226,0.03477964177727699,0.229435995221138,0.039552025496959686,0.22909125685691833,0.028574153780937195,0.23012033104896545,0.027747254818677902,0.22776737809181213,0.029135946184396744,0.22932788729667664,0.022759363055229187,0.22799822688102722,0.022330353036522865,0.22960405051708221,0.024581115692853928,0.22547811269760132,0.028458168730139732,0.23066265881061554,0.01832645572721958,0.22731177508831024,0.023616638034582138,0.22849544882774353,0.014529699459671974,0.23011645674705505,0.018388910219073296
cnn revived-grass-60,cnn,90,0,0.10000000149011612,4.493977598940546e-07,0.9996245503425598,0.9998854398727417,0.9990618824958801,0.9997053146362305,0.9986515641212463,0.9992582201957703,0.9980441331863403,0.99879390001297,0.9962616562843323,0.9981727004051208,0.9942712187767029,0.9970657825469971,0.9929866790771484,0.9962753653526306,0.9911172986030579,0.9951545596122742,0.9883247017860413,0.9938915967941284,0.9844128489494324,0.9919806122779846,0.9814525842666626,0.9905532002449036,0.9770866632461548,0.9892801642417908,0.9739028215408325,0.9870638847351074,0.966850996017456,0.9851994514465332,0.9633350372314453,0.9820928573608398,0.9581318497657776,0.9804787635803223,0.9516058564186096,0.9778317213058472,0.9416738748550415,0.9756515026092529,0.9343872666358948,0.9736084938049316,0.9278391599655151,0.9696330428123474,0.9203419089317322,0.9658881425857544,0.9090489149093628,0.9626150131225586,0.9001144170761108,0.9581440687179565,0.890313982963562,0.9555715322494507,0.8770967125892639,0.95156329870224,0.8680784106254578,0.9489702582359314,0.8538557887077332,0.942608118057251,0.8439556360244751,0.9375435709953308,0.8280669450759888,0.9325368404388428,0.8141340017318726,0.928616464138031,0.7987402081489563,0.9233176112174988,0.7830953598022461,0.9168727993965149,0.7675617337226868,0.9117826819419861,0.7530737519264221,0.9031558036804199,0.7329151034355164,0.8972406387329102,0.7173640727996826,0.8895068168640137,0.7000715136528015,0.8818008303642273,0.6817086338996887,0.8761683106422424,0.667487382888794,0.8690667748451233,0.6459494829177856,0.8621160984039307,0.6276241540908813,0.850676417350769,0.6103748083114624,0.8406895995140076,0.5932693481445312,0.8298656344413757,0.5677497386932373,0.8194333910942078,0.5569748282432556,0.8076528906822205,0.5368783473968506,0.7975845336914062,0.5120572447776794,0.7872156500816345,0.493421345949173,0.7697202563285828,0.4831303060054779,0.7558948993682861,0.4593251943588257,0.7390429973602295,0.44051507115364075,0.7262321710586548,0.4272247552871704,0.71281498670578,0.40599873661994934,0.6902653574943542,0.3930598199367523,0.6735790371894836,0.3729795217514038,0.6577260494232178,0.35648950934410095,0.6389315128326416,0.3435509204864502,0.6142926216125488,0.32658636569976807,0.5993061661720276,0.3106808662414551,0.5780557990074158,0.29860275983810425,0.5565333366394043,0.28189918398857117,0.5291662812232971,0.273479163646698,0.5134275555610657,0.26183030009269714,0.49552756547927856
cnn revived-grass-60,cnn,90,12,0.3204081654548645,3.450758413237054e-06,1.0014666318893433,0.999954879283905,1.0002810955047607,0.9998648762702942,1.0019958019256592,0.9996293783187866,1.0008163452148438,0.9994258880615234,1.002310872077942,0.9991580247879028,1.003053069114685,0.9986153841018677,1.0041091442108154,0.9982923269271851,1.0029805898666382,0.9977341890335083,1.0039829015731812,0.9971566796302795,1.0049766302108765,0.9962868690490723,1.0023823976516724,0.9955822229385376,0.9993696212768555,0.9949215054512024,1.0021464824676514,0.9939411282539368,0.998390793800354,0.9932610392570496,1.0000684261322021,0.9918603301048279,1.0002347230911255,0.9910880327224731,0.9937425851821899,0.9895353317260742,0.9856169819831848,0.9883555769920349,0.9826671481132507,0.9869020581245422,0.9806717038154602,0.9851559400558472,0.9776200652122498,0.9831944108009338,0.9653616547584534,0.9811508655548096,0.9596089124679565,0.9791398048400879,0.9532815217971802,0.9763922691345215,0.9432322978973389,0.9746129512786865,0.9334263205528259,0.9722944498062134,0.9220601916313171,0.968392550945282,0.9109827876091003,0.9657787680625916,0.9004168510437012,0.9624919295310974,0.8879279494285583,0.9579059481620789,0.8738109469413757,0.9540801048278809,0.8581993579864502,0.9502442479133606,0.8505452275276184,0.9461715817451477,0.828532874584198,0.9398370981216431,0.812678337097168,0.936373770236969,0.806083083152771,0.9299980998039246,0.7821924686431885,0.9238094687461853,0.7768739461898804,0.9202476143836975,0.7583330869674683,0.9147719740867615,0.7422510981559753,0.9078314304351807,0.7231573462486267,0.9010705351829529,0.7128045558929443,0.8939530253410339,0.6991207599639893,0.8851006031036377,0.681118369102478,0.8794355392456055,0.670275866985321,0.8725776672363281,0.6545348167419434,0.8644324541091919,0.6396974921226501,0.8550502061843872,0.6230008602142334,0.8460264205932617,0.614080548286438,0.8369651436805725,0.5983036756515503,0.8300565481185913,0.5801213383674622,0.8206574320793152,0.5730456709861755,0.8099365830421448,0.5588224530220032,0.8006988763809204,0.5476534962654114,0.7899390459060669,0.5368108153343201,0.7814869284629822,0.5195786356925964,0.7722519040107727,0.507274329662323,0.7604427933692932,0.49741435050964355,0.7500730752944946,0.4833751916885376,0.7352520823478699,0.47458600997924805,0.72715163230896,0.4672772288322449,0.7203161716461182,0.45614510774612427,0.7104812264442444,0.4486011266708374,0.6959902048110962
cnn revived-grass-60,cnn,90,24,0.5408163070678711,7.83712494012434e-06,1.0017999410629272,0.9999831318855286,1.0007672309875488,0.999937891960144,1.0036067962646484,0.9998188614845276,1.0018439292907715,0.9997270107269287,1.0057584047317505,0.9996062517166138,1.0093059539794922,0.9993683099746704,1.011793851852417,0.9992035627365112,1.0123461484909058,0.9989779591560364,1.0168025493621826,0.9987239241600037,1.0200238227844238,0.9982905983924866,1.0196056365966797,0.9980142712593079,1.018286108970642,0.9976324439048767,1.0258545875549316,0.9971132278442383,1.0263240337371826,0.9968850016593933,1.0314795970916748,0.9962929487228394,1.0342159271240234,0.9957961440086365,1.034754991531372,0.9952225089073181,1.026025652885437,0.9942477941513062,1.0327832698822021,0.9935078024864197,1.0342828035354614,0.9927385449409485,1.035150408744812,0.9913318157196045,1.0319687128067017,0.990474283695221,1.033113956451416,0.9896219968795776,1.029785394668579,0.9880770444869995,1.0270816087722778,0.9870762228965759,1.0207809209823608,0.9853228330612183,1.01997971534729,0.9833981394767761,1.0200201272964478,0.9818287491798401,1.0096813440322876,0.980074405670166,1.0036896467208862,0.9778953790664673,1.0042450428009033,0.9758686423301697,0.9971820712089539,0.9732446670532227,0.994665265083313,0.9706875085830688,0.9849123358726501,0.9680016040802002,0.9741204380989075,0.9649805426597595,0.97782963514328,0.9631990790367126,0.9626463055610657,0.9589248895645142,0.963028609752655,0.9565032124519348,0.9540878534317017,0.9529414176940918,0.9516265392303467,0.9488447904586792,0.9345974922180176,0.945488691329956,0.9340305328369141,0.9424884915351868,0.924085259437561,0.9386866092681885,0.9215425848960876,0.9351779818534851,0.9158836007118225,0.9307645559310913,0.9099234342575073,0.925999104976654,0.8961121439933777,0.9217821359634399,0.883338987827301,0.918209969997406,0.8880349397659302,0.912958025932312,0.8712999224662781,0.9097880721092224,0.8662354946136475,0.9055787920951843,0.8570222854614258,0.8990293741226196,0.8609198927879333,0.8944273591041565,0.8547873497009277,0.8891780376434326,0.8420543074607849,0.8846859931945801,0.8355644941329956,0.8806151747703552,0.8226478099822998,0.8734056353569031,0.8134655356407166,0.8682962656021118,0.8070785403251648,0.8642549514770508,0.8002924919128418,0.8590111136436462,0.7955051064491272,0.8558779954910278,0.7890298962593079,0.849608302116394,0.7796154022216797,0.8448345065116882
cnn revived-grass-60,cnn,90,37,0.7795918583869934,1.2931484889122657e-05,1.001350998878479,0.9999931454658508,1.0003215074539185,0.9999703764915466,1.0032655000686646,0.9999147057533264,1.0008760690689087,0.9998515844345093,1.005684494972229,0.9997677803039551,1.010780692100525,0.9996556639671326,1.0125175714492798,0.9994969964027405,1.013985514640808,0.9993729591369629,1.0196752548217773,0.9991908669471741,1.0218794345855713,0.9989567995071411,1.0219162702560425,0.9986457228660583,1.018473505973816,0.9982786178588867,1.028204083442688,0.9979256391525269,1.0289357900619507,0.9975130558013916,1.0356051921844482,0.9969234466552734,1.0340933799743652,0.9964529871940613,1.0381484031677246,0.9961205720901489,1.0309308767318726,0.9950885772705078,1.0392425060272217,0.994276225566864,1.039129614830017,0.9936419129371643,1.037502408027649,0.991740345954895,1.0374252796173096,0.9911754131317139,1.0412622690200806,0.990391194820404,1.0393975973129272,0.9890836477279663,1.0417813062667847,0.9874948859214783,1.0294924974441528,0.9863479137420654,1.0342878103256226,0.9848415851593018,1.0353962182998657,0.9828857183456421,1.0249543190002441,0.9810377955436707,1.0192400217056274,0.9798774719238281,1.020085096359253,0.9776339530944824,1.0090982913970947,0.9753389358520508,1.0042489767074585,0.9728298187255859,1.0097311735153198,0.9712345600128174,0.994914174079895,0.9685927629470825,0.9955227375030518,0.9670080542564392,0.985632598400116,0.9637195467948914,0.9830625653266907,0.9613378047943115,0.9737017154693604,0.9580378532409668,0.9735937714576721,0.9552042484283447,0.9607192277908325,0.951702356338501,0.9598376750946045,0.9492753148078918,0.954262912273407,0.9474202394485474,0.9425826668739319,0.9424980282783508,0.9367262125015259,0.9391495585441589,0.9328928589820862,0.9351195693016052,0.9260050058364868,0.9301977157592773,0.916165828704834,0.9276193380355835,0.9161275625228882,0.9237976670265198,0.9029865264892578,0.9196357131004333,0.8908164501190186,0.9150305390357971,0.8825415968894958,0.9118547439575195,0.8868146538734436,0.9080896973609924,0.8685451745986938,0.9024403095245361,0.8627906441688538,0.897638738155365,0.8541407585144043,0.892765462398529,0.8576273918151855,0.8877620100975037,0.8384222388267517,0.8818270564079285,0.8378507494926453,0.8787396550178528,0.8358156681060791,0.8743886947631836,0.8318812251091003,0.8691251873970032,0.8228861689567566,0.8600142598152161,0.8051369786262512,0.8592482805252075
cnn revived-grass-60,cnn,90,49,1.0,1.7239370208699256e-05,1.0008398294448853,0.9999934434890747,0.9996780753135681,0.9999703168869019,1.0024254322052002,0.9999294281005859,0.9995978474617004,0.9998396635055542,1.0043960809707642,0.9997187256813049,1.0099903345108032,0.9995890259742737,1.0107669830322266,0.9993107914924622,1.0123963356018066,0.9990839958190918,1.0189324617385864,0.9988133907318115,1.019147276878357,0.9984217882156372,1.0191203355789185,0.9978945851325989,1.0132505893707275,0.997282862663269,1.0231109857559204,0.9968915581703186,1.0232633352279663,0.9959229826927185,1.032692790031433,0.9948499202728271,1.0258315801620483,0.9940825700759888,1.027439832687378,0.9932393431663513,1.0227723121643066,0.9918342232704163,1.0292502641677856,0.990237295627594,1.0286645889282227,0.9894615411758423,1.027830719947815,0.9866912364959717,1.0200541019439697,0.9854069948196411,1.0272847414016724,0.9843541383743286,1.0246502161026,0.9820540547370911,1.0280166864395142,0.9801883697509766,1.0142993927001953,0.9781663417816162,1.0192797183990479,0.9759061336517334,1.0196057558059692,0.9736228585243225,1.013397455215454,0.9700743556022644,1.0014833211898804,0.9689788818359375,1.006794810295105,0.9657831192016602,0.9948352575302124,0.9626071453094482,0.9886693954467773,0.9587082862854004,0.9844462275505066,0.9571402668952942,0.9763454794883728,0.9534586071968079,0.9749892354011536,0.9490635991096497,0.9722285866737366,0.9467453956604004,0.9639944434165955,0.9436982274055481,0.954598069190979,0.9396713376045227,0.9526737332344055,0.9355956315994263,0.9298087358474731,0.9320085048675537,0.9378713369369507,0.9275469779968262,0.9237878918647766,0.9250227212905884,0.9201581478118896,0.9214329719543457,0.9131722450256348,0.9160425662994385,0.8984349966049194,0.9125653505325317,0.8851322531700134,0.90582275390625,0.8837410807609558,0.9005737900733948,0.8792478442192078,0.8951007723808289,0.8703223466873169,0.8911635279655457,0.8672229051589966,0.8865786790847778,0.8532716631889343,0.8790532350540161,0.841629683971405,0.8752530813217163,0.8400896191596985,0.8707869648933411,0.8265454173088074,0.8634441494941711,0.8145042061805725,0.8564746975898743,0.8139176964759827,0.8515428304672241,0.7983484864234924,0.8433321714401245,0.7876704931259155,0.8409968018531799,0.7851776480674744,0.8365395069122314,0.7749168276786804,0.8255496621131897,0.7699352502822876,0.8202501535415649,0.761509895324707,0.8157020211219788
cnn revived-grass-60,cnn,91,0,0.10000000149011612,4.520675247476902e-07,0.9996591210365295,0.9998194575309753,0.9992918372154236,0.9995725154876709,0.9984555840492249,0.9990629553794861,0.9975652098655701,0.9985464215278625,0.9965085983276367,0.9979865550994873,0.9947653412818909,0.9972633123397827,0.9925087094306946,0.9960390329360962,0.9908837080001831,0.9950869083404541,0.9879040122032166,0.9935911297798157,0.9848687052726746,0.9925693869590759,0.9803526401519775,0.9914752244949341,0.9781330227851868,0.9890918731689453,0.9732067584991455,0.9870560169219971,0.9681706428527832,0.9852277636528015,0.9619948863983154,0.9833865761756897,0.9585205316543579,0.9806093573570251,0.9507880806922913,0.9774345755577087,0.9441975951194763,0.9750792980194092,0.9377890229225159,0.9727144241333008,0.9269188642501831,0.9693148136138916,0.9192096590995789,0.9668511152267456,0.9112476706504822,0.963053822517395,0.9008574485778809,0.9583308100700378,0.8902435898780823,0.9550034999847412,0.8756661415100098,0.9516443014144897,0.8682928681373596,0.9466350674629211,0.8540223836898804,0.9435625672340393,0.8423272967338562,0.9386898875236511,0.8276053667068481,0.934950053691864,0.8136962056159973,0.9267609715461731,0.7989776730537415,0.9233003258705139,0.7815261483192444,0.9176592826843262,0.7697219848632812,0.910325825214386,0.7506255507469177,0.9031529426574707,0.7343242764472961,0.8977128863334656,0.7219158411026001,0.8908071517944336,0.70014488697052,0.8856366872787476,0.6853407025337219,0.8777269721031189,0.6657663583755493,0.8691720366477966,0.6471020579338074,0.8574375510215759,0.6286437511444092,0.8510195016860962,0.6149413585662842,0.8418165445327759,0.5875611901283264,0.8301109075546265,0.5713644623756409,0.8221825361251831,0.5544367432594299,0.809780478477478,0.5367887020111084,0.7942979335784912,0.5187248587608337,0.7808597087860107,0.49748075008392334,0.7720075249671936,0.48036718368530273,0.7594060897827148,0.4608280658721924,0.7442300915718079,0.4457930028438568,0.7286381125450134,0.42419153451919556,0.7106147408485413,0.40733450651168823,0.6966656446456909,0.38739314675331116,0.669800877571106,0.3763361871242523,0.6542660593986511,0.35575318336486816,0.635823667049408,0.34420156478881836,0.617482602596283,0.3263351321220398,0.5967168807983398,0.31143683195114136,0.5754923820495605,0.3012951910495758,0.5546330213546753,0.28082528710365295,0.5391967296600342,0.2705077528953552,0.516914427280426,0.2615339457988739,0.49891674518585205
cnn revived-grass-60,cnn,91,12,0.3204081654548645,3.443805326242e-06,0.999710202217102,0.9999051690101624,1.0006698369979858,0.9998033046722412,1.0008163452148438,0.9996162056922913,1.0007898807525635,0.999377429485321,1.0034674406051636,0.9990782737731934,1.0016391277313232,0.9987502098083496,1.002640724182129,0.9982208609580994,1.0023585557937622,0.9976927638053894,1.0044395923614502,0.9970202445983887,1.0033223628997803,0.9966453313827515,1.0032227039337158,0.9961839914321899,1.0037153959274292,0.9951643347740173,1.0016165971755981,0.9940961003303528,1.0007117986679077,0.9931333065032959,0.9981411099433899,0.9923071265220642,0.9992662072181702,0.991280198097229,0.9949669241905212,0.9896755814552307,0.9929590225219727,0.9881389141082764,0.9929652810096741,0.9869771599769592,0.9780848622322083,0.9847961068153381,0.9742769598960876,0.9836931228637695,0.9699355959892273,0.9814349412918091,0.9646421670913696,0.9787201881408691,0.9550592303276062,0.976945161819458,0.943752110004425,0.97454833984375,0.9354925751686096,0.972009539604187,0.9211059212684631,0.968157947063446,0.9121131896972656,0.9666368365287781,0.9027599096298218,0.9627941250801086,0.8863886594772339,0.9587389826774597,0.8772173523902893,0.9545690417289734,0.8600664734840393,0.9509069919586182,0.8490003347396851,0.9456583261489868,0.8287298679351807,0.9421097636222839,0.8187889456748962,0.9355847835540771,0.8081986904144287,0.9318434596061707,0.7876957058906555,0.9247324466705322,0.7796451449394226,0.9198516011238098,0.7654799222946167,0.915817141532898,0.7450942397117615,0.9077537655830383,0.731050968170166,0.9026118516921997,0.7127580642700195,0.895196795463562,0.6972610950469971,0.8869959115982056,0.685460090637207,0.8801611065864563,0.6717633605003357,0.8716078400611877,0.6573465466499329,0.8640694618225098,0.6431589722633362,0.8559560775756836,0.6299399137496948,0.84914630651474,0.6128507256507874,0.8409315347671509,0.6029221415519714,0.8307932019233704,0.5830348134040833,0.822209358215332,0.5722005367279053,0.8144294023513794,0.5635627508163452,0.7998641133308411,0.5474703907966614,0.7906966805458069,0.5391866564750671,0.780993640422821,0.5221537947654724,0.7734002470970154,0.5128844976425171,0.7592751383781433,0.49951761960983276,0.7522981762886047,0.49353304505348206,0.7379208207130432,0.4730731248855591,0.7344458699226379,0.46595075726509094,0.7200769186019897,0.46054384112358093,0.7130631804466248,0.44573238492012024,0.7069119215011597
cnn revived-grass-60,cnn,91,24,0.5408163070678711,7.814802302164026e-06,0.9990596771240234,0.999954342842102,1.0006022453308105,0.9999163746833801,1.0018059015274048,0.9998508095741272,1.0026952028274536,0.9997303485870361,1.006869912147522,0.9995667934417725,1.005777359008789,0.9994165301322937,1.008857011795044,0.9991176128387451,1.0101743936538696,0.9989088177680969,1.0172144174575806,0.9986724257469177,1.016661524772644,0.9984615445137024,1.0217132568359375,0.9982382655143738,1.0202715396881104,0.9977678060531616,1.0235981941223145,0.9973555207252502,1.0254520177841187,0.996751070022583,1.0273375511169434,0.9964166283607483,1.0326693058013916,0.995837390422821,1.0350161790847778,0.9950393438339233,1.036253571510315,0.9942682385444641,1.0364967584609985,0.9935991168022156,1.0297952890396118,0.9925808906555176,1.0336381196975708,0.9917115569114685,1.0353412628173828,0.9907382130622864,1.0324432849884033,0.9893547296524048,1.0327452421188354,0.9879990220069885,1.033164143562317,0.9866825938224792,1.0237159729003906,0.9850306510925293,1.022003173828125,0.9831174612045288,1.0139343738555908,0.981502115726471,1.0182173252105713,0.9798830151557922,1.0088564157485962,0.9780836701393127,1.0041632652282715,0.9752528667449951,0.994529128074646,0.9729169607162476,0.9932257533073425,0.9700256586074829,0.9843581318855286,0.9689559936523438,0.9759922027587891,0.9648644328117371,0.9689152240753174,0.9626495242118835,0.9635528922080994,0.95904141664505,0.9643800854682922,0.9564133286476135,0.951255202293396,0.9526519775390625,0.947104811668396,0.9492312073707581,0.9374117851257324,0.9454893469810486,0.929916501045227,0.9427932500839233,0.9263371825218201,0.93858802318573,0.9134275913238525,0.9356016516685486,0.9070493578910828,0.9299570918083191,0.9042655229568481,0.9269700646400452,0.8949474096298218,0.9224897623062134,0.8807381391525269,0.9163216948509216,0.8744263648986816,0.9128195643424988,0.8658075332641602,0.9075555205345154,0.861633837223053,0.9030247926712036,0.8570432066917419,0.8991912603378296,0.8534209728240967,0.8922856450080872,0.8426684737205505,0.886849582195282,0.8400030136108398,0.8841726779937744,0.8288054466247559,0.8780182600021362,0.8141896724700928,0.871207058429718,0.8096957802772522,0.8670897483825684,0.8045905232429504,0.8598968982696533,0.7891132831573486,0.8575997948646545,0.7869402766227722,0.8516553044319153,0.784887433052063,0.8473196029663086,0.7668675780296326,0.8407245874404907
cnn revived-grass-60,cnn,91,37,0.7795918583869934,1.28949814097723e-05,0.9976944923400879,0.9999830722808838,0.9997124671936035,0.9999669194221497,1.0015943050384521,0.9999237656593323,1.0025542974472046,0.9998647570610046,1.0066585540771484,0.9997535943984985,1.0058270692825317,0.9996635913848877,1.0092620849609375,0.9993848204612732,1.009526014328003,0.999328076839447,1.0206372737884521,0.9991493821144104,1.0177936553955078,0.9990359544754028,1.0265817642211914,0.9987526535987854,1.021538257598877,0.9982860684394836,1.0257302522659302,0.9980918765068054,1.0260003805160522,0.9975171685218811,1.030846118927002,0.997214674949646,1.035651683807373,0.9964448809623718,1.0392401218414307,0.9958582520484924,1.0401077270507812,0.9951854348182678,1.0375490188598633,0.9943779706954956,1.0368659496307373,0.9936268925666809,1.0429396629333496,0.9927660226821899,1.0474222898483276,0.9918983578681946,1.0379955768585205,0.9906473159790039,1.0439083576202393,0.9891888499259949,1.0404748916625977,0.9878969788551331,1.0395655632019043,0.9861255288124084,1.0365610122680664,0.9851812124252319,1.0278993844985962,0.9829222559928894,1.0302847623825073,0.9815237522125244,1.032518744468689,0.9804690480232239,1.026781439781189,0.9781556725502014,1.0212881565093994,0.975583553314209,1.0181869268417358,0.9727894067764282,1.0050938129425049,0.971352219581604,1.002672791481018,0.968232274055481,1.0024831295013428,0.9664819836616516,0.9917747974395752,0.9642011523246765,0.9916788339614868,0.9606993198394775,0.9845868945121765,0.9572136402130127,0.9790341854095459,0.9556136131286621,0.9667704701423645,0.9521296620368958,0.9619773626327515,0.9498671889305115,0.9623348712921143,0.9465512037277222,0.9466196894645691,0.9427978992462158,0.9427192807197571,0.9384317398071289,0.9443286657333374,0.9353740811347961,0.9345446228981018,0.9319663643836975,0.9231587052345276,0.9285868406295776,0.9180822372436523,0.9245176911354065,0.9076120853424072,0.9193982481956482,0.9067701697349548,0.9167332053184509,0.8932802081108093,0.9120501279830933,0.8864243626594543,0.9064309000968933,0.8850743174552917,0.9031253457069397,0.8761178851127625,0.8997223973274231,0.8770932555198669,0.8968816995620728,0.8675573468208313,0.8893569111824036,0.8553459644317627,0.8860764503479004,0.855135440826416,0.8814403414726257,0.848409116268158,0.8761696219444275,0.8482837677001953,0.8734456300735474,0.835448145866394,0.8676084280014038,0.826283872127533,0.8639585971832275
cnn revived-grass-60,cnn,91,49,1.0,1.72080999618629e-05,0.996504545211792,0.9999927282333374,0.9988530874252319,0.9999730587005615,1.0011521577835083,0.9998956322669983,1.0017170906066895,0.9998565912246704,1.0049984455108643,0.9997071027755737,1.004578709602356,0.9995665550231934,1.0075044631958008,0.9992116689682007,1.0062782764434814,0.9991195797920227,1.018883228302002,0.9987074136734009,1.0152007341384888,0.998694121837616,1.0248242616653442,0.9980774521827698,1.0190221071243286,0.9973198175430298,1.0217478275299072,0.9969966411590576,1.0200151205062866,0.9961304068565369,1.0257511138916016,0.9957650899887085,1.0292378664016724,0.9943875670433044,1.0335999727249146,0.9934595227241516,1.0326117277145386,0.9924824833869934,1.0290641784667969,0.9910849332809448,1.0295650959014893,0.9900986552238464,1.0343014001846313,0.9884930849075317,1.041388988494873,0.9871891736984253,1.026530385017395,0.9855390787124634,1.0351788997650146,0.9838709235191345,1.0279054641723633,0.9820126295089722,1.03296959400177,0.9797506928443909,1.0246306657791138,0.9784741401672363,1.0175288915634155,0.9756916761398315,1.0163958072662354,0.9737623333930969,1.0257396697998047,0.9726933836936951,1.0116490125656128,0.9692980051040649,1.0098543167114258,0.9672752618789673,1.0084819793701172,0.9633191823959351,1.0015833377838135,0.9605695605278015,0.9910685420036316,0.957098662853241,0.9934266805648804,0.9542446136474609,0.9802141189575195,0.9523877501487732,0.9893719553947449,0.9496357440948486,0.9757513999938965,0.9450452923774719,0.97337406873703,0.9415039420127869,0.9612718224525452,0.9378360509872437,0.9544206857681274,0.9356075525283813,0.9501115679740906,0.931860625743866,0.9376928210258484,0.9275044798851013,0.9289972186088562,0.9225307106971741,0.9214003086090088,0.9176160097122192,0.9180369973182678,0.9155377149581909,0.9058353304862976,0.9107567667961121,0.9070183634757996,0.9053234457969666,0.8910852074623108,0.9010984897613525,0.8890887498855591,0.8983723521232605,0.8827725052833557,0.8916435241699219,0.8695657849311829,0.8874948024749756,0.860447347164154,0.880061686038971,0.8551223874092102,0.8787878155708313,0.8502246141433716,0.8719382286071777,0.8437357544898987,0.8678442239761353,0.829207181930542,0.8596058487892151,0.8211274147033691,0.8559900522232056,0.8261518478393555,0.8496666550636292,0.8125681281089783,0.8450265526771545,0.8103628158569336,0.8383714556694031,0.8005654215812683,0.8344408273696899
cnn revived-grass-60,cnn,92,0,0.10000000149011612,4.52115784810303e-07,0.9997313022613525,0.9998870491981506,0.9994415640830994,0.9995929598808289,0.9982907176017761,0.9991275072097778,0.9972566962242126,0.9986456036567688,0.9965959191322327,0.998233437538147,0.9944714307785034,0.997406005859375,0.9922891855239868,0.9962034821510315,0.9901106357574463,0.9950391054153442,0.9882195591926575,0.9938931465148926,0.9840396046638489,0.9923086762428284,0.9811651110649109,0.9908873438835144,0.9772960543632507,0.9889736175537109,0.9729130864143372,0.9876460433006287,0.9695168137550354,0.985235869884491,0.963546633720398,0.9829712510108948,0.9576694965362549,0.9803569316864014,0.9509342908859253,0.9778363704681396,0.9435117840766907,0.9754992127418518,0.9357518553733826,0.9730402827262878,0.927786648273468,0.9694567918777466,0.9187089800834656,0.9668204188346863,0.9105614423751831,0.9632862210273743,0.9013373255729675,0.959385335445404,0.8889243602752686,0.9560236930847168,0.8789311051368713,0.9513164162635803,0.864890456199646,0.9466360211372375,0.8537804484367371,0.942478597164154,0.841251790523529,0.9377089738845825,0.8250480890274048,0.9332177042961121,0.8126334547996521,0.9281837344169617,0.7979598045349121,0.9235422015190125,0.7810826897621155,0.9174983501434326,0.7666381001472473,0.9124689102172852,0.7492345571517944,0.9025772213935852,0.7311581969261169,0.8968788981437683,0.714482307434082,0.8894643187522888,0.6950748562812805,0.8836710453033447,0.6834461092948914,0.8751007914543152,0.6616742610931396,0.8678361773490906,0.6430942416191101,0.8576173186302185,0.622681200504303,0.8502635955810547,0.6072177290916443,0.8404541611671448,0.5890680551528931,0.8304969072341919,0.5699472427368164,0.8183016180992126,0.5489450693130493,0.8082994818687439,0.5314555764198303,0.7953391075134277,0.5086199641227722,0.7847617864608765,0.4903619885444641,0.7711385488510132,0.47787341475486755,0.7561786770820618,0.4572906196117401,0.7401582598686218,0.4361328184604645,0.723132848739624,0.4204777777194977,0.7139204740524292,0.4030401408672333,0.6916261911392212,0.3881267309188843,0.6738322973251343,0.36605873703956604,0.6568005681037903,0.35112136602401733,0.6391394138336182,0.3371799886226654,0.6189656853675842,0.31789612770080566,0.5956202745437622,0.30373480916023254,0.574496865272522,0.288303017616272,0.550754725933075,0.2775787115097046,0.5440706014633179,0.2677667438983917,0.5146963000297546,0.2530965805053711,0.49639439582824707
cnn revived-grass-60,cnn,92,12,0.3204081654548645,3.466219368419843e-06,1.0014710426330566,0.9999430775642395,1.0016714334487915,0.9998047351837158,1.0020956993103027,0.9995654225349426,1.0010409355163574,0.9993724226951599,1.0029597282409668,0.9991200566291809,1.0031993389129639,0.998837947845459,1.0000993013381958,0.9981850981712341,1.002773404121399,0.9975257515907288,1.0028995275497437,0.9971765279769897,1.0041548013687134,0.9965564608573914,1.0009853839874268,0.9956926703453064,1.0038014650344849,0.9949024319648743,1.0021003484725952,0.9945317506790161,1.0014547109603882,0.9930309057235718,0.9993292689323425,0.9918913841247559,0.9962477684020996,0.9904356002807617,0.9906737804412842,0.9896144866943359,0.9874782562255859,0.9880473017692566,0.9823423624038696,0.9872401356697083,0.981063723564148,0.9851714372634888,0.9702202081680298,0.9835420846939087,0.9673294425010681,0.9815205931663513,0.9586477875709534,0.9794848561286926,0.9556335806846619,0.9767425060272217,0.9424964189529419,0.9746362566947937,0.9314723610877991,0.9711470007896423,0.927709698677063,0.9688631892204285,0.9138888120651245,0.9661353230476379,0.8980210423469543,0.9622955918312073,0.8872633576393127,0.9587848782539368,0.8737995028495789,0.9545018076896667,0.8627471327781677,0.9500156044960022,0.8480693697929382,0.9461434483528137,0.8332250118255615,0.9409968852996826,0.8166005611419678,0.9362092614173889,0.8023717403411865,0.9307872653007507,0.7814788818359375,0.9250555634498596,0.7776359915733337,0.9201241135597229,0.7561570405960083,0.9137271642684937,0.7430181503295898,0.9065488576889038,0.7319445610046387,0.9000169634819031,0.7141614556312561,0.8911963105201721,0.6954400539398193,0.8843936324119568,0.6813489198684692,0.878324031829834,0.6713632345199585,0.8689172863960266,0.6521886587142944,0.8610156774520874,0.6377394199371338,0.8545202016830444,0.6224526166915894,0.8453995585441589,0.6082785129547119,0.8395310044288635,0.6012645959854126,0.8287018537521362,0.5877584218978882,0.8174833655357361,0.5694370269775391,0.8111862540245056,0.5564680695533752,0.8030585646629333,0.5422706604003906,0.7921499609947205,0.5323410034179688,0.7785892486572266,0.5228650569915771,0.7701700925827026,0.5050373077392578,0.7553244233131409,0.4989985227584839,0.7477967143058777,0.48183661699295044,0.7385584115982056,0.4707111418247223,0.7272713780403137,0.4683874547481537,0.7212982177734375,0.45464959740638733,0.7113478183746338,0.45085301995277405,0.7008086442947388
cnn revived-grass-60,cnn,92,24,0.5408163070678711,7.855196599848568e-06,1.0024352073669434,0.9999725222587585,1.002468466758728,0.9999076128005981,1.003523349761963,0.9997965097427368,1.0032389163970947,0.9997163414955139,1.0065290927886963,0.9995511174201965,1.0096111297607422,0.9994916915893555,1.0052947998046875,0.9991735816001892,1.0111637115478516,0.9987954497337341,1.0125186443328857,0.9987161755561829,1.0190948247909546,0.9984501004219055,1.0167232751846313,0.9980291724205017,1.024502158164978,0.9977233409881592,1.0266954898834229,0.997549831867218,1.028185486793518,0.996831476688385,1.030379295349121,0.9962340593338013,1.0299887657165527,0.9955160021781921,1.0331169366836548,0.994975745677948,1.0301709175109863,0.9943413138389587,1.0325740575790405,0.9937443733215332,1.0335676670074463,0.9928621053695679,1.0271427631378174,0.9916669726371765,1.0343866348266602,0.9908386468887329,1.0283488035202026,0.9897459745407104,1.0336318016052246,0.9879279732704163,1.0217052698135376,0.9869703650474548,1.0235981941223145,0.9854139685630798,1.0245325565338135,0.9840682148933411,1.0180730819702148,0.9825441241264343,1.0119622945785522,0.980238139629364,1.010650634765625,0.9781795740127563,1.0012741088867188,0.9758898019790649,0.9972445964813232,0.974289059638977,0.9939050674438477,0.9708789587020874,0.9874575734138489,0.9680988788604736,0.9812431931495667,0.9660147428512573,0.9696781635284424,0.9643594026565552,0.9684645533561707,0.960301399230957,0.9614642262458801,0.9572868347167969,0.954690158367157,0.954285204410553,0.9500890970230103,0.9513985514640808,0.9503890872001648,0.9484570026397705,0.9377912282943726,0.944014310836792,0.9264993667602539,0.9383866786956787,0.9175464510917664,0.9370637536048889,0.9083679914474487,0.9327594637870789,0.9058493375778198,0.9271008968353271,0.9022690653800964,0.9248327016830444,0.8956718444824219,0.9193952083587646,0.8858407139778137,0.9162217378616333,0.8813391923904419,0.9119378924369812,0.8722834587097168,0.9066003561019897,0.8653106689453125,0.9027965068817139,0.8564757108688354,0.8983426094055176,0.8620488047599792,0.8948543071746826,0.8470351696014404,0.8883192539215088,0.8408410549163818,0.8828856348991394,0.8341509699821472,0.8788111209869385,0.8300185203552246,0.8713321089744568,0.8142332434654236,0.868415117263794,0.810554563999176,0.8628787994384766,0.8064467310905457,0.8582104444503784,0.8015120029449463,0.8541991710662842,0.7989893555641174,0.8490517139434814
cnn revived-grass-60,cnn,92,37,0.7795918583869934,1.2959400919498876e-05,1.002764105796814,0.9999895691871643,1.002102017402649,0.9999580383300781,1.0028095245361328,0.9999144077301025,1.003435492515564,0.9998607039451599,1.0066113471984863,0.9997565746307373,1.0109754800796509,0.9996926784515381,1.005230188369751,0.999592125415802,1.0115301609039307,0.9993432760238647,1.0127021074295044,0.9992803335189819,1.0183463096618652,0.9989435076713562,1.0184507369995117,0.9988000988960266,1.026764154434204,0.9984659552574158,1.0260237455368042,0.9983629584312439,1.0332709550857544,0.9977002143859863,1.0332165956497192,0.9971743822097778,1.0333729982376099,0.9969605207443237,1.041005253791809,0.9962646961212158,1.036397099494934,0.9954796433448792,1.0361531972885132,0.9948461055755615,1.038500189781189,0.994089663028717,1.033474087715149,0.9934374094009399,1.0414729118347168,0.992393434047699,1.0370044708251953,0.991343080997467,1.0424449443817139,0.9898121356964111,1.0329395532608032,0.9889580607414246,1.0342942476272583,0.9872958660125732,1.0358710289001465,0.9863607287406921,1.032430648803711,0.985174834728241,1.0256848335266113,0.9836510419845581,1.025606393814087,0.9813560247421265,1.0222257375717163,0.9794663786888123,1.0172278881072998,0.9776127338409424,1.0171631574630737,0.975514829158783,1.0173040628433228,0.9724891781806946,1.0058718919754028,0.9711900949478149,1.0045007467269897,0.9692689776420593,0.9992538094520569,0.9656398892402649,0.9929890036582947,0.9644023776054382,0.9914224147796631,0.9618884325027466,0.9786780476570129,0.9588661193847656,0.9836776256561279,0.9564910531044006,0.9765019416809082,0.9537302255630493,0.9641838073730469,0.9487313628196716,0.9551458954811096,0.9459856748580933,0.9484711289405823,0.9430927038192749,0.9519938826560974,0.9383642077445984,0.9414929151535034,0.9359080195426941,0.9326941967010498,0.9317232370376587,0.9268816113471985,0.9287289977073669,0.9200446009635925,0.9243588447570801,0.9069033861160278,0.9211059808731079,0.9021589159965515,0.9167413711547852,0.8915307521820068,0.9140488505363464,0.8900752067565918,0.9076297283172607,0.8843752145767212,0.9043101668357849,0.8757244348526001,0.9013577699661255,0.86258465051651,0.8947654962539673,0.8652787208557129,0.8908560276031494,0.8630387783050537,0.8862703442573547,0.8451997637748718,0.8817328214645386,0.8518248200416565,0.8744444251060486,0.8435124158859253,0.8704513311386108,0.8297250866889954,0.8670812249183655
cnn revived-grass-60,cnn,92,49,1.0,1.727908238535747e-05,1.0029170513153076,0.9999946355819702,1.0015220642089844,0.9999688267707825,1.001616358757019,0.9999387264251709,1.0029911994934082,0.9998646974563599,1.0057133436203003,0.999756395816803,1.0101814270019531,0.9995775818824768,1.0030149221420288,0.9995119571685791,1.0095343589782715,0.9992082715034485,1.0101789236068726,0.9990370273590088,1.0126382112503052,0.9984841346740723,1.015342354774475,0.9982600212097168,1.022256851196289,0.9977155327796936,1.0169497728347778,0.9974685311317444,1.0279994010925293,0.9964944124221802,1.0273549556732178,0.9956127405166626,1.0261929035186768,0.9952794313430786,1.0358946323394775,0.9943127632141113,1.0308459997177124,0.9931986331939697,1.0275905132293701,0.991811215877533,1.0317381620407104,0.99076247215271,1.0242441892623901,0.9897590279579163,1.0290911197662354,0.9884433746337891,1.0225331783294678,0.9872285723686218,1.0261250734329224,0.9852114319801331,1.0205949544906616,0.9831191897392273,1.0191806554794312,0.9807388186454773,1.0194414854049683,0.9795900583267212,1.0181288719177246,0.9776331186294556,1.0093737840652466,0.9754589200019836,1.005621314048767,0.9726970195770264,1.0023128986358643,0.9702315926551819,0.9956114888191223,0.9673207402229309,0.9984281659126282,0.9650688767433167,0.9939743876457214,0.9614871144294739,0.9826985001564026,0.9593433737754822,0.9875506162643433,0.9565219283103943,0.9811474680900574,0.9514223337173462,0.9624464511871338,0.9503644108772278,0.9630191326141357,0.9471266865730286,0.9554265737533569,0.9426225423812866,0.9524261951446533,0.9390993118286133,0.9453980922698975,0.9373600482940674,0.9302704930305481,0.9317917227745056,0.9187103509902954,0.926219642162323,0.9128996729850769,0.9251397252082825,0.9122306704521179,0.9210311770439148,0.9079095721244812,0.914112389087677,0.8953422904014587,0.9082885980606079,0.8851596117019653,0.9035667777061462,0.8852798342704773,0.899766743183136,0.8685794472694397,0.8935480117797852,0.8673349022865295,0.8881862163543701,0.8536780476570129,0.8846111297607422,0.8487980961799622,0.8761900067329407,0.8368997573852539,0.8736299872398376,0.8235997557640076,0.8684720993041992,0.8175946474075317,0.8613006472587585,0.817925214767456,0.8557960391044617,0.8061919212341309,0.8499175906181335,0.802585780620575,0.8447525501251221,0.8000019788742065,0.8377899527549744,0.7903452515602112,0.8328796029090881,0.7827422022819519,0.8262680768966675
cnn revived-grass-60,cnn,93,0,0.10000000149011612,4.4951013933314243e-07,1.0000040531158447,0.9998576641082764,0.9992033243179321,0.9997034072875977,0.9985001683235168,0.9993233680725098,0.9975547194480896,0.9987582564353943,0.9963086247444153,0.9979454874992371,0.9941571950912476,0.9972172975540161,0.9927947521209717,0.9961943030357361,0.9900436997413635,0.9955624341964722,0.9877782464027405,0.9939603805541992,0.9849522113800049,0.9924156665802002,0.9805980324745178,0.9907623529434204,0.97735196352005,0.9894622564315796,0.9733340740203857,0.9867694973945618,0.9690389633178711,0.9849610328674316,0.9635106325149536,0.9830795526504517,0.957648754119873,0.9793858528137207,0.950722336769104,0.9784045815467834,0.9436553716659546,0.9755603671073914,0.9361809492111206,0.9727676510810852,0.9283684492111206,0.9689363241195679,0.9183133244514465,0.9672141075134277,0.9096677899360657,0.9619818329811096,0.8998264670372009,0.9591732621192932,0.8899359703063965,0.9554455280303955,0.8780696392059326,0.9503921270370483,0.8651936650276184,0.9463216066360474,0.852563202381134,0.9429744482040405,0.8436599969863892,0.9379934668540955,0.825035035610199,0.9343104362487793,0.8125951886177063,0.926529586315155,0.8022422194480896,0.9224910736083984,0.78326815366745,0.917288064956665,0.7650650143623352,0.9106554985046387,0.7505358457565308,0.9041129350662231,0.7278507947921753,0.8965916037559509,0.7184617519378662,0.8900205492973328,0.6966954469680786,0.8831264972686768,0.6791079640388489,0.8765507936477661,0.6607820987701416,0.8659953474998474,0.6427564024925232,0.859555721282959,0.6280911564826965,0.8491615653038025,0.6034837365150452,0.8394415974617004,0.5888868570327759,0.8335525989532471,0.5684405565261841,0.8202105760574341,0.5491540431976318,0.8102368116378784,0.5316245555877686,0.7959644794464111,0.5144060254096985,0.7864075899124146,0.4954296946525574,0.7687265276908875,0.478532612323761,0.7577804327011108,0.4539864659309387,0.7396693825721741,0.4408319592475891,0.7256686091423035,0.42250633239746094,0.712306559085846,0.4037212133407593,0.6991488337516785,0.3891688883304596,0.6728641986846924,0.37022310495376587,0.6560194492340088,0.3554713726043701,0.6362372636795044,0.3400060534477234,0.6194213628768921,0.3242199718952179,0.5991792678833008,0.306013822555542,0.587233304977417,0.2932837903499603,0.5554168820381165,0.2822200357913971,0.5383208394050598,0.2668163776397705,0.5142650008201599,0.2549368143081665,0.500700831413269
cnn revived-grass-60,cnn,93,12,0.3204081654548645,3.4409954423608724e-06,1.0006605386734009,0.9999270439147949,0.9998710751533508,0.9998539686203003,1.0023078918457031,0.9996781349182129,1.002234697341919,0.999441385269165,1.003737211227417,0.9990754127502441,1.0017297267913818,0.9986652135848999,1.0050137042999268,0.9982096552848816,1.001935362815857,0.9980728030204773,1.003962755203247,0.9973478317260742,1.0050374269485474,0.9967248439788818,1.001123070716858,0.9959006309509277,1.0040315389633179,0.9952207207679749,0.9993971586227417,0.9942371845245361,1.0016103982925415,0.9931367635726929,0.9996791481971741,0.9922648668289185,0.9980895519256592,0.9905449748039246,0.9952570199966431,0.9898772239685059,0.9873342514038086,0.9881943464279175,0.9840799570083618,0.9873416423797607,0.9791785478591919,0.9850515723228455,0.9730486273765564,0.9837825298309326,0.9643092751502991,0.9815628528594971,0.9599040746688843,0.9796101450920105,0.9520047903060913,0.9774289727210999,0.9438531994819641,0.974206805229187,0.9351719617843628,0.9714421033859253,0.9227092862129211,0.9693565964698792,0.9103520512580872,0.9648978114128113,0.899773359298706,0.9623581767082214,0.8819984793663025,0.958033561706543,0.8727207183837891,0.9545521140098572,0.8602163195610046,0.9513535499572754,0.8423680663108826,0.9465575218200684,0.8330258131027222,0.9416611194610596,0.8147718906402588,0.9363355040550232,0.7962201833724976,0.9310866594314575,0.7830225229263306,0.9263724088668823,0.7704342603683472,0.9207887649536133,0.7551566362380981,0.9129222631454468,0.7399020195007324,0.9066905975341797,0.7304200530052185,0.9006681442260742,0.7084314227104187,0.8961032629013062,0.6915232539176941,0.8890162110328674,0.6721421480178833,0.8801782727241516,0.6618476510047913,0.8724207878112793,0.6461465954780579,0.8629140257835388,0.6355662941932678,0.8575815558433533,0.623249351978302,0.8497318029403687,0.604390025138855,0.8412507772445679,0.5922518968582153,0.8298054933547974,0.5818257927894592,0.8223950862884521,0.5590843558311462,0.8135970830917358,0.5523194074630737,0.8002051711082458,0.5428388714790344,0.7934481501579285,0.52716064453125,0.7813020348548889,0.5188956260681152,0.7724342346191406,0.5022660493850708,0.7656753063201904,0.49044308066368103,0.749200165271759,0.4825073778629303,0.7444855570793152,0.46800968050956726,0.7293837070465088,0.45678994059562683,0.7197139263153076,0.4453946352005005,0.7079533934593201,0.4422978460788727,0.7011698484420776
cnn revived-grass-60,cnn,93,24,0.5408163070678711,7.831091352272779e-06,1.0003015995025635,0.9999634027481079,1.0000120401382446,0.9999310374259949,1.0040524005889893,0.9998487234115601,1.0045146942138672,0.9997543096542358,1.00813889503479,0.9995799660682678,1.0071440935134888,0.9994171857833862,1.014574408531189,0.9991410374641418,1.0090970993041992,0.9991375803947449,1.0160504579544067,0.9988580942153931,1.019688606262207,0.9985917210578918,1.0159006118774414,0.9983038306236267,1.02259361743927,0.9978973865509033,1.0219112634658813,0.9973893165588379,1.02873694896698,0.9970226287841797,1.0278574228286743,0.9966641068458557,1.031545877456665,0.9959104657173157,1.0341871976852417,0.9953002333641052,1.0291584730148315,0.9945197105407715,1.031446099281311,0.9940052628517151,1.0353081226348877,0.9928525686264038,1.0331512689590454,0.991982102394104,1.0361961126327515,0.9905223250389099,1.0259770154953003,0.9898452162742615,1.031427264213562,0.9887112379074097,1.0272271633148193,0.9870332479476929,1.0228614807128906,0.9862911701202393,1.0201892852783203,0.9840844869613647,1.0156004428863525,0.982035219669342,1.0125619173049927,0.9802693724632263,1.0040624141693115,0.9784107804298401,1.0027360916137695,0.9758309721946716,0.9854848980903625,0.9741335511207581,0.9825972318649292,0.9708098769187927,0.9851248860359192,0.9694987535476685,0.9789448976516724,0.9663165211677551,0.9670817255973816,0.9630590677261353,0.9647212028503418,0.9597179889678955,0.9556810855865479,0.9571685194969177,0.9490068554878235,0.9544376134872437,0.9406328797340393,0.9499655365943909,0.9461240768432617,0.9467500448226929,0.9371941089630127,0.942828893661499,0.9227693676948547,0.9407826066017151,0.9157053232192993,0.9359822273254395,0.9118174910545349,0.9325171709060669,0.9076969027519226,0.9292362928390503,0.8957327604293823,0.9231054186820984,0.8849269151687622,0.9201966524124146,0.8822265267372131,0.9149131774902344,0.8657155632972717,0.9109434485435486,0.8657297492027283,0.9078179597854614,0.8600648045539856,0.9034639000892639,0.848142683506012,0.8974522948265076,0.8379708528518677,0.893678605556488,0.8320247530937195,0.8844552040100098,0.8275855183601379,0.8838227987289429,0.8181584477424622,0.876554012298584,0.8076258897781372,0.8728783130645752,0.8047833442687988,0.8666333556175232,0.7915608286857605,0.8594123721122742,0.7885445952415466,0.8585013151168823,0.7743903994560242,0.8528547286987305,0.774054229259491,0.8471901416778564
cnn revived-grass-60,cnn,93,37,0.7795918583869934,1.300156054639956e-05,0.9993521571159363,0.9999838471412659,0.9994666576385498,0.9999679923057556,1.0041221380233765,0.999924898147583,1.0033732652664185,0.9998469352722168,1.0095747709274292,0.9997159838676453,1.0091698169708252,0.9996744990348816,1.016621708869934,0.9993898868560791,1.0090285539627075,0.9993336796760559,1.0175034999847412,0.9990256428718567,1.0237758159637451,0.9986945390701294,1.0161501169204712,0.998496413230896,1.021277904510498,0.997913122177124,1.0207269191741943,0.9972556233406067,1.03187096118927,0.9970647096633911,1.0275424718856812,0.9963244795799255,1.0351111888885498,0.9956585764884949,1.0348331928253174,0.9946115016937256,1.0290218591690063,0.9937445521354675,1.0283368825912476,0.9927729964256287,1.0408023595809937,0.9917978644371033,1.039692997932434,0.9905127286911011,1.0434470176696777,0.9889438152313232,1.0346980094909668,0.9875912666320801,1.0386252403259277,0.9860579967498779,1.035598874092102,0.9846722483634949,1.02888822555542,0.9830821752548218,1.0358262062072754,0.9805970191955566,1.0181726217269897,0.9797062873840332,1.023197889328003,0.9760575294494629,1.0189504623413086,0.9742416143417358,1.0077199935913086,0.9724604487419128,0.9960103631019592,0.9694544076919556,0.9984150528907776,0.9667730927467346,0.9919452667236328,0.965044379234314,0.9923848509788513,0.9623183012008667,0.977872371673584,0.9592702984809875,0.9674126505851746,0.9561300277709961,0.9638318419456482,0.9523360729217529,0.9611263275146484,0.949455738067627,0.9563877582550049,0.9457458853721619,0.9560405611991882,0.9418234825134277,0.949406623840332,0.9384443759918213,0.937386155128479,0.9361613988876343,0.9314102530479431,0.9316489696502686,0.9263728260993958,0.9276238679885864,0.9117306470870972,0.924137532711029,0.9068783521652222,0.919996440410614,0.9047144651412964,0.9154629707336426,0.8931695818901062,0.909752607345581,0.8919625282287598,0.9071841835975647,0.8834983110427856,0.9022970795631409,0.876823365688324,0.8960453867912292,0.8630303144454956,0.8912652730941772,0.8559390306472778,0.8887495994567871,0.8476266860961914,0.8818418979644775,0.8448041081428528,0.88036048412323,0.8345953822135925,0.8733716011047363,0.8232741355895996,0.8684822916984558,0.8216965198516846,0.8627811074256897,0.8108797669410706,0.8587173819541931,0.8130226731300354,0.8544160723686218,0.8000274896621704,0.8484007716178894,0.7914438843727112,0.8432537913322449
cnn revived-grass-60,cnn,93,49,1.0,1.7502210539532825e-05,0.9985084533691406,0.9999914169311523,0.998855710029602,0.9999691247940063,1.0035836696624756,0.9999188184738159,1.0013753175735474,0.9997709393501282,1.009273886680603,0.9995892643928528,1.0098060369491577,0.9994844198226929,1.015377163887024,0.9990220069885254,1.0074050426483154,0.9988111853599548,1.015754222869873,0.9981668591499329,1.0238618850708008,0.9974874258041382,1.0150538682937622,0.9968913793563843,1.0170936584472656,0.99591463804245,1.0146021842956543,0.99470454454422,1.0287233591079712,0.9941162467002869,1.0237417221069336,0.9923950433731079,1.030064344406128,0.9913480281829834,1.029632568359375,0.9893092513084412,1.0205597877502441,0.9875969290733337,1.019304871559143,0.9856014251708984,1.0306124687194824,0.9841728210449219,1.0346440076828003,0.981814980506897,1.0318430662155151,0.9794297218322754,1.0267301797866821,0.9767313003540039,1.0243948698043823,0.9748542904853821,1.0276418924331665,0.972598671913147,1.0223162174224854,0.969343364238739,1.0326324701309204,0.96650230884552,1.0142165422439575,0.9638053774833679,1.0157829523086548,0.9596629738807678,1.0130436420440674,0.9557753801345825,1.0088509321212769,0.9533610343933105,0.9967872500419617,0.9477233290672302,1.000106930732727,0.9458668231964111,0.9901347756385803,0.94096839427948,0.9949257373809814,0.9376479387283325,0.9778807759284973,0.932748556137085,0.9702321887016296,0.9288011789321899,0.9567011594772339,0.9243396520614624,0.9597606658935547,0.9200619459152222,0.9519641995429993,0.9158462882041931,0.9428524971008301,0.907696008682251,0.9346043467521667,0.9040482640266418,0.9254229068756104,0.9000599980354309,0.9320404529571533,0.8942940831184387,0.9136887192726135,0.8909761905670166,0.8988047242164612,0.884801983833313,0.897538423538208,0.8820314407348633,0.897922933101654,0.8765984177589417,0.8733232617378235,0.8731170892715454,0.877448320388794,0.8660261631011963,0.8631289601325989,0.8630831241607666,0.8561590909957886,0.8525274395942688,0.847084105014801,0.8471013307571411,0.8437286019325256,0.8420208692550659,0.8408508896827698,0.8361254930496216,0.8270760774612427,0.8325930237770081,0.8368963003158569,0.8244813680648804,0.8290661573410034,0.8191596269607544,0.8225383758544922,0.8109350800514221,0.802247166633606,0.8043280839920044,0.8103649020195007,0.8012217879295349,0.8034272193908691,0.7966013550758362,0.7965003252029419,0.7904573082923889
cnn revived-grass-60,cnn,94,0,0.10000000149011612,4.482032522901136e-07,0.9999509453773499,0.9998354911804199,0.9992415904998779,0.9995858669281006,0.9984833598136902,0.9993690252304077,0.9979347586631775,0.9986333847045898,0.996280312538147,0.9982314109802246,0.9947165250778198,0.9970706701278687,0.9927276372909546,0.9963653683662415,0.9901247024536133,0.995267391204834,0.9873436689376831,0.9942416548728943,0.9851271510124207,0.9927177429199219,0.9809601306915283,0.9907033443450928,0.9773743748664856,0.9895204305648804,0.9716219305992126,0.9869668483734131,0.9675465226173401,0.9851751327514648,0.963463544845581,0.983532726764679,0.958518922328949,0.9799721837043762,0.9513322710990906,0.9783840775489807,0.9427658915519714,0.9750633835792542,0.9374642968177795,0.9718288779258728,0.9278987646102905,0.9689128398895264,0.9217807650566101,0.9658106565475464,0.9113248586654663,0.9622204303741455,0.8989590406417847,0.9592472910881042,0.889969527721405,0.9563853144645691,0.8792327046394348,0.9515731334686279,0.8684952259063721,0.947733998298645,0.8547492027282715,0.9446425437927246,0.8407467603683472,0.9375497698783875,0.8304142951965332,0.9332573413848877,0.8156962394714355,0.927358090877533,0.8006283640861511,0.9239718317985535,0.7828674912452698,0.9177433252334595,0.7704325914382935,0.9118595123291016,0.7506903409957886,0.9041190147399902,0.7357264757156372,0.8972103595733643,0.7226238250732422,0.890715479850769,0.7027280330657959,0.8850393295288086,0.6813527941703796,0.8732752799987793,0.6678379774093628,0.8680786490440369,0.6445852518081665,0.8600432276725769,0.631953775882721,0.8495123386383057,0.611946165561676,0.8428026437759399,0.5920315384864807,0.8319185972213745,0.5701907277107239,0.8200541734695435,0.5531233549118042,0.8089129328727722,0.5339753031730652,0.7939873337745667,0.5221945643424988,0.7858178615570068,0.504270076751709,0.7700889110565186,0.4813462495803833,0.7622005343437195,0.4636176824569702,0.7418297529220581,0.43792983889579773,0.7243109941482544,0.4273911714553833,0.709991455078125,0.40815120935440063,0.6957004070281982,0.3966503143310547,0.6698704361915588,0.37647080421447754,0.6573904752731323,0.3586115837097168,0.6375200152397156,0.34312862157821655,0.6197401285171509,0.3290720582008362,0.6004557013511658,0.31142356991767883,0.5770305395126343,0.2947145402431488,0.555303156375885,0.28909552097320557,0.539548397064209,0.273972749710083,0.5219053626060486,0.2632283866405487,0.4985805153846741
cnn revived-grass-60,cnn,94,12,0.3204081654548645,3.4203790164610837e-06,1.0010957717895508,0.9999144673347473,1.0017354488372803,0.9998199343681335,0.9995604753494263,0.9997145533561707,1.0023539066314697,0.9993501901626587,1.0027034282684326,0.9992218017578125,1.0017976760864258,0.9986342787742615,1.0037672519683838,0.998306155204773,1.002737283706665,0.9978112578392029,1.0049055814743042,0.9973837733268738,1.0043835639953613,0.9966371655464172,1.0048444271087646,0.9959440231323242,1.0040231943130493,0.9950495958328247,1.0026286840438843,0.9941762089729309,0.9998067021369934,0.9932035207748413,1.0020686388015747,0.9925196766853333,0.9984561204910278,0.9910086393356323,0.9985477924346924,0.9901293516159058,0.9891344308853149,0.9885842204093933,0.9871516823768616,0.9868000745773315,0.9834348559379578,0.9854891896247864,0.9768592119216919,0.9837081432342529,0.9677722454071045,0.9815000891685486,0.9661877751350403,0.9794831871986389,0.9575536847114563,0.9776526689529419,0.946596622467041,0.9749187231063843,0.9403172731399536,0.9717806577682495,0.9286555647850037,0.9689233899116516,0.9160853624343872,0.9656739234924316,0.9034067392349243,0.9620620608329773,0.8907327055931091,0.9594606757164001,0.8809546232223511,0.9554883241653442,0.8632838726043701,0.9517598152160645,0.8519559502601624,0.9461872577667236,0.8386148810386658,0.9419727921485901,0.82129967212677,0.9378799200057983,0.8118426203727722,0.9329676628112793,0.7916721105575562,0.9261670708656311,0.7790798544883728,0.9209342002868652,0.7581995725631714,0.914876401424408,0.745704174041748,0.9080305695533752,0.7345101237297058,0.9032026529312134,0.7166545987129211,0.8944193124771118,0.7056071758270264,0.8883802890777588,0.6904094815254211,0.8800408244132996,0.6739319562911987,0.8741254806518555,0.6588115692138672,0.8650534152984619,0.6447188258171082,0.8566181063652039,0.6405484676361084,0.8511260151863098,0.6164277195930481,0.8411558270454407,0.5997986793518066,0.8302145600318909,0.5873264074325562,0.8226723074913025,0.5722758173942566,0.8125172257423401,0.5608357787132263,0.8045581579208374,0.5515563488006592,0.7958931922912598,0.5352593064308167,0.7842634916305542,0.521316409111023,0.7772473692893982,0.5083988904953003,0.7634380459785461,0.5028656125068665,0.7554180026054382,0.48728081583976746,0.7419987320899963,0.4812409579753876,0.7333513498306274,0.46801695227622986,0.7208821773529053,0.46038076281547546,0.7099176645278931,0.4497671127319336,0.7029897570610046
cnn revived-grass-60,cnn,94,24,0.5408163070678711,7.77306740928907e-06,1.001692295074463,0.9999589920043945,1.0028437376022339,0.9999318718910217,1.0002557039260864,0.9998734593391418,1.004199504852295,0.9997004866600037,1.0073014497756958,0.999658465385437,1.0074602365493774,0.9994025826454163,1.0107557773590088,0.9992315769195557,1.0113482475280762,0.9989818930625916,1.0184807777404785,0.9988051056861877,1.017444133758545,0.9984145164489746,1.0208014249801636,0.9981529712677002,1.0254364013671875,0.9976238012313843,1.0269889831542969,0.9973702430725098,1.028077244758606,0.9968581199645996,1.029890537261963,0.9964144229888916,1.0310579538345337,0.9959236979484558,1.0350520610809326,0.9954923987388611,1.032713770866394,0.9944843649864197,1.0364689826965332,0.9937551617622375,1.0362752676010132,0.9930877089500427,1.0319420099258423,0.9919092655181885,1.0353188514709473,0.9909887313842773,1.035356044769287,0.9897239208221436,1.0328813791275024,0.9887887835502625,1.030835509300232,0.9872721433639526,1.025913119316101,0.9853423833847046,1.025439977645874,0.9838314652442932,1.0263500213623047,0.9815196394920349,1.0133312940597534,0.9802483320236206,1.0119484663009644,0.9776989221572876,1.0066243410110474,0.9758850336074829,1.0068261623382568,0.9738042950630188,0.9986010193824768,0.9710781574249268,0.9878239631652832,0.9687339067459106,0.9836522936820984,0.9657671451568604,0.9736003875732422,0.9631749987602234,0.9730004668235779,0.9595968127250671,0.9649432301521301,0.9574347734451294,0.9588584303855896,0.9540292024612427,0.954016923904419,0.9501577019691467,0.9444829821586609,0.9468465447425842,0.9442750215530396,0.9423835873603821,0.9240536689758301,0.9389128088951111,0.9334546327590942,0.9346820116043091,0.9125425219535828,0.9311007857322693,0.9172541499137878,0.926672101020813,0.9034938216209412,0.9219793677330017,0.9009869694709778,0.9181168675422668,0.8914635181427002,0.9117113351821899,0.8860077261924744,0.9078835248947144,0.8807971477508545,0.9042883515357971,0.8720521330833435,0.8989309668540955,0.8620402812957764,0.8953514695167542,0.8553929328918457,0.8884167671203613,0.8499956130981445,0.884961724281311,0.8444170951843262,0.8800500631332397,0.8391045928001404,0.874340832233429,0.8254156708717346,0.869665801525116,0.818210244178772,0.8666937947273254,0.809545636177063,0.8620892763137817,0.8054945468902588,0.8560426831245422,0.7984312176704407,0.8520877361297607,0.7936030030250549,0.849017858505249
cnn revived-grass-60,cnn,94,37,0.7795918583869934,1.2870905266026966e-05,1.0018184185028076,0.9999850392341614,1.0028563737869263,0.9999743700027466,1.0000633001327515,0.9999356865882874,1.0032707452774048,0.9998370409011841,1.0087748765945435,0.9997937679290771,1.008917212486267,0.9996770620346069,1.0114853382110596,0.9995349049568176,1.0126489400863647,0.9993113279342651,1.0216091871261597,0.9991515278816223,1.0162373781204224,0.9986972212791443,1.0234380960464478,0.9984519481658936,1.0294761657714844,0.997961699962616,1.0275393724441528,0.9977262616157532,1.0303597450256348,0.9973161220550537,1.0363595485687256,0.9965418577194214,1.0291122198104858,0.9961762428283691,1.0307706594467163,0.9955288767814636,1.0377494096755981,0.9944572448730469,1.0355948209762573,0.9938804507255554,1.0354372262954712,0.9929779171943665,1.0389604568481445,0.9917771220207214,1.0398138761520386,0.9904168248176575,1.0344691276550293,0.9890928864479065,1.0356749296188354,0.9882122874259949,1.0410878658294678,0.9867107272148132,1.0318876504898071,0.9853818416595459,1.0287584066390991,0.9832488298416138,1.0327796936035156,0.9818084836006165,1.023382306098938,0.980309784412384,1.016289234161377,0.9774624109268188,1.0204612016677856,0.9753615856170654,1.0157861709594727,0.9732078313827515,1.0048211812973022,0.9714343547821045,1.004988670349121,0.968875527381897,0.9983423948287964,0.9659767150878906,0.9958071708679199,0.9633764028549194,0.9887346029281616,0.9599709510803223,0.9786614179611206,0.9571929574012756,0.970550537109375,0.9532071948051453,0.9776288866996765,0.9504160284996033,0.956614077091217,0.9475241899490356,0.9564641714096069,0.9441746473312378,0.9415916204452515,0.9412553310394287,0.9410924911499023,0.9366111159324646,0.9335322976112366,0.9333304166793823,0.9182407855987549,0.9313666224479675,0.9129151701927185,0.9273040294647217,0.9023588299751282,0.9218202829360962,0.8996849656105042,0.9177294969558716,0.8881061673164368,0.912638783454895,0.8790273070335388,0.9082493185997009,0.8712342381477356,0.9042132496833801,0.8533721566200256,0.9006047248840332,0.8506607413291931,0.8950539827346802,0.8497461676597595,0.889196515083313,0.8452896475791931,0.8856428861618042,0.8361832499504089,0.8799250721931458,0.8396059274673462,0.8775228261947632,0.8284871578216553,0.8725847005844116,0.8178860545158386,0.8672366738319397,0.8140745759010315,0.864037811756134,0.7972927093505859,0.8586689829826355,0.7999030947685242,0.8535290360450745
cnn revived-grass-60,cnn,94,49,1.0,1.722122215142008e-05,1.0017632246017456,0.9999933838844299,1.0022919178009033,0.999967098236084,0.9997082352638245,0.9999263882637024,1.0017791986465454,0.9998108148574829,1.0091828107833862,0.9997129440307617,1.008791208267212,0.9995241165161133,1.0105311870574951,0.9992938041687012,1.0113351345062256,0.9989590644836426,1.0214043855667114,0.9986819624900818,1.0128635168075562,0.9978858828544617,1.022021770477295,0.997407078742981,1.028881549835205,0.9966031312942505,1.023900032043457,0.9960283637046814,1.025399923324585,0.9953590035438538,1.037641167640686,0.994100034236908,1.0219837427139282,0.9931637644767761,1.022407054901123,0.9918519854545593,1.0317491292953491,0.9903373718261719,1.0295647382736206,0.9892019629478455,1.0275717973709106,0.9872056245803833,1.0312581062316895,0.9860477447509766,1.0315872430801392,0.9835249781608582,1.029260516166687,0.9816165566444397,1.0259445905685425,0.9797704219818115,1.0308912992477417,0.9775215983390808,1.0199363231658936,0.9754277467727661,1.018898367881775,0.9732120633125305,1.0223349332809448,0.9714546799659729,1.0096626281738281,0.9689940810203552,1.0021724700927734,0.9651175737380981,1.0065925121307373,0.9629133939743042,1.00211501121521,0.9587944149971008,0.993639349937439,0.956426203250885,0.9877638220787048,0.954505443572998,0.9819053411483765,0.9502816796302795,0.9835426211357117,0.9480183124542236,0.9713811874389648,0.942524254322052,0.9675080180168152,0.9389957785606384,0.9586718082427979,0.9353193640708923,0.9636182188987732,0.930503785610199,0.9587819576263428,0.9283815622329712,0.9387898445129395,0.9236970543861389,0.9432880282402039,0.9199429750442505,0.9414947032928467,0.9147561192512512,0.9341997504234314,0.9105045795440674,0.9218659996986389,0.9069786071777344,0.911582350730896,0.904078483581543,0.9087207913398743,0.8973819017410278,0.9031376838684082,0.892255425453186,0.8901599645614624,0.8883863687515259,0.8746312260627747,0.8829548358917236,0.8669998049736023,0.878789484500885,0.8640450835227966,0.8729948997497559,0.8449506759643555,0.8655973076820374,0.8446024060249329,0.8599014282226562,0.8316643834114075,0.8548138737678528,0.8312384486198425,0.8483527898788452,0.8229120969772339,0.8440424799919128,0.8214436173439026,0.8399667739868164,0.8147113919258118,0.8338801264762878,0.8088956475257874,0.8284835815429688,0.8029024004936218,0.8185819983482361,0.8009575009346008,0.8169892430305481
kcorr royal-energy-58,kcorr,90,0,0.10000000149011612,4.493977598940546e-07,0.9996251463890076,0.9998854398727417,0.9990618824958801,0.9997054934501648,0.9986512660980225,0.9992579221725464,0.9980443120002747,0.9987937808036804,0.9962612986564636,0.9981732368469238,0.9942712187767029,0.9970653653144836,0.9929863810539246,0.9962747097015381,0.9911180138587952,0.9951550364494324,0.9883253574371338,0.993891716003418,0.9844121336936951,0.9919806122779846,0.981453001499176,0.9905533790588379,0.9770871996879578,0.9892793297767639,0.9739038944244385,0.9870645999908447,0.966852068901062,0.9851999282836914,0.9633338451385498,0.9820932149887085,0.9581320881843567,0.9804786443710327,0.9516055583953857,0.9778324365615845,0.9416741728782654,0.9756510257720947,0.9343886971473694,0.9736074805259705,0.9278374910354614,0.9696338772773743,0.9203408360481262,0.9658862352371216,0.9090514779090881,0.9626153111457825,0.900114893913269,0.9581449031829834,0.890313446521759,0.9555710554122925,0.8770976662635803,0.9515640139579773,0.8680778741836548,0.9489684104919434,0.8538545370101929,0.9426093697547913,0.8439561128616333,0.9375439286231995,0.8280667066574097,0.932537317276001,0.8141342401504517,0.9286144375801086,0.7987409830093384,0.9233158826828003,0.7830971479415894,0.916873037815094,0.7675575613975525,0.9117813110351562,0.753074049949646,0.9031543731689453,0.7329139709472656,0.8972400426864624,0.7173623442649841,0.8895054459571838,0.700071394443512,0.8818007111549377,0.6817095279693604,0.8761692643165588,0.6674867868423462,0.869065523147583,0.6459512114524841,0.8621174097061157,0.6276248693466187,0.8506768345832825,0.6103746891021729,0.8406907320022583,0.5932687520980835,0.8298662304878235,0.5677492618560791,0.8194344639778137,0.556973934173584,0.8076526522636414,0.5368772149085999,0.7975847721099854,0.5120581984519958,0.787216067314148,0.4934214651584625,0.7697201371192932,0.48313072323799133,0.7558953762054443,0.4593241512775421,0.7390434145927429,0.44051507115364075,0.7262321710586548,0.427225261926651,0.7128145098686218,0.4059981405735016,0.690265417098999,0.3930578827857971,0.6735795140266418,0.372979074716568,0.657724916934967,0.35649046301841736,0.6389325261116028,0.3435502052307129,0.6142915487289429,0.3265870213508606,0.5993055701255798,0.3106810748577118,0.5780567526817322,0.2986030876636505,0.5565328001976013,0.28189846873283386,0.5291684865951538,0.273478627204895,0.5134285092353821,0.2618306577205658,0.49552640318870544
kcorr royal-energy-58,kcorr,90,12,0.3204081654548645,4.450854248716496e-06,1.0030779838562012,0.999887228012085,1.0046145915985107,0.9997060298919678,1.0050644874572754,0.9992560744285583,1.0049543380737305,0.9987870454788208,1.0027892589569092,0.9981892108917236,1.0011320114135742,0.9970796704292297,0.9993966817855835,0.9963080883026123,0.9955949187278748,0.9950714111328125,0.9925331473350525,0.9939292073249817,0.9881330132484436,0.9919223785400391,0.983805775642395,0.9904247522354126,0.9762201905250549,0.9887064695358276,0.9759421944618225,0.9869657158851624,0.9669264554977417,0.9850273132324219,0.9644036293029785,0.9819454550743103,0.9616300463676453,0.980340301990509,0.9526867270469666,0.9772645235061646,0.9428584575653076,0.9749712347984314,0.9364579319953918,0.9721649885177612,0.9280251860618591,0.9690721035003662,0.9193213582038879,0.9649189114570618,0.9040452241897583,0.9612825512886047,0.8927794098854065,0.9571865797042847,0.8789682388305664,0.9524586200714111,0.8604735732078552,0.9497143626213074,0.8436325192451477,0.9464746117591858,0.8254656791687012,0.9390366077423096,0.8052488565444946,0.9350301027297974,0.7858614325523376,0.9299541711807251,0.76753830909729,0.9233816266059875,0.7480172514915466,0.9180058240890503,0.7272984981536865,0.9114660024642944,0.7122130393981934,0.905329167842865,0.6884002685546875,0.8971019387245178,0.6696186661720276,0.8922154307365417,0.6578696966171265,0.8840600848197937,0.6365376710891724,0.8749778270721436,0.6247410178184509,0.8695148825645447,0.6087660193443298,0.8620911836624146,0.5918097496032715,0.8535106182098389,0.5742950439453125,0.8461525440216064,0.5621783137321472,0.8356151580810547,0.5488746166229248,0.8236406445503235,0.5313037037849426,0.8161406517028809,0.5210548043251038,0.8079010248184204,0.5057468414306641,0.7972932457923889,0.4917242228984833,0.7866145968437195,0.47577938437461853,0.7753908038139343,0.46527451276779175,0.7624894976615906,0.45176565647125244,0.7519878149032593,0.4348594546318054,0.7425822019577026,0.4268539547920227,0.7283810377120972,0.41399794816970825,0.7178133726119995,0.401339590549469,0.7036697864532471,0.39093834161758423,0.6933639049530029,0.37729012966156006,0.6804463863372803,0.36546748876571655,0.6661676168441772,0.3558765649795532,0.6529005765914917,0.3440748155117035,0.6368253231048584,0.33544567227363586,0.6229593753814697,0.32819563150405884,0.6159208416938782,0.31970810890197754,0.6063309907913208,0.31115666031837463,0.5860068798065186
kcorr royal-energy-58,kcorr,90,24,0.5408163070678711,1.1514393918332644e-05,1.0020768642425537,0.99988853931427,1.0033632516860962,0.9997060894966125,1.003825306892395,0.9992542266845703,1.004238247871399,0.9987766146659851,1.0031641721725464,0.9981940984725952,1.0037837028503418,0.9971237182617188,1.003703236579895,0.9963399767875671,1.0017390251159668,0.9949911832809448,1.0023865699768066,0.9940166473388672,1.0022531747817993,0.9916571974754333,1.0014233589172363,0.9905808568000793,0.9975643157958984,0.9883947372436523,1.0040016174316406,0.9869338274002075,0.9986092448234558,0.9848297238349915,1.0029845237731934,0.9819514155387878,1.0059531927108765,0.9799742698669434,1.0048613548278809,0.976926326751709,1.0027178525924683,0.9739598631858826,1.0062612295150757,0.9711914658546448,1.007584810256958,0.9684569239616394,1.0026378631591797,0.9642046689987183,1.0010217428207397,0.9603466391563416,1.0016207695007324,0.9564527869224548,0.9966506361961365,0.9514049887657166,0.9868576526641846,0.9487377405166626,0.9776108264923096,0.9447354674339294,0.9707262516021729,0.936860203742981,0.9613996148109436,0.9321612119674683,0.9520670175552368,0.9285602569580078,0.9353466033935547,0.9216101169586182,0.9342619180679321,0.9169291257858276,0.9184994697570801,0.9095672369003296,0.9065888524055481,0.9032045006752014,0.8930196762084961,0.8977192640304565,0.8870472311973572,0.8889825344085693,0.8816041350364685,0.8840890526771545,0.8653425574302673,0.8754853010177612,0.8567836284637451,0.870280921459198,0.8460947871208191,0.8618838787078857,0.8391552567481995,0.8487699031829834,0.8249745965003967,0.8439215421676636,0.8204987049102783,0.836066722869873,0.8061635494232178,0.8261892795562744,0.805515468120575,0.818581759929657,0.7964778542518616,0.8082321882247925,0.7901146411895752,0.7977513074874878,0.7788612842559814,0.7931132912635803,0.7631058096885681,0.7813226580619812,0.7611952424049377,0.770815908908844,0.7486286759376526,0.7601267695426941,0.7407539486885071,0.7508174180984497,0.7300647497177124,0.7376068234443665,0.7300350069999695,0.7291653156280518,0.7178229689598083,0.7177339792251587,0.7070391774177551,0.7090240716934204,0.6996918320655823,0.7002891898155212,0.6863449215888977,0.6852630376815796,0.6778122186660767,0.6755608320236206,0.6727243065834045,0.6640486717224121,0.6607428789138794,0.6576362252235413,0.6527982950210571,0.6437755227088928,0.6605302095413208,0.6346604228019714,0.6393334269523621,0.6209566593170166
kcorr royal-energy-58,kcorr,90,37,0.7795918583869934,1.974841143237427e-05,1.000560998916626,0.9998893737792969,1.0010251998901367,0.9997068643569946,1.0008717775344849,0.9992551803588867,1.0012848377227783,0.9987635016441345,1.0002909898757935,0.9981905817985535,1.001560926437378,0.9971824288368225,1.0017551183700562,0.9963718056678772,1.0005055665969849,0.9949600696563721,1.0018748044967651,0.9941086769104004,1.0034613609313965,0.9914326071739197,1.0034126043319702,0.9907105565071106,1.0017024278640747,0.9882687330245972,1.0095878839492798,0.9869164228439331,1.0059775114059448,0.984714150428772,1.0123260021209717,0.9821250438690186,1.0157009363174438,0.9797765612602234,1.0183180570602417,0.9768580794334412,1.019456386566162,0.973520040512085,1.0253392457962036,0.9709959030151367,1.029321551322937,0.9679394960403442,1.0284148454666138,0.9636964797973633,1.0333902835845947,0.9599035978317261,1.0372346639633179,0.9547955393791199,1.039373517036438,0.9510172009468079,1.0387872457504272,0.947555422782898,1.0343668460845947,0.943753182888031,1.0322846174240112,0.937658429145813,1.0299484729766846,0.9323139190673828,1.0239027738571167,0.9271876811981201,1.01320219039917,0.9192730188369751,1.011824607849121,0.9158403277397156,1.007077693939209,0.9088102579116821,0.993130087852478,0.9032216668128967,0.9972963333129883,0.8970479965209961,0.985409677028656,0.8924201130867004,0.9774307012557983,0.8847686648368835,0.9660462737083435,0.876610279083252,0.9583664536476135,0.8715680837631226,0.9555181264877319,0.8643770217895508,0.949182391166687,0.8558019399642944,0.9413729906082153,0.8485960364341736,0.9337946176528931,0.839718759059906,0.9251972436904907,0.8311119079589844,0.9098214507102966,0.8235186338424683,0.9044202566146851,0.8140302896499634,0.9052457213401794,0.8051030039787292,0.8979697227478027,0.7956143021583557,0.8829120993614197,0.7864306569099426,0.8809084296226501,0.7769660949707031,0.8668055534362793,0.7648566365242004,0.8565634489059448,0.7536370158195496,0.8521698117256165,0.7493345141410828,0.841555118560791,0.7359086871147156,0.8272157907485962,0.7258442640304565,0.8236212730407715,0.7162505388259888,0.8202946782112122,0.7050928473472595,0.8127787113189697,0.6989835500717163,0.7990275025367737,0.6826357841491699,0.7921300530433655,0.6695693731307983,0.7853485941886902,0.6603552103042603,0.7826160788536072,0.6504951119422913,0.7769339084625244,0.6358569264411926,0.7535131573677063,0.6312541365623474
kcorr royal-energy-58,kcorr,90,49,1.0,2.6291494577890262e-05,0.9998157620429993,0.9998900890350342,0.9997920393943787,0.9997074007987976,0.9991897344589233,0.999255895614624,0.9994581937789917,0.9987562298774719,0.9978573322296143,0.9981828331947327,0.9988881945610046,0.9972127079963684,0.998723566532135,0.996396541595459,0.9973204135894775,0.9949519634246826,0.9977152347564697,0.9941351413726807,0.9983687996864319,0.9913831949234009,0.9979860782623291,0.990714430809021,0.9966005682945251,0.9882986545562744,1.002510666847229,0.9869987964630127,0.9995708465576172,0.9845392107963562,1.0053631067276,0.9820986390113831,1.0061407089233398,0.9796223640441895,1.0080375671386719,0.9768707156181335,1.0096608400344849,0.9735132455825806,1.0142176151275635,0.9713034629821777,1.017249345779419,0.967860758304596,1.018248200416565,0.9636218547821045,1.0213345289230347,0.9600279927253723,1.0235748291015625,0.9540914297103882,1.0267765522003174,0.9506964683532715,1.0294033288955688,0.9465541839599609,1.0293077230453491,0.9429028034210205,1.0294971466064453,0.9376329779624939,1.0275462865829468,0.9332298636436462,1.021488904953003,0.9266843199729919,1.0150152444839478,0.9207757115364075,1.0144453048706055,0.9156651496887207,1.0126879215240479,0.9089305400848389,0.9987518787384033,0.9041123390197754,0.9987636804580688,0.8948140144348145,0.995952308177948,0.8924009799957275,0.9832358956336975,0.8850216865539551,0.9794213771820068,0.8745266795158386,0.9661082625389099,0.870460033416748,0.9648892879486084,0.8647790551185608,0.9565373659133911,0.8565406799316406,0.9447889924049377,0.8497041463851929,0.9428401589393616,0.841334879398346,0.9296270608901978,0.8354036211967468,0.9260405898094177,0.8263030648231506,0.9205777049064636,0.8179998397827148,0.9087603092193604,0.8105762004852295,0.8988295197486877,0.806098222732544,0.8908933401107788,0.7963572144508362,0.8877571821212769,0.7878480553627014,0.876444935798645,0.7757928967475891,0.8718268871307373,0.7691904902458191,0.8662535548210144,0.756894588470459,0.8483464121818542,0.7463502287864685,0.8460143208503723,0.7374528646469116,0.8272347450256348,0.7295666337013245,0.8256648182868958,0.7218977212905884,0.8137509226799011,0.712231457233429,0.8073047399520874,0.6968719959259033,0.7940542697906494,0.6845102906227112,0.7950305938720703,0.6798322200775146,0.7846067547798157,0.6665072441101074,0.7823426127433777,0.6573268175125122,0.7642861604690552,0.6501774787902832
kcorr royal-energy-58,kcorr,91,0,0.10000000149011612,4.520675247476902e-07,0.9996593594551086,0.9998195171356201,0.9992919564247131,0.9995725154876709,0.9984554648399353,0.9990629553794861,0.9975646734237671,0.9985461831092834,0.9965081214904785,0.9979872703552246,0.9947655200958252,0.9972631931304932,0.992509126663208,0.9960390329360962,0.9908835887908936,0.9950868487358093,0.9879045486450195,0.9935913681983948,0.9848695397377014,0.992569625377655,0.9803515076637268,0.9914739727973938,0.9781327247619629,0.9890923500061035,0.9732071161270142,0.9870558381080627,0.9681708216667175,0.9852270483970642,0.961994469165802,0.9833872318267822,0.9585201740264893,0.9806085228919983,0.9507874846458435,0.9774343967437744,0.9441973567008972,0.9750801920890808,0.9377903342247009,0.9727159738540649,0.9269180297851562,0.9693134427070618,0.9192103743553162,0.9668510556221008,0.9112488031387329,0.9630559682846069,0.900856077671051,0.9583307504653931,0.8902440071105957,0.9550055265426636,0.8756670355796814,0.951643705368042,0.8682935833930969,0.946636438369751,0.8540215492248535,0.9435610175132751,0.842329204082489,0.9386890530586243,0.8276057839393616,0.9349476099014282,0.8136957883834839,0.9267585873603821,0.7989774942398071,0.9233009815216064,0.7815256714820862,0.9176608324050903,0.7697234749794006,0.9103266000747681,0.7506236433982849,0.9031527638435364,0.7343266606330872,0.8977102637290955,0.721915066242218,0.890805721282959,0.7001450061798096,0.8856385946273804,0.6853384375572205,0.8777273893356323,0.6657658815383911,0.8691734671592712,0.6471019983291626,0.8574353456497192,0.6286436319351196,0.8510176539421082,0.6149399876594543,0.8418166637420654,0.5875608921051025,0.8301112651824951,0.5713635087013245,0.8221822381019592,0.5544381737709045,0.8097808957099915,0.5367885828018188,0.7942999005317688,0.5187237858772278,0.7808574438095093,0.49748122692108154,0.7720100283622742,0.48036694526672363,0.7594048380851746,0.460828572511673,0.7442308068275452,0.4457935392856598,0.7286388278007507,0.42419156432151794,0.7106144428253174,0.40733465552330017,0.6966654658317566,0.3873950242996216,0.6698007583618164,0.37633585929870605,0.6542646884918213,0.3557533025741577,0.6358256340026855,0.3442004919052124,0.617480993270874,0.3263348639011383,0.5967192053794861,0.3114362955093384,0.5754938721656799,0.3012961745262146,0.5546317100524902,0.28082475066185,0.539197564125061,0.2705070674419403,0.5169149041175842,0.2615341544151306,0.49891674518585205
kcorr royal-energy-58,kcorr,91,12,0.3204081654548645,4.472194632398896e-06,1.0035113096237183,0.9998195767402649,1.0047521591186523,0.9995708465576172,1.00470769405365,0.9990641474723816,1.0043569803237915,0.9985830187797546,1.0032777786254883,0.9979070425033569,1.0007603168487549,0.9972453713417053,0.997520923614502,0.9960988163948059,0.9954245686531067,0.9950661659240723,0.992699384689331,0.9933374524116516,0.988450825214386,0.9925759434700012,0.9837064146995544,0.9911830425262451,0.9808646440505981,0.9889327883720398,0.9748722910881042,0.9866810441017151,0.9693968296051025,0.9850368499755859,0.9629082679748535,0.9828560948371887,0.960258960723877,0.9806069731712341,0.9524809718132019,0.9773182272911072,0.9465574026107788,0.9741795659065247,0.9403780698776245,0.9716281890869141,0.9247780442237854,0.9675967693328857,0.916291356086731,0.9655800461769104,0.9043267965316772,0.9613873958587646,0.8929471373558044,0.9561302065849304,0.877143383026123,0.9536927938461304,0.8610042929649353,0.949176013469696,0.8411011099815369,0.9445905089378357,0.8228906989097595,0.9385694861412048,0.8064237833023071,0.9360963702201843,0.7875556349754333,0.9300738573074341,0.7629088163375854,0.9227413535118103,0.7482799887657166,0.916919469833374,0.7258381247520447,0.9107970595359802,0.7084789872169495,0.9038640856742859,0.6869396567344666,0.8979065418243408,0.6723982095718384,0.8892566561698914,0.6580571532249451,0.884944498538971,0.6360753774642944,0.874747633934021,0.6255217790603638,0.866208553314209,0.6110857129096985,0.8624987602233887,0.593716561794281,0.8516053557395935,0.580295205116272,0.8440712690353394,0.5606365203857422,0.8364467620849609,0.5461968183517456,0.8231363296508789,0.5339475274085999,0.8154985308647156,0.5197435021400452,0.8034199476242065,0.5059800744056702,0.7947260737419128,0.4909597337245941,0.7863555550575256,0.47986531257629395,0.7761521935462952,0.4653940200805664,0.764258623123169,0.4531997740268707,0.7511211633682251,0.4346476197242737,0.7429086565971375,0.42354631423950195,0.7319468855857849,0.41574305295944214,0.7131879329681396,0.40069228410720825,0.7018002271652222,0.3926297724246979,0.6915515661239624,0.37625566124916077,0.6803978681564331,0.36980941891670227,0.6642471551895142,0.3578871786594391,0.653820812702179,0.34839290380477905,0.6398484110832214,0.33248162269592285,0.6328025460243225,0.32652661204338074,0.6141976118087769,0.3208174705505371,0.6069931983947754,0.3084050714969635,0.5978447794914246
kcorr royal-energy-58,kcorr,91,24,0.5408163070678711,1.1556827303138562e-05,1.002432942390442,0.9998193979263306,1.003472924232483,0.9995704889297485,1.0035284757614136,0.9990695118904114,1.0036901235580444,0.9986268877983093,1.0035910606384277,0.9978312849998474,1.0026910305023193,0.9971787929534912,1.0018028020858765,0.9961119294166565,1.0021493434906006,0.9950324892997742,1.0027079582214355,0.9931955933570862,1.0028507709503174,0.9925017356872559,1.00236177444458,0.990914523601532,1.002866268157959,0.9887096881866455,1.001719355583191,0.9867574572563171,1.003097653388977,0.9848412871360779,1.001632571220398,0.9826059341430664,1.006190538406372,0.9804034233093262,1.0063071250915527,0.9768536686897278,1.0076348781585693,0.9742292761802673,1.0095717906951904,0.9713382124900818,1.0016084909439087,0.9670859575271606,1.0060433149337769,0.9644772410392761,1.0035736560821533,0.9608994722366333,1.0030765533447266,0.9562317728996277,0.9934284090995789,0.9526191353797913,0.9915237426757812,0.9476131796836853,0.980480968952179,0.9431198835372925,0.9757048487663269,0.9389339089393616,0.9633169174194336,0.9326200485229492,0.9570558667182922,0.92719966173172,0.9452844262123108,0.9218160510063171,0.9336091876029968,0.9144068360328674,0.9184429049491882,0.9080621600151062,0.9111489057540894,0.9020129442214966,0.9004053473472595,0.8975929021835327,0.8863790035247803,0.8875519037246704,0.872687816619873,0.881801426410675,0.86057049036026,0.8768462538719177,0.8574938178062439,0.8673838973045349,0.8458260893821716,0.8589329719543457,0.8400645852088928,0.8501925468444824,0.8284119963645935,0.8436533808708191,0.817511260509491,0.8357510566711426,0.8110241889953613,0.8244256973266602,0.7975337505340576,0.817722737789154,0.7923630475997925,0.8085116744041443,0.7832318544387817,0.7977766394615173,0.7723010182380676,0.7899121642112732,0.7606260180473328,0.7781339883804321,0.7524176836013794,0.7669853568077087,0.7432646155357361,0.7570351362228394,0.7369341254234314,0.7467551231384277,0.728665828704834,0.7383278012275696,0.7257627844810486,0.7245894074440002,0.7109420299530029,0.7160558700561523,0.708195149898529,0.7064346671104431,0.6879007816314697,0.6971535086631775,0.683232307434082,0.6834083795547485,0.6783949732780457,0.66939377784729,0.6732238531112671,0.6571736931800842,0.655035674571991,0.6514814496040344,0.6557655930519104,0.6393382549285889,0.6525725722312927,0.6312623620033264,0.6343611478805542,0.6179903745651245
kcorr royal-energy-58,kcorr,91,37,0.7795918583869934,1.9748080376302823e-05,1.0007588863372803,0.9998188018798828,1.001042366027832,0.9995704889297485,1.0007827281951904,0.9990769624710083,1.0005298852920532,0.9986661672592163,1.0005972385406494,0.9977726936340332,1.0001156330108643,0.9971165657043457,1.000459909439087,0.9960609078407288,1.0008901357650757,0.9949537515640259,1.002278447151184,0.9931880831718445,1.0046833753585815,0.9922642111778259,1.0059797763824463,0.9907543063163757,1.0069191455841064,0.988476574420929,1.0082099437713623,0.9866582751274109,1.0124541521072388,0.9845698475837708,1.0130494832992554,0.9826682806015015,1.0196951627731323,0.9798275232315063,1.020592212677002,0.9768425822257996,1.0249922275543213,0.9743525385856628,1.0291248559951782,0.9713946580886841,1.0281319618225098,0.9671702980995178,1.0366605520248413,0.9642114043235779,1.0400251150131226,0.9611527323722839,1.0422852039337158,0.9578101634979248,1.0405312776565552,0.9521438479423523,1.0405675172805786,0.948394775390625,1.040234923362732,0.9435998797416687,1.041179895401001,0.9397480487823486,1.0327653884887695,0.9332795143127441,1.0303716659545898,0.9280686378479004,1.0295755863189697,0.9219992756843567,1.0212417840957642,0.9160330891609192,1.015633225440979,0.911094069480896,1.0056123733520508,0.9059545397758484,0.9949922561645508,0.8993282914161682,0.9910957217216492,0.8913853168487549,0.9783349633216858,0.8834671974182129,0.9719064831733704,0.8793397545814514,0.9628052711486816,0.8738609552383423,0.9596719145774841,0.8625954389572144,0.9563042521476746,0.8562989830970764,0.9438031315803528,0.8525658249855042,0.9336825013160706,0.8423340916633606,0.9308645725250244,0.834546685218811,0.9161180853843689,0.8254570960998535,0.9114062190055847,0.8160871267318726,0.8990974426269531,0.8051995038986206,0.8929870128631592,0.7987953424453735,0.8827213048934937,0.7908520102500916,0.8728601932525635,0.7789763808250427,0.870958685874939,0.7713255286216736,0.8673458099365234,0.7603784799575806,0.8521645069122314,0.7511696815490723,0.8449200987815857,0.7422600388526917,0.8415734171867371,0.7297083735466003,0.826315701007843,0.7199642658233643,0.8252527117729187,0.7088700532913208,0.8117847442626953,0.6979049444198608,0.7992392182350159,0.6934933066368103,0.7904824614524841,0.6776056885719299,0.7854054570198059,0.6675226092338562,0.7768919467926025,0.6549343466758728,0.7757836580276489,0.6512460708618164,0.7638186812400818,0.6461305022239685
kcorr royal-energy-58,kcorr,91,49,1.0,2.625998604344204e-05,0.9999315142631531,0.9998185038566589,0.9997177720069885,0.9995700716972351,0.999136745929718,0.9990825057029724,0.9984140992164612,0.9986918568611145,0.9982241988182068,0.9977445006370544,0.997261643409729,0.9970701932907104,0.9974405169487,0.996018648147583,0.9971426129341125,0.9948947429656982,0.9974855780601501,0.99317866563797,1.0005947351455688,0.9920713305473328,1.0006732940673828,0.9906885027885437,1.0007069110870361,0.9882994890213013,1.0023038387298584,0.9864718317985535,1.0056331157684326,0.9841849207878113,1.0062319040298462,0.9825429916381836,1.012660264968872,0.9794324636459351,1.012904405593872,0.9764513373374939,1.0161925554275513,0.9739833474159241,1.020963191986084,0.971076488494873,1.02040433883667,0.9669054746627808,1.026570439338684,0.9638654589653015,1.031786322593689,0.9605897665023804,1.0317518711090088,0.9574642777442932,1.0361274480819702,0.9529393315315247,1.035693645477295,0.9477338790893555,1.0390262603759766,0.9435506463050842,1.0375968217849731,0.9398612380027771,1.0333069562911987,0.932949960231781,1.028943657875061,0.9288321137428284,1.032710075378418,0.9210653901100159,1.020048975944519,0.9159669876098633,1.0200444459915161,0.9103674292564392,1.015714406967163,0.905923068523407,1.0068355798721313,0.8985059261322021,0.9971112012863159,0.8933526277542114,0.9904277920722961,0.8847949504852295,0.9779778122901917,0.8808209300041199,0.9766915440559387,0.8776569962501526,0.971675455570221,0.8668463826179504,0.966679036617279,0.8588010668754578,0.9522866010665894,0.8530676364898682,0.9426091313362122,0.845604658126831,0.9322697520256042,0.8391479253768921,0.9206430315971375,0.8283343315124512,0.9143100380897522,0.8211342096328735,0.9007313847541809,0.8106490969657898,0.8926542401313782,0.80402010679245,0.8822507858276367,0.7948340177536011,0.8779633641242981,0.7842617034912109,0.8621692657470703,0.7781324982643127,0.8564580678939819,0.7660504579544067,0.8432444930076599,0.7570325136184692,0.8336599469184875,0.7438812851905823,0.8251099586486816,0.7352449893951416,0.817608118057251,0.726943850517273,0.8068156242370605,0.714974582195282,0.791567325592041,0.7048065066337585,0.7833166718482971,0.69656902551651,0.7777652144432068,0.6828345060348511,0.7735488414764404,0.6694315671920776,0.7600864768028259,0.6610747575759888,0.7506068348884583,0.6522588729858398,0.7446801066398621,0.6407442092895508
kcorr royal-energy-58,kcorr,92,0,0.10000000149011612,4.52115784810303e-07,0.9997312426567078,0.9998871088027954,0.9994412064552307,0.9995928406715393,0.9982906579971313,0.9991273283958435,0.9972566366195679,0.9986454248428345,0.9965959787368774,0.9982337951660156,0.9944717884063721,0.997405469417572,0.9922888875007629,0.9962040781974792,0.9901110529899597,0.9950383305549622,0.9882196187973022,0.9938931465148926,0.9840403199195862,0.9923089742660522,0.9811658263206482,0.9908866882324219,0.9772951602935791,0.9889729022979736,0.9729133248329163,0.9876453280448914,0.9695165753364563,0.9852363467216492,0.9635470509529114,0.9829713702201843,0.9576690793037415,0.9803558588027954,0.9509335160255432,0.9778354167938232,0.9435119032859802,0.9754989743232727,0.9357516765594482,0.9730390906333923,0.9277876615524292,0.9694562554359436,0.9187092781066895,0.9668206572532654,0.910559892654419,0.9632849097251892,0.9013381004333496,0.9593866467475891,0.8889253735542297,0.9560244679450989,0.8789293169975281,0.9513174891471863,0.8648887276649475,0.9466342329978943,0.8537822961807251,0.9424793720245361,0.8412503600120544,0.9377096891403198,0.8250483870506287,0.9332168698310852,0.8126345872879028,0.9281861186027527,0.7979599833488464,0.9235411286354065,0.7810818552970886,0.917497992515564,0.7666377425193787,0.9124670028686523,0.7492356300354004,0.9025742411613464,0.7311594486236572,0.8968791365623474,0.7144801616668701,0.8894662857055664,0.695073664188385,0.8836700320243835,0.6834467649459839,0.8750990629196167,0.6616738438606262,0.8678346872329712,0.6430950164794922,0.8576178550720215,0.6226808428764343,0.8502621650695801,0.6072183847427368,0.8404529690742493,0.5890694856643677,0.8304970860481262,0.5699485540390015,0.8183010816574097,0.5489451885223389,0.8083018660545349,0.531455934047699,0.795339822769165,0.5086207389831543,0.7847627401351929,0.49036189913749695,0.7711400389671326,0.4778729975223541,0.7561790943145752,0.4572913348674774,0.7401571869850159,0.4361335039138794,0.7231311202049255,0.420477956533432,0.713921070098877,0.40304112434387207,0.6916241645812988,0.3881276249885559,0.6738315224647522,0.3660588264465332,0.656800389289856,0.35112130641937256,0.6391401290893555,0.33718064427375793,0.6189664006233215,0.3178972899913788,0.595620334148407,0.30373504757881165,0.5744951367378235,0.288302481174469,0.5507558584213257,0.277578741312027,0.5440685749053955,0.2677670419216156,0.5146983861923218,0.2530971169471741,0.4963949918746948
kcorr royal-energy-58,kcorr,92,12,0.3204081654548645,4.480075403989758e-06,1.0035444498062134,0.9998870491981506,1.004766583442688,0.9995973706245422,1.004859447479248,0.9991272687911987,1.0040833950042725,0.9986337423324585,1.0038392543792725,0.9981709122657776,1.0009210109710693,0.9974204897880554,0.9977824687957764,0.9961909055709839,0.9938650727272034,0.9948216080665588,0.9930281043052673,0.9939208626747131,0.9873690009117126,0.9923251271247864,0.9825373888015747,0.9906573295593262,0.9798116683959961,0.9890169501304626,0.974799394607544,0.9878340363502502,0.9702464938163757,0.9846500754356384,0.9651110768318176,0.9823082089424133,0.9591920375823975,0.9795489311218262,0.9512686729431152,0.9776616096496582,0.9440760016441345,0.974220871925354,0.937187910079956,0.9724335670471191,0.9290764331817627,0.9687550067901611,0.9159018397331238,0.9656409621238708,0.9040184617042542,0.9619525074958801,0.891522228717804,0.9580414295196533,0.8790791034698486,0.9532981514930725,0.8591598868370056,0.9499464631080627,0.8417538404464722,0.9438185691833496,0.8288009166717529,0.9395372867584229,0.8082317113876343,0.9357824921607971,0.7864735722541809,0.9297993183135986,0.7689212560653687,0.9249265789985657,0.7490832805633545,0.9175029993057251,0.7290167212486267,0.9113926887512207,0.7130785584449768,0.9056062698364258,0.6933930516242981,0.8974348306655884,0.6732436418533325,0.8910080790519714,0.6571281552314758,0.8841033577919006,0.6356272101402283,0.8771290183067322,0.6274437308311462,0.8695989847183228,0.608205258846283,0.8609883189201355,0.5928369760513306,0.8511843085289001,0.5826966166496277,0.8420013189315796,0.5664892196655273,0.8316023349761963,0.5502998232841492,0.823337972164154,0.5356452465057373,0.8136370182037354,0.5231570601463318,0.8019733428955078,0.5056435465812683,0.7937609553337097,0.49240773916244507,0.7867110967636108,0.47746437788009644,0.7734054327011108,0.4653407335281372,0.7647413015365601,0.4567498564720154,0.7522006034851074,0.4422791004180908,0.7382786870002747,0.4270355701446533,0.7285730242729187,0.4143030345439911,0.7190510630607605,0.400873064994812,0.7046502828598022,0.39162376523017883,0.6905913949012756,0.3833428621292114,0.6793619990348816,0.36747869849205017,0.6613662242889404,0.36175692081451416,0.6508482694625854,0.34571659564971924,0.638264536857605,0.33765456080436707,0.6253008842468262,0.3337382674217224,0.6172499060630798,0.3226553499698639,0.6043581366539001,0.3177921772003174,0.589442253112793
kcorr royal-energy-58,kcorr,92,24,0.5408163070678711,1.1576439646887593e-05,1.0025447607040405,0.9998868703842163,1.0035665035247803,0.9996010661125183,1.0037059783935547,0.9991270899772644,1.0033750534057617,0.9986284375190735,1.0045843124389648,0.9981032013893127,1.0031825304031372,0.9974445104598999,1.0020253658294678,0.9961881637573242,1.0008776187896729,0.9945611357688904,1.0021880865097046,0.9939018487930298,1.001437783241272,0.9923645257949829,0.9997423887252808,0.9905309081077576,1.0016098022460938,0.9891901612281799,1.002610206604004,0.9879401922225952,1.0031943321228027,0.9848278164863586,1.0044872760772705,0.982269287109375,1.0032960176467896,0.9794632792472839,1.0059937238693237,0.9775497913360596,1.0040608644485474,0.9741787910461426,1.0088351964950562,0.9713562726974487,1.0061182975769043,0.9687469005584717,1.0029674768447876,0.9644070267677307,1.0028423070907593,0.9609226584434509,0.9965291619300842,0.9568758010864258,0.9950540065765381,0.9520764350891113,0.9829367399215698,0.9491727352142334,0.9803773164749146,0.9436880350112915,0.9744788408279419,0.9387711882591248,0.9633453488349915,0.9347372055053711,0.9534944295883179,0.9279805421829224,0.9436084032058716,0.9235643744468689,0.928264319896698,0.9178832173347473,0.9174283742904663,0.9119648337364197,0.9095306396484375,0.9031294584274292,0.899153470993042,0.898277997970581,0.8820690512657166,0.8902651071548462,0.8727900385856628,0.8857430815696716,0.8632858991622925,0.8784798383712769,0.8493402600288391,0.8702142834663391,0.8441516757011414,0.8617955446243286,0.8299583792686462,0.85516357421875,0.8291349411010742,0.8465977311134338,0.815369188785553,0.8403528332710266,0.8005086183547974,0.8279374837875366,0.7925220727920532,0.8230071067810059,0.7806900143623352,0.8137974143028259,0.7741856575012207,0.8006535768508911,0.7697872519493103,0.7954535484313965,0.7600850462913513,0.78190678358078,0.7527980804443359,0.775206983089447,0.7450082302093506,0.7670039534568787,0.7310812473297119,0.7508852481842041,0.7243173122406006,0.7477170825004578,0.714320957660675,0.7353597283363342,0.710186243057251,0.7272295355796814,0.6939201951026917,0.7153837084770203,0.6868796944618225,0.7028049230575562,0.6759235262870789,0.6943327188491821,0.6733900308609009,0.6778956651687622,0.6559402346611023,0.6731705069541931,0.6529131531715393,0.6638184785842896,0.645622730255127,0.6516599059104919,0.6367093324661255,0.6442755460739136,0.6378141641616821,0.635685384273529
kcorr royal-energy-58,kcorr,92,37,0.7795918583869934,1.9859719031956047e-05,1.0009403228759766,0.9998868703842163,1.001257061958313,0.9996033906936646,1.0008386373519897,0.9991254806518555,1.0003811120986938,0.9986339807510376,1.0016010999679565,0.9980502724647522,1.0005906820297241,0.997460663318634,1.0003472566604614,0.9961916208267212,1.0000967979431152,0.9943807125091553,1.002048373222351,0.9938279986381531,1.0028513669967651,0.9922896027565002,1.0018352270126343,0.9904209971427917,1.0061405897140503,0.9891775846481323,1.0074807405471802,0.9876474142074585,1.0116244554519653,0.9851267337799072,1.0150657892227173,0.9824865460395813,1.0141189098358154,0.9797261357307434,1.0207935571670532,0.9773570895195007,1.0215235948562622,0.9744861721992493,1.0289604663848877,0.9718063473701477,1.0287364721298218,0.9683923125267029,1.0331686735153198,0.9643906354904175,1.0382086038589478,0.960247814655304,1.03811776638031,0.9562913775444031,1.0412678718566895,0.9527848362922668,1.0392483472824097,0.9488401412963867,1.0411957502365112,0.9449320435523987,1.0355192422866821,0.9390164613723755,1.0382161140441895,0.9350411295890808,1.033328890800476,0.9285052418708801,1.0274537801742554,0.9227490425109863,1.0172804594039917,0.9178772568702698,1.0145533084869385,0.913277804851532,1.0101464986801147,0.905908465385437,1.0043317079544067,0.9000859260559082,0.993833601474762,0.8917168378829956,0.9873918294906616,0.8876441121101379,0.9796479940414429,0.8791364431381226,0.9709240198135376,0.874712347984314,0.9668813943862915,0.8633309006690979,0.9516196846961975,0.8560623526573181,0.9553293585777283,0.8488238453865051,0.944432258605957,0.8416837453842163,0.9328389763832092,0.8351237177848816,0.922799289226532,0.8282757997512817,0.9144940376281738,0.8200560212135315,0.9105631709098816,0.8069943189620972,0.9025280475616455,0.8004173636436462,0.8895041942596436,0.7914872169494629,0.888669490814209,0.781116247177124,0.8723329305648804,0.7710017561912537,0.8665710091590881,0.7620195746421814,0.8598936200141907,0.7543773651123047,0.8452966809272766,0.7451918721199036,0.8400123715400696,0.7320345044136047,0.8322160243988037,0.7235292792320251,0.829695999622345,0.7136399745941162,0.8171831965446472,0.7022351622581482,0.8091835379600525,0.685127854347229,0.8042045831680298,0.6802791357040405,0.7842904925346375,0.6697667837142944,0.7873622179031372,0.6582996845245361,0.7823489308357239,0.6454175114631653,0.7662037014961243,0.641631007194519
kcorr royal-energy-58,kcorr,92,49,1.0,2.6456918931216933e-05,1.0001345872879028,0.9998870491981506,1.0000253915786743,0.9996057748794556,0.9991796612739563,0.9991213083267212,0.9984085559844971,0.9986419081687927,0.9992048144340515,0.9980214834213257,0.9975578784942627,0.9974708557128906,0.997109055519104,0.996190071105957,0.9962931275367737,0.99432373046875,0.9981943368911743,0.9937638640403748,0.9981754422187805,0.9921438694000244,0.9962586164474487,0.9903155565261841,1.0008543729782104,0.9891073703765869,1.000815987586975,0.9872639179229736,1.0038094520568848,0.9851926565170288,1.0075640678405762,0.9824126362800598,1.0059791803359985,0.9795899391174316,1.0114338397979736,0.9770291447639465,1.0123522281646729,0.9745981097221375,1.0180211067199707,0.9722939133644104,1.0195547342300415,0.9679907560348511,1.0233923196792603,0.9641274213790894,1.0267820358276367,0.9596139192581177,1.0256428718566895,0.9559219479560852,1.033002257347107,0.9523893594741821,1.0306912660598755,0.9487085342407227,1.0365082025527954,0.9451404809951782,1.0307488441467285,0.9392182230949402,1.0356820821762085,0.9339534044265747,1.031353235244751,0.9302179217338562,1.0310333967208862,0.9229840636253357,1.0241810083389282,0.9182580709457397,1.0231032371520996,0.9140121340751648,1.0197659730911255,0.9069989323616028,1.0155730247497559,0.9004170894622803,1.0072253942489624,0.8939664959907532,1.007904052734375,0.890403687953949,0.9970236420631409,0.8810166716575623,0.985979437828064,0.8753451108932495,0.9798374772071838,0.8671168088912964,0.9675484299659729,0.8581215143203735,0.9629261493682861,0.8506349325180054,0.9596107602119446,0.8440478444099426,0.9462263584136963,0.8374711871147156,0.9427065253257751,0.8296628594398499,0.9291796684265137,0.8206506967544556,0.9245699644088745,0.811408281326294,0.9202654361724854,0.8022857308387756,0.9114980101585388,0.7973971962928772,0.9037781953811646,0.7869201302528381,0.8955243229866028,0.7776844501495361,0.8884425163269043,0.770078182220459,0.8798398971557617,0.7577536702156067,0.8703300952911377,0.7498470544815063,0.8592513203620911,0.7379047870635986,0.850010335445404,0.7295075058937073,0.832197904586792,0.7201628684997559,0.8250705003738403,0.710155189037323,0.823224663734436,0.6963472366333008,0.8115385174751282,0.6866512298583984,0.8035898208618164,0.6773240566253662,0.8034799098968506,0.6679523587226868,0.7933170795440674,0.654717206954956,0.7835283279418945,0.6477154493331909
kcorr royal-energy-58,kcorr,93,0,0.10000000149011612,4.4951013933314243e-07,1.0000041723251343,0.999857485294342,0.9992033243179321,0.9997033476829529,0.9984998106956482,0.9993234872817993,0.9975543022155762,0.9987580180168152,0.9963087439537048,0.9979449510574341,0.9941569566726685,0.9972172379493713,0.9927946329116821,0.9961934089660645,0.9900436997413635,0.9955628514289856,0.9877772927284241,0.9939603805541992,0.9849523305892944,0.9924159049987793,0.9805977940559387,0.9907633662223816,0.9773521423339844,0.9894625544548035,0.9733327031135559,0.9867690801620483,0.9690392017364502,0.9849603176116943,0.9635108113288879,0.983079731464386,0.9576500654220581,0.9793868660926819,0.9507222771644592,0.9784055352210999,0.9436551332473755,0.9755613803863525,0.936180591583252,0.9727675318717957,0.9283673167228699,0.9689370393753052,0.9183149933815002,0.9672144651412964,0.9096676111221313,0.9619818925857544,0.8998249769210815,0.9591736197471619,0.889936625957489,0.9554452896118164,0.8780703544616699,0.9503918290138245,0.8651939630508423,0.9463220834732056,0.8525645732879639,0.9429754018783569,0.843660295009613,0.9379940629005432,0.8250341415405273,0.9343087077140808,0.8125962615013123,0.9265273809432983,0.802243173122406,0.9224926829338074,0.7832698225975037,0.9172881841659546,0.7650647163391113,0.9106553792953491,0.7505403757095337,0.9041153192520142,0.727851390838623,0.8965902328491211,0.7184629440307617,0.8900237679481506,0.6966978907585144,0.8831298351287842,0.6791080236434937,0.8765510320663452,0.6607819199562073,0.8659954071044922,0.6427561640739441,0.8595544099807739,0.6280914545059204,0.8491638898849487,0.6034840941429138,0.8394425511360168,0.5888853073120117,0.8335529565811157,0.5684398412704468,0.820208728313446,0.5491529703140259,0.8102381825447083,0.531623899936676,0.7959625124931335,0.5144050121307373,0.7864071130752563,0.4954283833503723,0.7687258720397949,0.47853198647499084,0.7577798366546631,0.45398643612861633,0.7396708130836487,0.440834105014801,0.7256695032119751,0.42250755429267883,0.712307333946228,0.4037211239337921,0.6991493105888367,0.38916876912117004,0.6728633642196655,0.37022313475608826,0.6560193300247192,0.355471670627594,0.636236310005188,0.3400050103664398,0.6194208264350891,0.3242192566394806,0.5991798043251038,0.30601343512535095,0.5872350335121155,0.2932835519313812,0.5554161071777344,0.2822209894657135,0.5383237600326538,0.26681751012802124,0.514266848564148,0.25493595004081726,0.5007036328315735
kcorr royal-energy-58,kcorr,93,12,0.3204081654548645,4.451970198715571e-06,1.003527045249939,0.9998559951782227,1.0046037435531616,0.9997051358222961,1.004885196685791,0.9993082880973816,1.0043511390686035,0.9987515211105347,1.0028247833251953,0.9979649186134338,1.0007511377334595,0.9971238970756531,0.9988345503807068,0.9961227774620056,0.9948052167892456,0.9956002235412598,0.9916948080062866,0.9940292239189148,0.9889379739761353,0.9923673272132874,0.9827668070793152,0.9906774759292603,0.9806371331214905,0.9890277981758118,0.9747581481933594,0.9869704842567444,0.9725599884986877,0.9843989610671997,0.9654418230056763,0.9822986721992493,0.9594423770904541,0.978432297706604,0.9535930752754211,0.9775819182395935,0.9447880387306213,0.9736512899398804,0.9391342401504517,0.9720532298088074,0.9275499582290649,0.9675092697143555,0.918175995349884,0.965184211730957,0.9061176180839539,0.9612191319465637,0.8960866332054138,0.9574824571609497,0.8783152103424072,0.953267514705658,0.8634903430938721,0.948124885559082,0.8466216921806335,0.9435431361198425,0.8286761045455933,0.9395120739936829,0.8078346848487854,0.9329043626785278,0.7895916104316711,0.9273259043693542,0.7668887972831726,0.9224151968955994,0.7514010071754456,0.9165330529212952,0.7321291565895081,0.9111706018447876,0.711731493473053,0.9053336977958679,0.6960598230361938,0.8976995944976807,0.6773877739906311,0.8891436457633972,0.6574701070785522,0.8840160965919495,0.6420047879219055,0.8765602707862854,0.6261121034622192,0.8681105375289917,0.6132990717887878,0.8588417172431946,0.5950800180435181,0.8504742383956909,0.5839200019836426,0.8434458374977112,0.565611720085144,0.8366653919219971,0.5511240363121033,0.8263111710548401,0.5338519811630249,0.8144221305847168,0.5225733518600464,0.8042416572570801,0.5089506506919861,0.7935777902603149,0.49673032760620117,0.7858292460441589,0.48510998487472534,0.7736157178878784,0.4677087366580963,0.763482928276062,0.4555833339691162,0.7497477531433105,0.4439391493797302,0.7401852607727051,0.4265415370464325,0.7301400899887085,0.41760119795799255,0.7122668027877808,0.40841925144195557,0.702642023563385,0.3958386182785034,0.6893064379692078,0.38679996132850647,0.6775780916213989,0.37163016200065613,0.6682633757591248,0.36202678084373474,0.6480060815811157,0.35456377267837524,0.6413384675979614,0.34230369329452515,0.6231576800346375,0.331504762172699,0.6107067465782166,0.32201313972473145,0.5950535535812378,0.3186986446380615,0.5865370631217957
kcorr royal-energy-58,kcorr,93,24,0.5408163070678711,1.1527543392730877e-05,1.0025153160095215,0.9998547434806824,1.003341555595398,0.9997058510780334,1.0037992000579834,0.9992939233779907,1.0037665367126465,0.9987466335296631,1.0031236410140991,0.9979937076568604,1.0030198097229004,0.997073233127594,1.0031732320785522,0.9960660338401794,1.0014170408248901,0.9954866170883179,1.0009475946426392,0.9941181540489197,1.0022884607315063,0.9924968481063843,1.0012787580490112,0.99064040184021,1.0021306276321411,0.9889362454414368,1.001587152481079,0.9873493313789368,1.0052990913391113,0.9846204519271851,1.0018988847732544,0.9819847345352173,1.004221796989441,0.9789605736732483,1.006961703300476,0.9772363305091858,1.006501317024231,0.9725521206855774,1.007182240486145,0.9713799357414246,1.0041159391403198,0.9670457243919373,1.0050663948059082,0.9643440246582031,1.0056873559951782,0.9591928124427795,0.9987685084342957,0.9564204216003418,0.9987136721611023,0.9523099064826965,0.9919018745422363,0.94792640209198,0.9858825206756592,0.9439880847930908,0.9777393341064453,0.9383661150932312,0.9646798372268677,0.9308456182479858,0.9557196497917175,0.9268320202827454,0.9496049284934998,0.9219012260437012,0.9339376091957092,0.9152601361274719,0.9207437634468079,0.9103299975395203,0.9103766679763794,0.902751624584198,0.9022769331932068,0.8984798192977905,0.8947548270225525,0.8873533010482788,0.8784050345420837,0.8841845989227295,0.8723321557044983,0.8756253123283386,0.8628730177879333,0.8671335577964783,0.8561713099479675,0.8605227470397949,0.8355001211166382,0.8534129858016968,0.8397013545036316,0.8445255160331726,0.8308514952659607,0.8353627920150757,0.8206942081451416,0.8288513422012329,0.8132060766220093,0.8195067048072815,0.8066434264183044,0.8115609288215637,0.7977707386016846,0.801842987537384,0.7881594896316528,0.7913417816162109,0.7819053530693054,0.7810194492340088,0.7716167569160461,0.7727499008178711,0.7591491937637329,0.7631846070289612,0.7538289427757263,0.7529915571212769,0.7452427744865417,0.7426303625106812,0.7369213104248047,0.7331238985061646,0.7281579971313477,0.7257140278816223,0.7221373319625854,0.7085521221160889,0.7126471400260925,0.7029128670692444,0.705751895904541,0.6904418468475342,0.6879434585571289,0.6819112300872803,0.6883490085601807,0.667348325252533,0.6816705465316772,0.6604738831520081,0.6694971323013306,0.6496037840843201,0.6639072895050049,0.6412215828895569,0.6629369258880615,0.6331171989440918
kcorr royal-energy-58,kcorr,93,37,0.7795918583869934,1.9775116015807725e-05,1.000920057296753,0.9998542070388794,1.000943660736084,0.9997056126594543,1.0010241270065308,0.9992826581001282,1.0004868507385254,0.9987406730651855,1.0000669956207275,0.9980264902114868,1.0001823902130127,0.9970741868019104,1.0010215044021606,0.9960343837738037,0.9995368123054504,0.9953043460845947,0.9988049268722534,0.9941349625587463,1.0018775463104248,0.9925882816314697,1.0015465021133423,0.9906496405601501,1.0023832321166992,0.9889464378356934,1.003833532333374,0.9874730110168457,1.0085117816925049,0.9851966500282288,1.00651216506958,0.982286810874939,1.0122750997543335,0.9797986745834351,1.01833975315094,0.9773874282836914,1.0200350284576416,0.9735062718391418,1.0212912559509277,0.9717065691947937,1.0254437923431396,0.9677173495292664,1.0280256271362305,0.9654698371887207,1.033586859703064,0.9597333073616028,1.0303936004638672,0.956241250038147,1.035439372062683,0.9523245096206665,1.035180687904358,0.94746333360672,1.03463876247406,0.9446327090263367,1.0335211753845215,0.9384552836418152,1.0266419649124146,0.9318926334381104,1.0255377292633057,0.9278448224067688,1.0205188989639282,0.921585202217102,1.0073535442352295,0.9150224924087524,1.004169225692749,0.9125536680221558,0.9943166375160217,0.9051451683044434,0.9926093816757202,0.8999106287956238,0.9792930483818054,0.8907954096794128,0.9727871417999268,0.8851343393325806,0.9634819626808167,0.8779480457305908,0.9575244188308716,0.8717763423919678,0.9539051055908203,0.8676396012306213,0.9440888166427612,0.8585013747215271,0.9398583769798279,0.850821852684021,0.9324437379837036,0.844547688961029,0.9178686141967773,0.8333031535148621,0.9090754389762878,0.8278670310974121,0.9111594557762146,0.8192952871322632,0.8981226086616516,0.8108476996421814,0.8899508118629456,0.8035529851913452,0.8910772204399109,0.7934087514877319,0.8792877197265625,0.7815649509429932,0.8701821565628052,0.7715454697608948,0.8606811761856079,0.7645882368087769,0.856657862663269,0.7516815066337585,0.8435847163200378,0.7456268668174744,0.8427460789680481,0.7391809225082397,0.8334365487098694,0.727992832660675,0.821885347366333,0.7167814373970032,0.8167101740837097,0.7057734131813049,0.8026910424232483,0.6937284469604492,0.7985296845436096,0.6861968040466309,0.7919066548347473,0.6736884713172913,0.7836662530899048,0.6636303067207336,0.7832480669021606,0.6542571783065796,0.7694423198699951,0.6473132371902466
kcorr royal-energy-58,kcorr,93,49,1.0,2.638548357936088e-05,1.0001676082611084,0.999853253364563,0.9997180104255676,0.9997053742408752,0.999463677406311,0.9992758631706238,0.9985198378562927,0.9987351298332214,0.9975616335868835,0.998038113117218,0.997391939163208,0.9970802664756775,0.9978604912757874,0.9960095882415771,0.9957996606826782,0.9951733946800232,0.9939523339271545,0.994077205657959,0.9963356256484985,0.9925589561462402,0.9954437017440796,0.9905627965927124,0.9950379133224487,0.9888264536857605,0.9950357675552368,0.987311065196991,0.9989134669303894,0.9853240847587585,0.9955998659133911,0.9824225902557373,0.999433159828186,0.9797839522361755,1.0058366060256958,0.9768520593643188,1.0051711797714233,0.9737983345985413,1.0053547620773315,0.9715896844863892,1.0099469423294067,0.9674891829490662,1.0118101835250854,0.9653067588806152,1.0159684419631958,0.9605481624603271,1.0146980285644531,0.9555850028991699,1.014131784439087,0.9510372281074524,1.0197898149490356,0.9478337168693542,1.0181018114089966,0.9433697462081909,1.0195400714874268,0.9380571246147156,1.0135531425476074,0.9331490993499756,1.0158635377883911,0.9293987154960632,1.011318325996399,0.9221848249435425,1.008832335472107,0.9152412414550781,1.0041648149490356,0.9116557836532593,0.9955278038978577,0.9070827960968018,0.9947895407676697,0.9017525315284729,0.9804572463035583,0.8918240666389465,0.9765399694442749,0.8845365047454834,0.9647437334060669,0.8794643878936768,0.9665161371231079,0.8727094531059265,0.9615601897239685,0.8655093312263489,0.945857048034668,0.8600998520851135,0.9424982666969299,0.8491937518119812,0.9369936585426331,0.8415783643722534,0.9192413091659546,0.83404141664505,0.9141499996185303,0.826469361782074,0.9067167639732361,0.8178390860557556,0.8878035545349121,0.8082761168479919,0.878344714641571,0.8022873401641846,0.8865075707435608,0.7924237847328186,0.8727666139602661,0.7807161808013916,0.8564189672470093,0.7718586325645447,0.8498091697692871,0.7621425986289978,0.8382044434547424,0.7495105266571045,0.8364295959472656,0.7415826320648193,0.8191810250282288,0.7327147722244263,0.813845157623291,0.7216110825538635,0.7998514175415039,0.7127892374992371,0.7991722226142883,0.699141263961792,0.790558397769928,0.6890919804573059,0.7742699980735779,0.6775684356689453,0.7696707844734192,0.665499210357666,0.7559143304824829,0.660430371761322,0.7475829720497131,0.6463125348091125,0.739412784576416,0.6364754438400269
kcorr royal-energy-58,kcorr,94,0,0.10000000149011612,4.482032522901136e-07,0.9999509453773499,0.9998352527618408,0.9992415308952332,0.9995856881141663,0.9984835386276245,0.9993689060211182,0.997934877872467,0.9986334443092346,0.9962802529335022,0.998231053352356,0.9947164058685303,0.9970710277557373,0.9927285313606262,0.9963648319244385,0.9901238083839417,0.9952669143676758,0.987342894077301,0.9942415356636047,0.985126256942749,0.9927194118499756,0.9809606075286865,0.9907023906707764,0.9773737788200378,0.9895208477973938,0.9716224074363708,0.9869659543037415,0.9675471186637878,0.9851760864257812,0.9634634256362915,0.9835323095321655,0.9585192799568176,0.979972243309021,0.9513320922851562,0.9783833026885986,0.9427655339241028,0.9750643968582153,0.937464714050293,0.9718282222747803,0.9278993606567383,0.9689130783081055,0.9217805862426758,0.965811014175415,0.9113244414329529,0.9622204899787903,0.8989589810371399,0.9592462778091431,0.8899686336517334,0.9563853144645691,0.8792301416397095,0.9515736103057861,0.8684954643249512,0.947733461856842,0.8547468185424805,0.9446411728858948,0.8407474756240845,0.9375512003898621,0.8304159641265869,0.9332608580589294,0.8156962990760803,0.9273572564125061,0.8006270527839661,0.923970639705658,0.7828665971755981,0.9177415370941162,0.7704305648803711,0.9118607044219971,0.7506901025772095,0.9041197896003723,0.7357258200645447,0.8972110152244568,0.722622275352478,0.8907175660133362,0.7027279138565063,0.885036289691925,0.6813541054725647,0.8732745051383972,0.6678375601768494,0.8680790662765503,0.6445863842964172,0.8600403666496277,0.6319533586502075,0.8495151996612549,0.6119450926780701,0.8428033590316772,0.5920318365097046,0.8319185376167297,0.5701926350593567,0.8200550079345703,0.553123950958252,0.8089119791984558,0.5339744687080383,0.7939873933792114,0.5221964120864868,0.7858158946037292,0.5042694211006165,0.7700894474983215,0.48134472966194153,0.7621996402740479,0.4636177122592926,0.741829514503479,0.4379298686981201,0.7243133783340454,0.4273906648159027,0.7099934816360474,0.4081515371799469,0.6956992149353027,0.39665156602859497,0.66987144947052,0.3764705955982208,0.6573901772499084,0.3586117625236511,0.6375206112861633,0.3431267738342285,0.6197400093078613,0.3290717601776123,0.6004568934440613,0.3114240765571594,0.5770289301872253,0.294715017080307,0.5553005933761597,0.28909727931022644,0.5395491123199463,0.2739718556404114,0.5219081044197083,0.2632293999195099,0.4985799491405487
kcorr royal-energy-58,kcorr,94,12,0.3204081654548645,4.430390163179254e-06,1.0037989616394043,0.9998356103897095,1.004745364189148,0.9995883703231812,1.0048547983169556,0.9993789792060852,1.004654049873352,0.9986268281936646,1.0026986598968506,0.9982805252075195,1.0008522272109985,0.997011125087738,0.9985482692718506,0.99627286195755,0.9947569966316223,0.9952396750450134,0.9914443492889404,0.9941665530204773,0.9881930947303772,0.9925708174705505,0.983863890171051,0.9908549785614014,0.9794796705245972,0.9891222715377808,0.9730541110038757,0.9869677424430847,0.9684329032897949,0.9848774075508118,0.9658216238021851,0.9832929372787476,0.9585973620414734,0.9798893332481384,0.9533765912055969,0.9778738021850586,0.9409564733505249,0.9744671583175659,0.9371258616447449,0.9709907174110413,0.9288445115089417,0.9686987400054932,0.9178711175918579,0.9648869037628174,0.9026263952255249,0.9610824584960938,0.8945512175559998,0.9578165411949158,0.879554033279419,0.9540350437164307,0.8611334562301636,0.9489201307296753,0.8466083407402039,0.9439530968666077,0.8260023593902588,0.9393914937973022,0.8048497438430786,0.93412846326828,0.7877627015113831,0.9290515184402466,0.7666604518890381,0.9244102835655212,0.7520397901535034,0.9178239107131958,0.7274921536445618,0.9131456613540649,0.712207555770874,0.9044511318206787,0.6953756213188171,0.8982657790184021,0.6733639240264893,0.8918462991714478,0.662440299987793,0.8874788880348206,0.6398465633392334,0.8764427304267883,0.6258277297019958,0.8685163855552673,0.6067020297050476,0.8613967895507812,0.591143786907196,0.8510533571243286,0.5803356170654297,0.846407413482666,0.5640416145324707,0.8350452184677124,0.5513489246368408,0.8250353336334229,0.5365908145904541,0.8152104020118713,0.5235357284545898,0.8090952038764954,0.5070655941963196,0.7959774732589722,0.4957493841648102,0.784466028213501,0.48703518509864807,0.7778955101966858,0.4669788181781769,0.7663084864616394,0.4506942629814148,0.7503539323806763,0.43844276666641235,0.7415779232978821,0.42638689279556274,0.7292813658714294,0.4145565629005432,0.7204927802085876,0.40350577235221863,0.7067468166351318,0.3883219361305237,0.693608820438385,0.37689223885536194,0.6837351322174072,0.36686164140701294,0.6669434905052185,0.35855692625045776,0.658646821975708,0.34684568643569946,0.640516459941864,0.33822184801101685,0.6288313865661621,0.3284406363964081,0.6144586205482483,0.3210974335670471,0.6014001369476318,0.31068935990333557,0.589745819568634
kcorr royal-energy-58,kcorr,94,24,0.5408163070678711,1.1464935596450232e-05,1.002787709236145,0.9998356103897095,1.0035483837127686,0.9995917081832886,1.003718614578247,0.9993907809257507,1.0040823221206665,0.9986249804496765,1.0031695365905762,0.9982974529266357,1.0026885271072388,0.9969877600669861,1.0028941631317139,0.9961903691291809,1.0014029741287231,0.9952000975608826,1.0016348361968994,0.994092583656311,1.0007073879241943,0.9924787878990173,1.0010850429534912,0.9909880757331848,1.0018119812011719,0.9888780117034912,1.0012171268463135,0.9872515797615051,1.0004935264587402,0.9847062826156616,1.001383900642395,0.9832268357276917,1.0022355318069458,0.9799663424491882,1.0043423175811768,0.9775730967521667,1.0039329528808594,0.9739305973052979,1.0049406290054321,0.970976710319519,1.0046066045761108,0.9686682224273682,1.0040050745010376,0.9648298621177673,1.0021207332611084,0.9610454440116882,1.0041489601135254,0.95782870054245,0.995517909526825,0.9530794024467468,0.9860126376152039,0.9483015537261963,0.977759063243866,0.9436546564102173,0.9729365110397339,0.938838005065918,0.9641222953796387,0.9321082234382629,0.9534260630607605,0.9277527332305908,0.9441230893135071,0.9224227070808411,0.9336013197898865,0.9154097437858582,0.9246177673339844,0.9114499688148499,0.9139137268066406,0.9021161794662476,0.9027016162872314,0.8975515365600586,0.8865879774093628,0.8900223970413208,0.8814904093742371,0.8843672871589661,0.8715334534645081,0.8754432797431946,0.860020637512207,0.8684441447257996,0.8533115983009338,0.8611215353012085,0.8421320915222168,0.8530805706977844,0.8340034484863281,0.8447838425636292,0.8290517926216125,0.837069571018219,0.8107854723930359,0.8263313174247742,0.8155180811882019,0.816501259803772,0.7946586012840271,0.8084722757339478,0.796919047832489,0.8008214831352234,0.782910943031311,0.788948118686676,0.7794857025146484,0.7796823978424072,0.7682453989982605,0.7663965225219727,0.7553057670593262,0.7570450305938721,0.7507311105728149,0.7523674964904785,0.7338371276855469,0.7358982563018799,0.7284458875656128,0.7290346026420593,0.7235146164894104,0.7168452143669128,0.7119110226631165,0.7110447287559509,0.7043012976646423,0.6979514956474304,0.6985138654708862,0.6842970252037048,0.6812909841537476,0.6741805672645569,0.6753771901130676,0.665581464767456,0.6711864471435547,0.6577093601226807,0.6657220721244812,0.6446357369422913,0.6561886072158813,0.6373946666717529,0.6506993770599365,0.6304521560668945
kcorr royal-energy-58,kcorr,94,37,0.7795918583869934,1.9625133063527755e-05,1.00108802318573,0.9998362064361572,1.0012342929840088,0.9995941519737244,1.0009381771087646,0.9994027018547058,1.0009528398513794,0.9986364245414734,1.000143051147461,0.9983006715774536,0.9999568462371826,0.9969989657402039,1.0003756284713745,0.9961322546005249,0.9997972249984741,0.9951812028884888,1.0010465383529663,0.9940661191940308,1.00113046169281,0.9924134016036987,1.0026638507843018,0.9910376667976379,1.0054250955581665,0.988959550857544,1.007215142250061,0.9874048829078674,1.005446434020996,0.9846757650375366,1.0096970796585083,0.9833424091339111,1.0119779109954834,0.9802684783935547,1.0127464532852173,0.9773446321487427,1.0206024646759033,0.9738354086875916,1.0219378471374512,0.9710937738418579,1.023697018623352,0.968140721321106,1.0298032760620117,0.9654319882392883,1.0327714681625366,0.9609636664390564,1.0360145568847656,0.9578924179077148,1.0358914136886597,0.9534700512886047,1.0359984636306763,0.9482595920562744,1.0302971601486206,0.9438292384147644,1.0274280309677124,0.940412163734436,1.0288392305374146,0.9340907335281372,1.0265942811965942,0.9293720126152039,1.0170034170150757,0.9241897463798523,1.0156378746032715,0.9159790277481079,1.0044395923614502,0.9117674827575684,0.9940417408943176,0.9071449637413025,0.992719829082489,0.9012057781219482,0.977690577507019,0.8920665383338928,0.973027229309082,0.8856074213981628,0.9722482562065125,0.8793641328811646,0.9547804594039917,0.8713501691818237,0.94343501329422,0.866020917892456,0.9368560910224915,0.8599456548690796,0.9284830093383789,0.8500871658325195,0.9229645729064941,0.84183269739151,0.9107475280761719,0.8331595063209534,0.902654230594635,0.8253433108329773,0.8938469886779785,0.8127967715263367,0.8807693123817444,0.807534396648407,0.8788323998451233,0.802010178565979,0.870673418045044,0.7888770699501038,0.8604561686515808,0.7766243815422058,0.851041316986084,0.7720624804496765,0.8400474786758423,0.7626546621322632,0.829460859298706,0.7474502325057983,0.8140808343887329,0.7367153763771057,0.8095372319221497,0.726193368434906,0.8022726774215698,0.7134893536567688,0.7994542121887207,0.7071980237960815,0.7876027822494507,0.6972819566726685,0.786762535572052,0.6813714504241943,0.7672064304351807,0.6755446195602417,0.7639107704162598,0.6627568006515503,0.7521942257881165,0.6568968296051025,0.741378903388977,0.6450163722038269,0.7331808805465698,0.6337247490882874
kcorr royal-energy-58,kcorr,94,49,1.0,2.6106670702574775e-05,1.0002591609954834,0.9998364448547363,1.0000287294387817,0.9995960593223572,0.9993876218795776,0.9994100332260132,0.998988151550293,0.9986433386802673,0.997712254524231,0.9982963800430298,0.9972435235977173,0.9970117807388306,0.9971697330474854,0.996090292930603,0.9961265325546265,0.9951417446136475,0.9970013499259949,0.9940119385719299,0.9970160126686096,0.9923277497291565,0.9972624182701111,0.990993082523346,0.9999967813491821,0.9891399145126343,1.001466989517212,0.9873193502426147,0.9979151487350464,0.9844327569007874,1.0023285150527954,0.9831534624099731,1.0024511814117432,0.9805183410644531,1.0023270845413208,0.9771290421485901,1.009881854057312,0.9738857746124268,1.0122159719467163,0.9708257913589478,1.0124095678329468,0.9675768613815308,1.0202295780181885,0.9649425745010376,1.02268648147583,0.9598618745803833,1.0256484746932983,0.9569480419158936,1.0289249420166016,0.9524511694908142,1.0285966396331787,0.9473240971565247,1.0262091159820557,0.9425885677337646,1.023829698562622,0.9390131235122681,1.0278685092926025,0.9329007863998413,1.0270870923995972,0.9294096827507019,1.0195343494415283,0.9232407808303833,1.0239399671554565,0.9155681729316711,1.011912226676941,0.910971462726593,1.0081268548965454,0.9060190320014954,0.9990165829658508,0.9003573060035706,0.9918031096458435,0.8933231830596924,0.9868708252906799,0.8855950236320496,0.9821282625198364,0.8789201974868774,0.9725257158279419,0.8709721565246582,0.9600400328636169,0.8657793402671814,0.9554151296615601,0.8576269149780273,0.9488560557365417,0.8528382778167725,0.9394532442092896,0.8419904708862305,0.936273455619812,0.8357024788856506,0.9243069887161255,0.8293190598487854,0.9181246757507324,0.8187248110771179,0.9063541293144226,0.8087354302406311,0.891781210899353,0.8013819456100464,0.8872286081314087,0.7889552712440491,0.8800829648971558,0.7784497141838074,0.8695065975189209,0.7718695998191833,0.8576083183288574,0.762383759021759,0.8409909009933472,0.7504303455352783,0.8395841121673584,0.739876389503479,0.8278999924659729,0.7301127314567566,0.8106732368469238,0.7165131568908691,0.8080276250839233,0.7089588642120361,0.8023629188537598,0.6985176801681519,0.7962906956672668,0.6831086874008179,0.7809504270553589,0.6753406524658203,0.7894585132598877,0.6642045974731445,0.7710708975791931,0.6558251976966858,0.7611469030380249,0.6425613164901733,0.7663813829421997,0.6319480538368225
cnn volcanic-plasma-59,cnn,90,0,0.10000000149011612,4.493977598940546e-07,0.9996247887611389,0.9998855590820312,0.9990619421005249,0.9997053146362305,0.998651385307312,0.9992582201957703,0.9980437159538269,0.9987940192222595,0.9962616562843323,0.9981731176376343,0.9942713975906372,0.9970660209655762,0.9929861426353455,0.9962749481201172,0.9911168217658997,0.9951550364494324,0.9883249998092651,0.9938920140266418,0.9844130277633667,0.9919799566268921,0.9814531207084656,0.9905539155006409,0.9770860075950623,0.9892797470092773,0.973903477191925,0.987064003944397,0.9668521285057068,0.9851991534233093,0.9633346199989319,0.982094943523407,0.9581320285797119,0.9804798364639282,0.9516067504882812,0.9778321981430054,0.9416742920875549,0.9756507873535156,0.9343863129615784,0.9736078381538391,0.9278383851051331,0.9696336388587952,0.920342206954956,0.9658869504928589,0.9090486764907837,0.9626152515411377,0.9001149535179138,0.95814448595047,0.8903138637542725,0.9555709958076477,0.87709641456604,0.9515640735626221,0.8680778741836548,0.9489707946777344,0.8538545966148376,0.942608654499054,0.8439564108848572,0.9375441670417786,0.8280670642852783,0.9325384497642517,0.8141354918479919,0.9286152124404907,0.7987403273582458,0.9233160018920898,0.783096969127655,0.9168729782104492,0.7675601840019226,0.911779522895813,0.7530744075775146,0.9031558632850647,0.7329161167144775,0.897239089012146,0.7173640727996826,0.8895061612129211,0.7000705599784851,0.8818007111549377,0.6817108988761902,0.8761674761772156,0.6674864292144775,0.8690665364265442,0.6459501385688782,0.8621163964271545,0.6276248097419739,0.8506776690483093,0.6103746294975281,0.8406901955604553,0.5932689905166626,0.829865038394928,0.5677503347396851,0.8194347023963928,0.5569744110107422,0.8076545596122742,0.5368784070014954,0.7975847125053406,0.5120584964752197,0.787216067314148,0.4934205114841461,0.7697207927703857,0.4831307828426361,0.7558943033218384,0.45932498574256897,0.7390443682670593,0.4405156075954437,0.726232647895813,0.42722466588020325,0.7128148078918457,0.40599918365478516,0.6902660131454468,0.39305800199508667,0.6735799908638,0.3729797303676605,0.6577234268188477,0.3564898371696472,0.6389320492744446,0.34355056285858154,0.6142917275428772,0.3265867531299591,0.5993048548698425,0.3106793463230133,0.578055739402771,0.2986028790473938,0.55653315782547,0.2818987965583801,0.5291678309440613,0.2734775245189667,0.5134267807006836,0.2618306279182434,0.4955260455608368
cnn volcanic-plasma-59,cnn,90,12,0.3204081654548645,3.4295080695301294e-06,0.9998874664306641,0.9999570846557617,0.998863160610199,0.9998675584793091,1.000977635383606,0.9996389746665955,0.9997191429138184,0.9994413256645203,1.001319169998169,0.9991812705993652,1.002477765083313,0.9986497759819031,1.0033494234085083,0.9983235001564026,1.0025644302368164,0.9977774024009705,1.004177451133728,0.9972066283226013,1.0054305791854858,0.9963593482971191,1.0033260583877563,0.9956671595573425,1.000523567199707,0.9950165152549744,1.0042012929916382,0.9940652251243591,1.0006803274154663,0.993385910987854,1.002598524093628,0.9919907450675964,1.0031248331069946,0.9912784099578857,0.9968383312225342,0.9896950721740723,0.9898017048835754,0.9885826706886292,0.987328052520752,0.9871547222137451,0.9855058789253235,0.9854609370231628,0.9821190237998962,0.9835469722747803,0.9708595871925354,0.9815276265144348,0.9656044840812683,0.9795950055122375,0.9595387578010559,0.9768472909927368,0.9496095180511475,0.9751333594322205,0.9392490983009338,0.9728794693946838,0.9283789992332458,0.9691287279129028,0.9175277948379517,0.9665743112564087,0.9065386056900024,0.9632999897003174,0.8938325047492981,0.9588515162467957,0.880139946937561,0.9550811648368835,0.8641355633735657,0.9513428807258606,0.8562040328979492,0.9473409652709961,0.8343250751495361,0.9410526752471924,0.8177497386932373,0.937717080116272,0.8117575645446777,0.9313929080963135,0.7874089479446411,0.925358235836029,0.7815933227539062,0.9218009114265442,0.7628607749938965,0.9163339734077454,0.7469408512115479,0.9094579219818115,0.727595865726471,0.90276038646698,0.7169374823570251,0.8958410620689392,0.7033920288085938,0.887040376663208,0.685070812702179,0.8813837170600891,0.6741424202919006,0.8748294711112976,0.6579035520553589,0.8665318489074707,0.643454909324646,0.8572549223899841,0.6268847584724426,0.8483775854110718,0.6176936030387878,0.8396741151809692,0.601874828338623,0.8321928977966309,0.5838176608085632,0.8231316804885864,0.5765457153320312,0.8124760389328003,0.5621423125267029,0.8033289909362793,0.5508537292480469,0.7927488684654236,0.5401604175567627,0.7841355204582214,0.5225575566291809,0.7749549150466919,0.5106503367424011,0.7633715271949768,0.5005531907081604,0.752681314945221,0.48653537034988403,0.7380662560462952,0.4779755175113678,0.7302936315536499,0.4704524874687195,0.723270833492279,0.45897337794303894,0.7134848237037659,0.4511910080909729,0.6992437839508057
cnn volcanic-plasma-59,cnn,90,24,0.5408163070678711,7.787096365063917e-06,0.9992516040802002,0.9999849796295166,0.9985109567642212,0.999940037727356,1.0018445253372192,0.999825656414032,1.0000299215316772,0.9997348189353943,1.004115104675293,0.9996240735054016,1.008035659790039,0.9993882775306702,1.010233998298645,0.9992269277572632,1.0112719535827637,0.9990078806877136,1.0162711143493652,0.9987561702728271,1.0197981595993042,0.998328685760498,1.0201077461242676,0.9980621933937073,1.0187578201293945,0.9977040886878967,1.0275079011917114,0.9971745014190674,1.0283018350601196,0.9969708919525146,1.0337328910827637,0.9963549375534058,1.0366288423538208,0.995905876159668,1.037760853767395,0.9953272342681885,1.0300160646438599,0.9943519234657288,1.037284016609192,0.9936563968658447,1.0387616157531738,0.992906928062439,1.0402066707611084,0.9915174841880798,1.0371601581573486,0.9906728267669678,1.0391484498977661,0.9898607730865479,1.0360218286514282,0.9883794188499451,1.0336772203445435,0.9873860478401184,1.0267465114593506,0.985640823841095,1.026499629020691,0.9838115572929382,1.0267479419708252,0.9822636842727661,1.0160815715789795,0.9805455207824707,1.010387659072876,0.9784697890281677,1.01107919216156,0.9763723611831665,1.0035556554794312,0.9738884568214417,1.0012707710266113,0.9713110327720642,0.9910662770271301,0.9687405228614807,0.9809716939926147,0.9657101631164551,0.9837866425514221,0.9640174508094788,0.9695798754692078,0.9597669839859009,0.9696679711341858,0.9574234485626221,0.9608960747718811,0.953938901424408,0.9576475024223328,0.9498435854911804,0.9401859641075134,0.946577250957489,0.9401254057884216,0.9436205625534058,0.9302645921707153,0.9398266077041626,0.9272409081459045,0.9363564848899841,0.9219568371772766,0.9320506453514099,0.9151818156242371,0.927299976348877,0.9018371105194092,0.9230805039405823,0.8890085816383362,0.9194592833518982,0.8940015435218811,0.9145132303237915,0.87687087059021,0.911263644695282,0.8712494969367981,0.906995415687561,0.8628618121147156,0.900769829750061,0.865493893623352,0.8961296677589417,0.8597931265830994,0.8908950090408325,0.8466364145278931,0.886612594127655,0.8405697345733643,0.882226288318634,0.8272197842597961,0.8752298951148987,0.8177171945571899,0.870322048664093,0.8113632798194885,0.8664224743843079,0.8044935464859009,0.8610102534294128,0.7995378375053406,0.8581758141517639,0.7925251722335815,0.8521474599838257,0.7838360667228699,0.8472763299942017
cnn volcanic-plasma-59,cnn,90,37,0.7795918583869934,1.287327177124098e-05,0.9982292652130127,0.9999938607215881,0.9976116418838501,0.9999703764915466,1.0010560750961304,0.9999160170555115,0.9986650943756104,0.9998468160629272,1.003586769104004,0.9997709393501282,1.008908748626709,0.9996584057807922,1.0103288888931274,0.9995007514953613,1.0122439861297607,0.9993776679039001,1.0182901620864868,0.9991922974586487,1.0204498767852783,0.9989575147628784,1.0216952562332153,0.9986569285392761,1.017808437347412,0.9982911348342896,1.0286917686462402,0.997923731803894,1.0298349857330322,0.9975338578224182,1.0364758968353271,0.9969255924224854,1.0348151922225952,0.9964593648910522,1.0397346019744873,0.9961256980895996,1.0330190658569336,0.995083749294281,1.041701078414917,0.9942694902420044,1.041310429573059,0.9936602115631104,1.0411770343780518,0.9917258620262146,1.0406731367111206,0.9911433458328247,1.0450536012649536,0.9903815984725952,1.043495774269104,0.9890797734260559,1.0454972982406616,0.9874867796897888,1.0335832834243774,0.9863643646240234,1.0382989645004272,0.9848170280456543,1.038936734199524,0.9829116463661194,1.0289363861083984,0.9809971451759338,1.0229541063308716,0.979885995388031,1.0239851474761963,0.977687656879425,1.0130034685134888,0.9754654765129089,1.0072107315063477,0.972723662853241,1.0133918523788452,0.9712872505187988,0.9992547631263733,0.9685936570167542,0.9981344938278198,0.9669065475463867,0.9885057806968689,0.9638404846191406,0.9862541556358337,0.9613292813301086,0.9768146872520447,0.9581766128540039,0.9762353897094727,0.9551386833190918,0.9632172584533691,0.9517208337783813,0.9623480439186096,0.9493552446365356,0.9559968709945679,0.9475699067115784,0.9448135495185852,0.9426119923591614,0.9394282102584839,0.9393181204795837,0.9352395534515381,0.9352597594261169,0.927991509437561,0.9304855465888977,0.9182381629943848,0.9277396202087402,0.9182552695274353,0.9239680171012878,0.9045237898826599,0.9199252724647522,0.8924221396446228,0.915373682975769,0.884169340133667,0.9121678471565247,0.8887601494789124,0.9082908034324646,0.8705311417579651,0.9027231931686401,0.8647903800010681,0.8980295658111572,0.8558769226074219,0.8929538130760193,0.8592398762702942,0.8880202174186707,0.8391610980033875,0.8820057511329651,0.8387800455093384,0.8793104290962219,0.8369306325912476,0.8746837973594666,0.8333995938301086,0.8693721294403076,0.8234735131263733,0.8602622151374817,0.8065735101699829,0.8595244884490967
cnn volcanic-plasma-59,cnn,90,49,1.0,1.718703242659103e-05,0.9974213242530823,0.9999932050704956,0.9967710375785828,0.9999688267707825,1.0000017881393433,0.9999275207519531,0.9971982836723328,0.9998266100883484,1.0020514726638794,0.9997116923332214,1.0078049898147583,0.999579668045044,1.0083022117614746,0.999302864074707,1.0102286338806152,0.9990717768669128,1.0170166492462158,0.9987934231758118,1.0170109272003174,0.9984007477760315,1.018539547920227,0.9978895783424377,1.011953353881836,0.9972575902938843,1.0229673385620117,0.9968641996383667,1.0235941410064697,0.9959192872047424,1.0329647064208984,0.9948332905769348,1.0256431102752686,0.9940483570098877,1.0282082557678223,0.993219256401062,1.0237804651260376,0.9917876124382019,1.0309512615203857,0.9901716709136963,1.0297297239303589,0.9894284605979919,1.0301412343978882,0.98667311668396,1.022465705871582,0.9853222370147705,1.0300242900848389,0.9842749238014221,1.028001308441162,0.9819539785385132,1.0308066606521606,0.9801041483879089,1.0179882049560547,0.9780465364456177,1.0226287841796875,0.9757167100906372,1.0231422185897827,0.9734264612197876,1.0170990228652954,0.9697999358177185,1.0051523447036743,0.9687429666519165,1.0102810859680176,0.9655570387840271,0.9989264011383057,0.9624314904212952,0.9918010830879211,0.9584130048751831,0.9881341457366943,0.956798255443573,0.9809259176254272,0.9530940651893616,0.9785233736038208,0.9485347270965576,0.9757238626480103,0.9464498162269592,0.9673876762390137,0.9432685375213623,0.957320511341095,0.9391274452209473,0.9561450481414795,0.9350748658180237,0.9322148561477661,0.9315729737281799,0.9404924511909485,0.9269793033599854,0.9261776804924011,0.924472987651825,0.922919511795044,0.9209582209587097,0.9165042638778687,0.9154879450798035,0.9021027684211731,0.9118489027023315,0.8878369927406311,0.905315637588501,0.8864636421203613,0.8998594880104065,0.8823414444923401,0.8943268060684204,0.8727629780769348,0.890704333782196,0.8692583441734314,0.8860104084014893,0.8550158739089966,0.8783632516860962,0.8439586758613586,0.8747248649597168,0.8425225615501404,0.8701079487800598,0.8285844326019287,0.8627275824546814,0.8174958825111389,0.8559068441390991,0.8165262341499329,0.8508513569831848,0.8005250692367554,0.8427188396453857,0.7901764512062073,0.8401766419410706,0.7875391244888306,0.8358384966850281,0.7781093716621399,0.8247556686401367,0.7719717621803284,0.8195357322692871,0.7648319602012634,0.8150343894958496
cnn volcanic-plasma-59,cnn,91,0,0.10000000149011612,4.520675247476902e-07,0.9996590614318848,0.9998193383216858,0.9992916584014893,0.9995725750923157,0.9984554648399353,0.999062716960907,0.9975648522377014,0.9985459446907043,0.9965081214904785,0.9979867935180664,0.99476557970047,0.9972633123397827,0.9925091862678528,0.996039628982544,0.9908832907676697,0.9950865507125854,0.9879046678543091,0.9935905337333679,0.9848684668540955,0.9925700426101685,0.9803516864776611,0.9914736747741699,0.9781332612037659,0.9890917539596558,0.9732075929641724,0.9870558977127075,0.9681700468063354,0.9852268099784851,0.9619932174682617,0.9833869934082031,0.9585204720497131,0.9806092977523804,0.9507883191108704,0.9774348139762878,0.9441972970962524,0.9750791788101196,0.9377885460853577,0.9727153182029724,0.926918625831604,0.9693155288696289,0.9192095994949341,0.9668499231338501,0.911249041557312,0.9630541205406189,0.90085768699646,0.9583295583724976,0.8902449011802673,0.9550027847290039,0.8756657242774963,0.9516446590423584,0.8682932257652283,0.9466345310211182,0.8540216684341431,0.9435634613037109,0.8423269391059875,0.9386911392211914,0.8276069760322571,0.9349480271339417,0.8136981129646301,0.9267591238021851,0.7989779114723206,0.9232982397079468,0.7815249562263489,0.91765958070755,0.7697202563285828,0.9103266000747681,0.7506253123283386,0.9031520485877991,0.7343251705169678,0.8977115750312805,0.7219168543815613,0.8908060193061829,0.7001439332962036,0.885635495185852,0.6853392124176025,0.8777278661727905,0.6657658815383911,0.8691736459732056,0.6471025347709656,0.8574368357658386,0.6286436319351196,0.8510192632675171,0.614940345287323,0.8418163657188416,0.5875623822212219,0.8301114439964294,0.5713642239570618,0.8221839666366577,0.5544378161430359,0.8097805380821228,0.5367878079414368,0.7942975759506226,0.5187245607376099,0.7808579802513123,0.4974808990955353,0.7720083594322205,0.48036646842956543,0.7594044804573059,0.46082785725593567,0.7442312836647034,0.44579291343688965,0.7286385297775269,0.42419126629829407,0.7106131315231323,0.40733492374420166,0.6966648697853088,0.38739386200904846,0.6697995066642761,0.376337468624115,0.6542661786079407,0.35575345158576965,0.6358247399330139,0.34420087933540344,0.6174814105033875,0.3263358771800995,0.5967152118682861,0.3114355206489563,0.5754934549331665,0.30129531025886536,0.5546333193778992,0.28082478046417236,0.5391969680786133,0.27050691843032837,0.5169153213500977,0.26153290271759033,0.4989177882671356
cnn volcanic-plasma-59,cnn,91,12,0.3204081654548645,3.4254790080012754e-06,0.9984033703804016,0.999906599521637,0.9993921518325806,0.9998069405555725,0.9994045495986938,0.9996253848075867,0.999618649482727,0.999387800693512,1.002107858657837,0.9990971684455872,1.000879168510437,0.9987727999687195,1.002199649810791,0.9982650279998779,1.001922607421875,0.9977319836616516,1.0044727325439453,0.9970595836639404,1.0037072896957397,0.9966990351676941,1.0039831399917603,0.9962494373321533,1.005178689956665,0.9952458143234253,1.0029627084732056,0.9941999316215515,1.0029016733169556,0.9932509660720825,1.0000593662261963,0.9924264550209045,1.0017306804656982,0.9914289712905884,0.9977317452430725,0.9898350834846497,0.9965403079986572,0.9883230924606323,0.9967508316040039,0.9871845841407776,0.9820462465286255,0.9850420951843262,0.9787322878837585,0.9839255809783936,0.974629819393158,0.9817399978637695,0.970156192779541,0.9791110754013062,0.9599014520645142,0.9772789478302002,0.9490764141082764,0.9750252962112427,0.9405882954597473,0.9724840521812439,0.9266777634620667,0.9687119126319885,0.9175631403923035,0.9672931432723999,0.9079827070236206,0.9634974598884583,0.89100182056427,0.9595385789871216,0.8823999166488647,0.9554045796394348,0.8656095266342163,0.9518263936042786,0.8537130951881409,0.9466751217842102,0.8333876729011536,0.9430229067802429,0.8231401443481445,0.9367284178733826,0.8127551078796387,0.9329790472984314,0.7920029163360596,0.9258975982666016,0.7835813164710999,0.9211754202842712,0.7690697312355042,0.9171172380447388,0.7493187785148621,0.9093295931816101,0.7346362471580505,0.9039998054504395,0.7164453268051147,0.896638810634613,0.7004631757736206,0.888480007648468,0.6889816522598267,0.8816782236099243,0.6746657490730286,0.8734345436096191,0.6603172421455383,0.8659185767173767,0.6459793448448181,0.8578531742095947,0.6327254176139832,0.8508896827697754,0.6161157488822937,0.8427553176879883,0.6056404709815979,0.8328145146369934,0.5857922434806824,0.8240702152252197,0.5748081207275391,0.8164547085762024,0.5662086009979248,0.8019619584083557,0.5502463579177856,0.7925797700881958,0.5420942902565002,0.783225417137146,0.5245134234428406,0.7753422260284424,0.5160641074180603,0.7616105675697327,0.5025205612182617,0.7546950578689575,0.4962955117225647,0.740176260471344,0.47592002153396606,0.7367050051689148,0.4687287509441376,0.7224634885787964,0.4632270336151123,0.7152939438819885,0.44854018092155457,0.7093774676322937
cnn volcanic-plasma-59,cnn,91,24,0.5408163070678711,7.76935394242173e-06,0.9969183802604675,0.9999552965164185,0.9985373020172119,0.9999194145202637,0.9995163679122925,0.9998564720153809,1.0007212162017822,0.9997357130050659,1.0047633647918701,0.9995794296264648,1.004423975944519,0.9994340538978577,1.008175253868103,0.9991541504859924,1.0090991258621216,0.9989387392997742,1.0165891647338867,0.9987069964408875,1.0163238048553467,0.9985056519508362,1.0220757722854614,0.9982857704162598,1.0215898752212524,0.9978039264678955,1.0245152711868286,0.9974294304847717,1.0275603532791138,0.9968165159225464,1.0290303230285645,0.996499240398407,1.0351163148880005,0.9959315061569214,1.0376845598220825,0.9951914548873901,1.0398231744766235,0.9943684935569763,1.0403316020965576,0.9937196373939514,1.0337752103805542,0.9927376508712769,1.0384432077407837,0.991862416267395,1.0396775007247925,0.9909719824790955,1.0383009910583496,0.9895963072776794,1.0376194715499878,0.9882665872573853,1.0387617349624634,0.9869456887245178,1.0288488864898682,0.9853588342666626,1.0281450748443604,0.9834675192832947,1.019528865814209,0.9818998575210571,1.0239603519439697,0.9803367853164673,1.0141510963439941,0.9785472750663757,1.0091915130615234,0.9757601022720337,1.0001325607299805,0.9735134840011597,0.9987744688987732,0.9705604910850525,0.9891014695167542,0.9695652723312378,0.9810431599617004,0.9655821919441223,0.9737772941589355,0.9634283185005188,0.9682853817939758,0.9598191976547241,0.9688652157783508,0.9571524858474731,0.955712616443634,0.9535468220710754,0.9512911438941956,0.9501848220825195,0.9419999718666077,0.9464862942695618,0.9342676401138306,0.9437774419784546,0.9301565885543823,0.9396637082099915,0.9175528883934021,0.9367470741271973,0.9111027121543884,0.9310916662216187,0.9080705642700195,0.9281879663467407,0.8992834091186523,0.9236047863960266,0.8844245672225952,0.9174844026565552,0.8781484961509705,0.9140591025352478,0.8696539402008057,0.9088428020477295,0.8658220767974854,0.9045090079307556,0.8606523871421814,0.9006766080856323,0.8562647104263306,0.8939842581748962,0.8460341691970825,0.8886385560035706,0.8432734608650208,0.885913074016571,0.8319072127342224,0.8799179196357727,0.8175488114356995,0.8731271624565125,0.8120856285095215,0.869045615196228,0.8070333003997803,0.8618162870407104,0.7920830249786377,0.8595201373100281,0.7895208597183228,0.8536242246627808,0.787693977355957,0.8494244813919067,0.7691293358802795,0.8428457379341125
cnn volcanic-plasma-59,cnn,91,37,0.7795918583869934,1.283929123019334e-05,0.9950789213180542,0.9999836087226868,0.9972007274627686,0.9999685287475586,0.9988012909889221,0.999922513961792,1.0001006126403809,0.9998617768287659,1.0041859149932861,0.9997560977935791,1.0040571689605713,0.9996679425239563,1.0083264112472534,0.9994005560874939,1.0079835653305054,0.9993386268615723,1.0192248821258545,0.9991664290428162,1.016579508781433,0.9990537166595459,1.0260798931121826,0.9987635612487793,1.0219427347183228,0.9982730150222778,1.0257737636566162,0.9981116056442261,1.0268661975860596,0.9975149631500244,1.0316704511642456,0.9972266554832458,1.0375301837921143,0.9964422583580017,1.0412184000015259,0.99587082862854,1.0428932905197144,0.9951755404472351,1.0399034023284912,0.9943704605102539,1.0397353172302246,0.993614673614502,1.0465075969696045,0.9927268624305725,1.0507835149765015,0.9918879866600037,1.0420112609863281,0.9906247854232788,1.047088384628296,0.9892181158065796,1.0439921617507935,0.987866997718811,1.0439482927322388,0.9861521124839783,1.0408909320831299,0.9852063059806824,1.0326112508773804,0.9829375147819519,1.0348166227340698,0.9815524220466614,1.036576509475708,0.9805012941360474,1.03033447265625,0.9781270623207092,1.0257009267807007,0.9756217002868652,1.0217695236206055,0.9728352427482605,1.009757399559021,0.9714143872261047,1.0078848600387573,0.9683559536933899,1.0071563720703125,0.9665651917457581,0.9960261583328247,0.9642335772514343,0.995766282081604,0.960867166519165,0.9888731241226196,0.9572542905807495,0.9831833243370056,0.9556471109390259,0.970734715461731,0.9521508812904358,0.9653458595275879,0.9499868154525757,0.9661029577255249,0.946606457233429,0.949769914150238,0.942857027053833,0.9467847943305969,0.9385968446731567,0.9479507207870483,0.9354288578033447,0.9387272596359253,0.9319912195205688,0.9266194701194763,0.9287533164024353,0.9220973253250122,0.9244888424873352,0.9103691577911377,0.9195672869682312,0.9099521040916443,0.9167476296424866,0.896291196346283,0.9121952652931213,0.8888695240020752,0.9065978527069092,0.8884837627410889,0.9033324718475342,0.879607081413269,0.9001217484474182,0.8803167939186096,0.8969255685806274,0.8708980083465576,0.8895905017852783,0.8586806654930115,0.8864225745201111,0.8588386178016663,0.8819728493690491,0.8528895974159241,0.8765836358070374,0.851155161857605,0.8735101819038391,0.838750422000885,0.86826491355896,0.8301116228103638,0.8644434213638306
cnn volcanic-plasma-59,cnn,91,49,1.0,1.7154474335256964e-05,0.9936407804489136,0.9999929070472717,0.9960954785346985,0.9999731183052063,0.9981118440628052,0.9998887181282043,0.9990375638008118,0.9998471736907959,1.0023669004440308,0.999701976776123,1.0026013851165771,0.9995637536048889,1.0063388347625732,0.999214768409729,1.004433274269104,0.9991183876991272,1.0169676542282104,0.9987053275108337,1.0135186910629272,0.9986935257911682,1.023789405822754,0.9980542063713074,1.0186890363693237,0.9972893595695496,1.0211430788040161,0.9969887733459473,1.0198043584823608,0.9960970282554626,1.025901436805725,0.9957237243652344,1.0305967330932617,0.9943469166755676,1.0349442958831787,0.993400514125824,1.0348173379898071,0.9924414753913879,1.030673861503601,0.9910160899162292,1.03170645236969,0.9900044798851013,1.0368069410324097,0.9883521795272827,1.043947458267212,0.9871051907539368,1.029457926750183,0.9853882193565369,1.0377999544143677,0.9837727546691895,1.0298829078674316,0.9818387031555176,1.0363004207611084,0.9796114563941956,1.0281445980072021,0.9782761335372925,1.0210468769073486,0.9754290580749512,1.019569993019104,0.9734824299812317,1.0293241739273071,0.9723755121231079,1.0144585371017456,0.9688640236854553,1.0131142139434814,0.9669291973114014,1.0108054876327515,0.9629138708114624,1.0050373077392578,0.960318922996521,0.9950259923934937,0.9568035006523132,0.9968093037605286,0.9538663625717163,0.9836553931236267,0.9519790410995483,0.9928759336471558,0.9492254853248596,0.979098916053772,0.9445943832397461,0.9770762920379639,0.9409464001655579,0.9640223383903503,0.9372125267982483,0.9578238129615784,0.9351201057434082,0.9531890749931335,0.93117356300354,0.9399653077125549,0.9266906380653381,0.9316869974136353,0.9218950867652893,0.9242138862609863,0.9167736768722534,0.9212915897369385,0.9148538112640381,0.9084033966064453,0.9098896384239197,0.9106200933456421,0.9045101404190063,0.8935489058494568,0.9002924561500549,0.8920716047286987,0.8973727226257324,0.885506808757782,0.8907309174537659,0.872294545173645,0.8866448998451233,0.8631846308708191,0.8792498707771301,0.8583712577819824,0.8780491352081299,0.853976845741272,0.8710498809814453,0.8468514084815979,0.8667935729026794,0.8323066234588623,0.8585172295570374,0.8238952159881592,0.8547562956809998,0.828963577747345,0.8485514521598816,0.8149482607841492,0.8436388969421387,0.8135523200035095,0.8371486663818359,0.8039528131484985,0.8332840800285339
cnn volcanic-plasma-59,cnn,92,0,0.10000000149011612,4.52115784810303e-07,0.9997314214706421,0.9998868703842163,0.999441385269165,0.9995929598808289,0.9982907176017761,0.9991275072097778,0.9972568154335022,0.998645544052124,0.9965959787368774,0.998233437538147,0.9944716095924377,0.9974057674407959,0.9922888278961182,0.9962031841278076,0.9901107549667358,0.9950387477874756,0.9882190823554993,0.9938931465148926,0.9840394258499146,0.9923089742660522,0.9811646938323975,0.9908872246742249,0.977295458316803,0.9889736771583557,0.9729127883911133,0.9876459836959839,0.9695162773132324,0.9852344393730164,0.9635470509529114,0.9829714894294739,0.9576687216758728,0.9803558588027954,0.9509337544441223,0.9778360724449158,0.9435106515884399,0.975498616695404,0.9357521533966064,0.9730409979820251,0.9277877807617188,0.96945720911026,0.9187089204788208,0.9668201208114624,0.9105594158172607,0.9632859826087952,0.9013360738754272,0.9593855142593384,0.888925313949585,0.9560248255729675,0.8789300322532654,0.95131516456604,0.8648898005485535,0.9466357231140137,0.8537814617156982,0.9424771666526794,0.8412514925003052,0.9377105236053467,0.8250489234924316,0.9332175850868225,0.8126336336135864,0.9281846880912781,0.7979601621627808,0.9235424399375916,0.7810834646224976,0.9174994826316833,0.76663738489151,0.912466824054718,0.7492353916168213,0.9025749564170837,0.7311596870422363,0.8968793153762817,0.7144827246665955,0.889465868473053,0.6950740218162537,0.8836699724197388,0.6834448575973511,0.8751021027565002,0.661673903465271,0.8678359389305115,0.6430949568748474,0.8576166033744812,0.6226814985275269,0.8502629399299622,0.6072177886962891,0.8404540419578552,0.5890684127807617,0.8304969072341919,0.5699474811553955,0.8183021545410156,0.5489451885223389,0.8083013296127319,0.5314564108848572,0.7953391671180725,0.508621096611023,0.7847609519958496,0.4903627038002014,0.7711400389671326,0.47787243127822876,0.75617915391922,0.4572901725769043,0.7401562333106995,0.43613362312316895,0.7231331467628479,0.42047742009162903,0.7139203548431396,0.4030402898788452,0.6916244626045227,0.3881283104419708,0.6738305687904358,0.3660591244697571,0.6568026542663574,0.3511210083961487,0.639137864112854,0.33717918395996094,0.6189666390419006,0.3178974688053131,0.5956200957298279,0.30373555421829224,0.5744968056678772,0.28830355405807495,0.5507539510726929,0.27757924795150757,0.544071614742279,0.26776790618896484,0.5146974921226501,0.25309696793556213,0.49639463424682617
cnn volcanic-plasma-59,cnn,92,12,0.3204081654548645,3.44880459124397e-06,1.0000898838043213,0.9999446272850037,1.0001946687698364,0.9998091459274292,1.0009698867797852,0.9995771646499634,0.999805212020874,0.9993830919265747,1.0018631219863892,0.9991392493247986,1.0024267435073853,0.9988644123077393,0.9995365142822266,0.9982103109359741,1.0022802352905273,0.9975596070289612,1.0026878118515015,0.9972190260887146,1.0043758153915405,0.9966194033622742,1.0016498565673828,0.9957590699195862,1.004956841468811,0.9949672818183899,1.0030280351638794,0.9946070909500122,1.0032470226287842,0.993158221244812,1.0020588636398315,0.9920075535774231,0.9990578889846802,0.9905954003334045,0.9936245679855347,0.9898074865341187,0.990946352481842,0.9882221221923828,0.9861450791358948,0.9874630570411682,0.9851078391075134,0.9854011535644531,0.9744225740432739,0.9838058352470398,0.9719566106796265,0.9818065166473389,0.9635530710220337,0.9798606634140015,0.9608249068260193,0.9770975708961487,0.9478026628494263,0.975107729434967,0.9370529055595398,0.9716325402259827,0.9326997995376587,0.9694134593009949,0.9196808934211731,0.9667218327522278,0.9034965634346008,0.9629408717155457,0.8930227756500244,0.9594438672065735,0.8790135383605957,0.9552551507949829,0.8682118058204651,0.9509372711181641,0.8533934354782104,0.9470603466033936,0.8378626704216003,0.9420434832572937,0.8214393258094788,0.9373384714126587,0.8067659139633179,0.931983232498169,0.785661518573761,0.9264092445373535,0.7814298272132874,0.9214233160018921,0.7602964639663696,0.9150882959365845,0.7467299699783325,0.9080712795257568,0.7355079650878906,0.9016703367233276,0.7174930572509766,0.892811119556427,0.6989316344261169,0.885986864566803,0.6843822002410889,0.8798696398735046,0.6743994951248169,0.8705846071243286,0.6548272967338562,0.8628405332565308,0.6407187581062317,0.8563888669013977,0.625424861907959,0.8473333716392517,0.61121666431427,0.8415310382843018,0.603540301322937,0.8308838605880737,0.5907387733459473,0.8195419907569885,0.5718176364898682,0.8135303854942322,0.5591264963150024,0.8051531314849854,0.5449248552322388,0.7942517399787903,0.5347959399223328,0.7810733914375305,0.5256486535072327,0.7726259231567383,0.5076614618301392,0.7578449845314026,0.501612663269043,0.7504905462265015,0.4842706024646759,0.7410897612571716,0.4733506143093109,0.7299112677574158,0.47078943252563477,0.7237436175346375,0.45731180906295776,0.7142142057418823,0.4532683789730072,0.7035612463951111
cnn volcanic-plasma-59,cnn,92,24,0.5408163070678711,7.815337085048668e-06,1.000213861465454,0.9999741911888123,1.0001267194747925,0.9999099373817444,1.0017045736312866,0.9998049736022949,1.0011590719223022,0.9997237920761108,1.0045973062515259,0.999565064907074,1.0081005096435547,0.9995128512382507,1.0040415525436401,0.999186098575592,1.0102211236953735,0.9988182783126831,1.0115848779678345,0.9987385869026184,1.0189515352249146,0.9984816312789917,1.0169950723648071,0.9980572462081909,1.0255368947982788,0.997734546661377,1.0272520780563354,0.9975901246070862,1.0292527675628662,0.9969080090522766,1.0328816175460815,0.9962782859802246,1.0325872898101807,0.9956223964691162,1.0357860326766968,0.995078980922699,1.0336650609970093,0.9944539666175842,1.0360625982284546,0.9938710331916809,1.0371301174163818,0.9930029511451721,1.0318872928619385,0.9918338656425476,1.0388432741165161,0.9910097718238831,1.0334153175354004,0.9899827241897583,1.038763165473938,0.9881438612937927,1.0275983810424805,0.9871948957443237,1.0296874046325684,0.9856404066085815,1.0297421216964722,0.9843974709510803,1.0242316722869873,0.9828808307647705,1.017924189567566,0.9806965589523315,1.0168836116790771,0.9786472320556641,1.0071409940719604,0.9763672947883606,1.0037504434585571,0.9748073816299438,0.999359667301178,0.9714407920837402,0.9932876825332642,0.9687147736549377,0.9871201515197754,0.9666959643363953,0.9754117727279663,0.9649868607521057,0.9736519455909729,0.9610457420349121,0.9669433236122131,0.9581986665725708,0.9601193070411682,0.9551530480384827,0.9550008773803711,0.952306866645813,0.9556548595428467,0.9493569135665894,0.9424280524253845,0.9449443817138672,0.9317932724952698,0.9393842816352844,0.9219822883605957,0.9381440877914429,0.9132925868034363,0.9338451027870178,0.9104607701301575,0.9282689094543457,0.9072637557983398,0.9260076880455017,0.9008347392082214,0.9208291172981262,0.8902284502983093,0.9175788760185242,0.8852489590644836,0.9133975505828857,0.8771994113922119,0.908198356628418,0.870783805847168,0.9044697880744934,0.8613452315330505,0.8999790549278259,0.8663709759712219,0.8965864777565002,0.8518368005752563,0.8899970054626465,0.8456407189369202,0.8846752643585205,0.8378710746765137,0.8807755708694458,0.8341091275215149,0.87331223487854,0.818756103515625,0.8704318404197693,0.8148903250694275,0.864787757396698,0.8105027675628662,0.8602849245071411,0.806024968624115,0.8564016222953796,0.8031719326972961,0.851222813129425
cnn volcanic-plasma-59,cnn,92,37,0.7795918583869934,1.2913727914565243e-05,1.0000529289245605,0.9999902844429016,0.9992908239364624,0.9999580383300781,1.0006211996078491,0.999916672706604,1.0008556842803955,0.9998612999916077,1.0039818286895752,0.9997604489326477,1.008783221244812,0.9996982216835022,1.0033725500106812,0.999589204788208,1.009942650794983,0.9993480443954468,1.0112334489822388,0.9992744326591492,1.0176695585250854,0.9989287853240967,1.0178148746490479,0.9987847805023193,1.0270839929580688,0.9984328746795654,1.0263326168060303,0.9983450174331665,1.033251166343689,0.9976916313171387,1.0344184637069702,0.9971503019332886,1.0349942445755005,0.9969527721405029,1.042567491531372,0.9962384104728699,1.0385277271270752,0.9954421520233154,1.0381340980529785,0.9947962760925293,1.040574073791504,0.9940740466117859,1.0368670225143433,0.993381679058075,1.0444858074188232,0.9923335909843445,1.040243148803711,0.9913001656532288,1.0463862419128418,0.98973149061203,1.036842942237854,0.9888876080513,1.0388890504837036,0.9871715903282166,1.0403451919555664,0.9862347841262817,1.0365606546401978,0.985020101070404,1.0302482843399048,0.9835565090179443,1.0300365686416626,0.9812971353530884,1.026695728302002,0.979414701461792,1.0215734243392944,0.9775950908660889,1.0217359066009521,0.9754584431648254,1.0208617448806763,0.9723966121673584,1.011196255683899,0.9711993336677551,1.008858561515808,0.9692859649658203,1.0026187896728516,0.965587854385376,0.9978023171424866,0.9644008278846741,0.9961397051811218,0.961919367313385,0.9822912216186523,0.9587727189064026,0.9881231188774109,0.9564522504806519,0.9800341725349426,0.9537331461906433,0.9683762788772583,0.9487046003341675,0.9591919183731079,0.9458662271499634,0.9525930285453796,0.9429557919502258,0.9557545781135559,0.9382936954498291,0.9453787207603455,0.9359460473060608,0.9373923540115356,0.9316776990890503,0.9309802055358887,0.9287324547767639,0.9240494966506958,0.9243399500846863,0.9108563661575317,0.9209234714508057,0.905419647693634,0.916615903377533,0.8950647711753845,0.9140743017196655,0.8931246995925903,0.9074683785438538,0.8877447843551636,0.9042320847511292,0.8787997961044312,0.9012576937675476,0.865623950958252,0.8947967290878296,0.8683661222457886,0.8908287286758423,0.8664988875389099,0.8862788677215576,0.8485521674156189,0.8816803693771362,0.8545305132865906,0.8744959831237793,0.847093939781189,0.8703309893608093,0.8328495025634766,0.8670845627784729
cnn volcanic-plasma-59,cnn,92,49,1.0,1.7240759916603565e-05,0.9999457001686096,0.9999943971633911,0.998474657535553,0.999967098236084,0.9992514848709106,0.9999366998672485,1.0001405477523804,0.999858558177948,1.0026519298553467,0.9997515082359314,1.0075063705444336,0.9995681643486023,1.0007625818252563,0.9995047450065613,1.0073577165603638,0.999201238155365,1.0084292888641357,0.9990074634552002,1.0115622282028198,0.9984360337257385,1.0140371322631836,0.9982115030288696,1.021923303604126,0.997657060623169,1.017053484916687,0.9974265098571777,1.0274547338485718,0.9964513778686523,1.027735948562622,0.9955745339393616,1.0270991325378418,0.9952359199523926,1.0366809368133545,0.9942147731781006,1.0317188501358032,0.9930940866470337,1.0287995338439941,0.9916985034942627,1.0329761505126953,0.9906534552574158,1.0261212587356567,0.9896149039268494,1.031150221824646,0.9882854223251343,1.0243123769760132,0.9870420098304749,1.0291701555252075,0.9849794507026672,1.0230809450149536,0.982910692691803,1.0227644443511963,0.9804880619049072,1.0231349468231201,0.9792944192886353,1.0209472179412842,0.9773409366607666,1.0124529600143433,0.9751257300376892,1.0092958211898804,0.9723532199859619,1.0054281949996948,0.9699616432189941,0.998609185218811,0.96696937084198,1.0013149976730347,0.9646937847137451,0.9960865378379822,0.9608983993530273,0.986234724521637,0.9589154720306396,0.9906261563301086,0.956061601638794,0.9834082722663879,0.9508999586105347,0.9651927947998047,0.9499087929725647,0.9657865762710571,0.94669508934021,0.9576258659362793,0.9421534538269043,0.95496666431427,0.9385443329811096,0.9470833539962769,0.936789333820343,0.9325610995292664,0.9312198162078857,0.921261191368103,0.9256088137626648,0.9156989455223083,0.9244795441627502,0.9145476222038269,0.9203406572341919,0.9096952080726624,0.9134146571159363,0.8977378606796265,0.9076249599456787,0.8870940804481506,0.902587890625,0.8873915076255798,0.8990675806999207,0.8708861470222473,0.8929094672203064,0.8691849708557129,0.8871279358863831,0.8559237718582153,0.8837544322013855,0.850352942943573,0.875142514705658,0.838241696357727,0.8727270364761353,0.82451331615448,0.8671143651008606,0.8187881112098694,0.8602384328842163,0.8190755844116211,0.8543590903282166,0.807581901550293,0.848829984664917,0.8042880296707153,0.8434085845947266,0.8004034757614136,0.836137056350708,0.7918035387992859,0.8310999870300293,0.7837269902229309,0.8247455954551697
cnn volcanic-plasma-59,cnn,93,0,0.10000000149011612,4.4951013933314243e-07,1.0000042915344238,0.9998576641082764,0.999203085899353,0.9997033476829529,0.9984995722770691,0.9993236660957336,0.9975544810295105,0.99875807762146,0.9963086247444153,0.9979454278945923,0.9941568374633789,0.9972172975540161,0.9927946329116821,0.9961944818496704,0.990043044090271,0.9955614805221558,0.9877781867980957,0.9939613938331604,0.9849520325660706,0.992415189743042,0.9805976748466492,0.9907624125480652,0.9773514270782471,0.98946213722229,0.9733331203460693,0.9867696762084961,0.9690401554107666,0.9849597811698914,0.9635105729103088,0.9830804467201233,0.9576476812362671,0.9793861508369446,0.9507235288619995,0.9784069657325745,0.943656861782074,0.9755610227584839,0.936178982257843,0.9727680683135986,0.9283667206764221,0.9689364433288574,0.9183143973350525,0.9672151803970337,0.9096671938896179,0.9619812369346619,0.8998239636421204,0.9591734409332275,0.8899357318878174,0.9554466009140015,0.8780702948570251,0.9503917098045349,0.8651941418647766,0.9463229775428772,0.8525645136833191,0.942973256111145,0.8436591625213623,0.9379939436912537,0.825034499168396,0.9343119263648987,0.8125958442687988,0.9265280365943909,0.8022443652153015,0.9224891662597656,0.7832691669464111,0.9172878265380859,0.7650657296180725,0.9106560349464417,0.7505378723144531,0.904112696647644,0.7278515696525574,0.8965911865234375,0.7184634208679199,0.890020489692688,0.6966930031776428,0.8831300139427185,0.6791067123413086,0.87655109167099,0.6607815027236938,0.8659945726394653,0.6427557468414307,0.8595536947250366,0.6280922889709473,0.8491603136062622,0.603485107421875,0.839442253112793,0.5888868570327759,0.8335537910461426,0.5684396028518677,0.8202102184295654,0.549153745174408,0.8102389574050903,0.5316240191459656,0.7959635853767395,0.5144075155258179,0.786407470703125,0.4954283535480499,0.7687256336212158,0.478532999753952,0.7577788829803467,0.45398518443107605,0.7396692633628845,0.4408327341079712,0.7256691455841064,0.4225049912929535,0.7123066186904907,0.4037212133407593,0.6991510391235352,0.3891681432723999,0.6728623509407043,0.3702241778373718,0.6560181379318237,0.35547107458114624,0.6362360715866089,0.3400062024593353,0.6194207072257996,0.3242197334766388,0.5991795659065247,0.3060133159160614,0.587232768535614,0.2932831048965454,0.5554159879684448,0.2822206914424896,0.5383210182189941,0.26681703329086304,0.5142653584480286,0.25493672490119934,0.5007016658782959
cnn volcanic-plasma-59,cnn,93,12,0.3204081654548645,3.422791678531212e-06,0.9991833567619324,0.9999287128448486,0.9985708594322205,0.9998562932014465,1.000886082649231,0.999686598777771,1.0008302927017212,0.9994558691978455,1.0027233362197876,0.9990923404693604,1.0006771087646484,0.9986923933029175,1.0042656660079956,0.9982529282569885,1.001508355140686,0.9981141090393066,1.003772258758545,0.9974013566970825,1.0051007270812988,0.9967994689941406,1.0015045404434204,0.9959909915924072,1.0046595335006714,0.9953106641769409,1.0004554986953735,0.9943228960037231,1.0033435821533203,0.9932594895362854,1.001980185508728,0.9923950433731079,1.0005906820297241,0.9907003045082092,0.9980672597885132,0.9900497198104858,0.9904578328132629,0.9883973598480225,0.9880342483520508,0.9875375628471375,0.9838130474090576,0.9853082895278931,0.9773736000061035,0.9840593338012695,0.9687707424163818,0.9818499684333801,0.9650846719741821,0.9799440503120422,0.9573917984962463,0.9777529239654541,0.9491535425186157,0.9746294021606445,0.9412956237792969,0.9719145894050598,0.9285019636154175,0.969884991645813,0.9165644645690918,0.9655429124832153,0.9051458835601807,0.9630446434020996,0.88788902759552,0.9587361216545105,0.8787122964859009,0.955363392829895,0.865892231464386,0.9520743489265442,0.84848952293396,0.9474645256996155,0.8380353450775146,0.942701518535614,0.8197582364082336,0.9374387860298157,0.801395833492279,0.9323062300682068,0.788068413734436,0.9277220368385315,0.7744466066360474,0.9221004247665405,0.7596741318702698,0.914333701133728,0.7434555888175964,0.9081913828849792,0.7339335083961487,0.9022453427314758,0.7123970985412598,0.8976323008537292,0.695094108581543,0.89065021276474,0.6754123568534851,0.8819395303726196,0.6653462052345276,0.8741334080696106,0.6494441628456116,0.8647522926330566,0.6388040781021118,0.8594622611999512,0.6263593435287476,0.8515365123748779,0.6070037484169006,0.8430542349815369,0.5950357913970947,0.8316622376441956,0.5844651460647583,0.8244317173957825,0.562055230140686,0.8155231475830078,0.5551750659942627,0.8020734786987305,0.5457098484039307,0.7954270243644714,0.5299723744392395,0.7836398482322693,0.5214610695838928,0.7746381759643555,0.5053946375846863,0.7680057883262634,0.49301034212112427,0.7512575387954712,0.4851480722427368,0.7467952966690063,0.47041723132133484,0.731886088848114,0.4592617452144623,0.7223944067955017,0.44787055253982544,0.7105051279067993,0.4448925256729126,0.7037938833236694
cnn volcanic-plasma-59,cnn,93,24,0.5408163070678711,7.786855348967947e-06,0.9979068040847778,0.9999651908874512,0.9978988170623779,0.9999318718910217,1.0017855167388916,0.9998531937599182,1.002457857131958,0.9997603297233582,1.0064342021942139,0.9995852708816528,1.0052258968353271,0.9994332790374756,1.013075590133667,0.9991729855537415,1.0078283548355103,0.9991595149040222,1.0156347751617432,0.9988833665847778,1.0190061330795288,0.998637318611145,1.015594720840454,0.9983474612236023,1.0227608680725098,0.9979401230812073,1.022476315498352,0.9974344372749329,1.0297657251358032,0.9970678091049194,1.0300514698028564,0.9967502355575562,1.033351182937622,0.9959675669670105,1.0373775959014893,0.9953808188438416,1.0322121381759644,0.9946556687355042,1.0351295471191406,0.9940739870071411,1.0395694971084595,0.9930347800254822,1.0374561548233032,0.9921044707298279,1.040794849395752,0.9906579852104187,1.030503511428833,0.9899613857269287,1.0366839170455933,0.9889141917228699,1.0323047637939453,0.9872872829437256,1.028602957725525,0.9865630865097046,1.0255177021026611,0.9843459725379944,1.0213329792022705,0.982451856136322,1.0189250707626343,0.9806782603263855,1.0098143815994263,0.9788674712181091,1.0087774991989136,0.976323664188385,0.9920544624328613,0.974698007106781,0.9889622330665588,0.9713698625564575,0.9902346134185791,0.970022439956665,0.9850593209266663,0.9669032692909241,0.9729645252227783,0.9637187123298645,0.9702787399291992,0.9604437351226807,0.9612715840339661,0.9578583240509033,0.9542019963264465,0.9552534818649292,0.9460965991020203,0.9508922100067139,0.9514349102973938,0.9477375149726868,0.9420139193534851,0.9437247514724731,0.9274320006370544,0.9418244361877441,0.920558750629425,0.937201976776123,0.9163817763328552,0.933682382106781,0.9116888642311096,0.9302434921264648,0.8999824523925781,0.9243812561035156,0.8892155289649963,0.9213158488273621,0.8864967823028564,0.9163821935653687,0.8695014715194702,0.9122143983840942,0.8692697882652283,0.909321129322052,0.863906979560852,0.9049965739250183,0.8523256778717041,0.8990396857261658,0.841221034526825,0.8949822187423706,0.8357497453689575,0.8861575722694397,0.8312019109725952,0.8854459524154663,0.8217926025390625,0.8782038688659668,0.8108173608779907,0.8748024106025696,0.8082535266876221,0.8686730861663818,0.7954678535461426,0.8613015413284302,0.7917788028717041,0.8604331016540527,0.7781021595001221,0.8550606966018677,0.7773032784461975,0.8494362235069275
cnn volcanic-plasma-59,cnn,93,37,0.7795918583869934,1.2952516954101156e-05,0.9964295029640198,0.9999852776527405,0.9968544840812683,0.9999669194221497,1.001371145248413,0.9999227523803711,1.0010111331939697,0.999839723110199,1.0073950290679932,0.9997084140777588,1.006643533706665,0.9996738433837891,1.0145347118377686,0.9993811249732971,1.0068941116333008,0.9993272423744202,1.0166856050491333,0.9990039467811584,1.0223431587219238,0.9986790418624878,1.014897346496582,0.9984639286994934,1.0206575393676758,0.9978896975517273,1.020588994026184,0.9972161054611206,1.031369686126709,0.9970384240150452,1.0282396078109741,0.9963061213493347,1.0356844663619995,0.9955964088439941,1.0369606018066406,0.9945809245109558,1.0311013460159302,0.9937196969985962,1.0308198928833008,0.9927204847335815,1.0435465574264526,0.9918076395988464,1.0422865152359009,0.9904627203941345,1.046735167503357,0.9888736009597778,1.0380194187164307,0.987475574016571,1.043078899383545,0.9859060645103455,1.0397032499313354,0.9846508502960205,1.0331482887268066,0.9829509258270264,1.0400954484939575,0.9805071353912354,1.0220633745193481,0.9796409010887146,1.027775764465332,0.9760268926620483,1.0240936279296875,0.9742019176483154,1.0120028257369995,0.9723528623580933,1.0008370876312256,0.9694438576698303,1.002881407737732,0.966606855392456,0.9968041777610779,0.9648829698562622,0.9969000816345215,0.9622849225997925,0.9820973873138428,0.9593212604522705,0.971837043762207,0.9559532999992371,0.9677716493606567,0.9523327350616455,0.9653483033180237,0.94944167137146,0.9606641530990601,0.9457423686981201,0.9596548080444336,0.9416952729225159,0.9530493021011353,0.9382665157318115,0.9414280652999878,0.9361075162887573,0.9354854822158813,0.9317117929458618,0.9293314814567566,0.9275103211402893,0.9152793884277344,0.9241077899932861,0.9103133082389832,0.9199932813644409,0.9089793562889099,0.9154022932052612,0.8971282839775085,0.9097887277603149,0.8954195976257324,0.9071460962295532,0.8871091604232788,0.9021978378295898,0.8801157474517822,0.8959910869598389,0.8664217591285706,0.8912016749382019,0.8584718108177185,0.8889889717102051,0.851152777671814,0.8819270133972168,0.8481926918029785,0.8804823756217957,0.8375222086906433,0.8732975721359253,0.8260523676872253,0.8687342405319214,0.8246016502380371,0.8629407286643982,0.813548743724823,0.8586848378181458,0.8151384592056274,0.8544530868530273,0.8025639653205872,0.8482824563980103,0.794514536857605,0.8430678248405457
cnn volcanic-plasma-59,cnn,93,49,1.0,1.746261477819644e-05,0.9953115582466125,0.9999924302101135,0.9959782361984253,0.9999668598175049,1.000602126121521,0.9999116063117981,0.9988505244255066,0.9997539520263672,1.00681734085083,0.9995737075805664,1.0069674253463745,0.9994728565216064,1.0128685235977173,0.9989816546440125,1.0047881603240967,0.9987898468971252,1.0146015882492065,0.9981099367141724,1.021916389465332,0.9974161386489868,1.0131558179855347,0.9968199729919434,1.015930414199829,0.995849609375,1.0136897563934326,0.9946222901344299,1.027151107788086,0.994049072265625,1.0230796337127686,0.9922957420349121,1.0296484231948853,0.9912456274032593,1.0301637649536133,0.9892417788505554,1.021502137184143,0.9874963760375977,1.0203087329864502,0.9855102300643921,1.0322946310043335,0.9841172099113464,1.0351611375808716,0.9817440509796143,1.0332419872283936,0.9793375730514526,1.0282769203186035,0.9766349792480469,1.0275983810424805,0.9746497273445129,1.0300819873809814,0.9725087881088257,1.0251060724258423,0.9691266417503357,1.0361905097961426,0.9663345813751221,1.0164436101913452,0.9635953903198242,1.018775224685669,0.9594305753707886,1.0163154602050781,0.9556970000267029,1.011637806892395,0.9531189799308777,1.000221848487854,0.9475468993186951,1.0027852058410645,0.9455368518829346,0.9938918352127075,0.9406471252441406,0.9975970387458801,0.9373796582221985,0.9812422394752502,0.9326549172401428,0.973628580570221,0.9284399747848511,0.9595367312431335,0.9240828156471252,0.9622117877006531,0.9198399186134338,0.9553605914115906,0.9155019521713257,0.9452729225158691,0.9073516130447388,0.9375719428062439,0.9037052989006042,0.9287589192390442,0.8996296525001526,0.9352801442146301,0.8939507603645325,0.9165409207344055,0.8904525637626648,0.901578962802887,0.8842787146568298,0.9007710814476013,0.8814365267753601,0.9008066058158875,0.8758925199508667,0.8758602738380432,0.8723851442337036,0.8810361623764038,0.8652962446212769,0.8662759065628052,0.8621724247932434,0.8595061898231506,0.8514661192893982,0.8508129715919495,0.8458334803581238,0.8472952842712402,0.841206431388855,0.8432782292366028,0.8351221084594727,0.8303943872451782,0.8313751816749573,0.8393187522888184,0.823548436164856,0.8319233059883118,0.8180557489395142,0.8256229162216187,0.8098427653312683,0.8048368096351624,0.8030457496643066,0.8129931688308716,0.7999526262283325,0.8052985668182373,0.7951325178146362,0.7984609603881836,0.7894697189331055
cnn volcanic-plasma-59,cnn,94,0,0.10000000149011612,4.482032522901136e-07,0.9999510645866394,0.9998354911804199,0.9992415904998779,0.9995859861373901,0.9984837770462036,0.999369204044342,0.9979349970817566,0.9986332654953003,0.9962805509567261,0.9982312321662903,0.9947162866592407,0.9970707297325134,0.9927278757095337,0.996364176273346,0.9901232123374939,0.9952675700187683,0.987343430519104,0.9942420125007629,0.9851270914077759,0.9927185773849487,0.9809607267379761,0.990702748298645,0.9773741364479065,0.9895219206809998,0.9716223478317261,0.9869672656059265,0.9675461053848267,0.9851756691932678,0.963463306427002,0.9835336804389954,0.9585185050964355,0.9799726605415344,0.9513316750526428,0.9783833622932434,0.9427654147148132,0.9750640988349915,0.9374655485153198,0.9718288779258728,0.9278984069824219,0.9689134955406189,0.9217811226844788,0.9658105969429016,0.9113242626190186,0.9622211456298828,0.8989591002464294,0.9592464566230774,0.889969527721405,0.9563858509063721,0.8792331218719482,0.9515737295150757,0.868496298789978,0.9477342963218689,0.8547480702400208,0.9446419477462769,0.8407465815544128,0.9375485181808472,0.8304146528244019,0.9332575798034668,0.8156946897506714,0.9273579716682434,0.8006280064582825,0.9239708185195923,0.7828658819198608,0.9177438020706177,0.7704319953918457,0.9118605852127075,0.7506919503211975,0.9041204452514648,0.7357253432273865,0.8972090482711792,0.722622811794281,0.8907146453857422,0.7027280926704407,0.8850388526916504,0.6813541054725647,0.8732754588127136,0.6678375601768494,0.868078887462616,0.6445868611335754,0.8600396513938904,0.6319534182548523,0.8495143055915833,0.6119461059570312,0.8428030014038086,0.5920320153236389,0.831917405128479,0.5701911449432373,0.8200560808181763,0.5531226396560669,0.8089133501052856,0.5339741706848145,0.7939885854721069,0.522195041179657,0.78581702709198,0.5042698383331299,0.7700895667076111,0.4813463091850281,0.7621996998786926,0.463618665933609,0.7418292164802551,0.4379308819770813,0.7243130803108215,0.4273918867111206,0.709990382194519,0.40815049409866333,0.6957005858421326,0.3966495394706726,0.6698700189590454,0.37647101283073425,0.6573901772499084,0.35861125588417053,0.6375213265419006,0.3431275188922882,0.6197407245635986,0.3290727138519287,0.6004539132118225,0.3114236295223236,0.5770294666290283,0.2947161793708801,0.5553018450737,0.2890967130661011,0.5395500659942627,0.27397266030311584,0.5219066143035889,0.2632291913032532,0.4985802471637726
cnn volcanic-plasma-59,cnn,94,12,0.3204081654548645,3.3997835089394357e-06,0.9997261166572571,0.9999163150787354,1.0004159212112427,0.9998260736465454,0.9982270002365112,0.9997201561927795,1.0012857913970947,0.9993715286254883,1.001780390739441,0.9992457628250122,1.000768780708313,0.9986572265625,1.0032411813735962,0.9983484148979187,1.0024491548538208,0.9978603720664978,1.0046790838241577,0.997430145740509,1.0046480894088745,0.996695339679718,1.0057373046875,0.9960223436355591,1.0053061246871948,0.9951301217079163,1.004223346710205,0.9942787289619446,1.0017540454864502,0.993345320224762,1.0044714212417603,0.9926333427429199,1.001176118850708,0.9912070035934448,1.0019524097442627,0.9902796149253845,0.9929311871528625,0.9888111352920532,0.9915574789047241,0.9870428442955017,0.9872544407844543,0.9857982397079468,0.9821935296058655,0.984043300151825,0.9732354283332825,0.9818334579467773,0.9714239239692688,0.9798721075057983,0.963592529296875,0.9780488610267639,0.9524005651473999,0.9754320383071899,0.9461468458175659,0.9724062085151672,0.9348249435424805,0.9696447253227234,0.9222713708877563,0.9663650393486023,0.9095896482467651,0.962819516658783,0.8965613842010498,0.9603188633918762,0.8870261907577515,0.9564213752746582,0.8689507842063904,0.9527793526649475,0.857919454574585,0.9473307728767395,0.8437922596931458,0.9432217478752136,0.8266485333442688,0.9391471743583679,0.8166770339012146,0.9343096613883972,0.7966398596763611,0.9276518225669861,0.7835413813591003,0.9223820567131042,0.762011706829071,0.9164251685142517,0.750292956829071,0.909699022769928,0.7388454079627991,0.9048242568969727,0.7208625078201294,0.8961067199707031,0.7095812559127808,0.8902000784873962,0.6939889788627625,0.8820524215698242,0.6777244210243225,0.8761704564094543,0.6622694134712219,0.8669661283493042,0.6484774351119995,0.8586887121200562,0.6438680291175842,0.8529585599899292,0.6200653314590454,0.8432686924934387,0.603448212146759,0.8324075937271118,0.5906552672386169,0.8248149752616882,0.5755106806755066,0.8149003386497498,0.56427401304245,0.8068992495536804,0.554711639881134,0.7984472513198853,0.5384693145751953,0.7866430282592773,0.5245732069015503,0.7797649502754211,0.5114372968673706,0.7659764885902405,0.5063945055007935,0.758059024810791,0.4905133843421936,0.7449453473091125,0.48422279953956604,0.7363059520721436,0.47121328115463257,0.7241049408912659,0.46331098675727844,0.7129899263381958,0.4530254006385803,0.7060373425483704
cnn volcanic-plasma-59,cnn,94,24,0.5408163070678711,7.722700502199586e-06,0.9995352029800415,0.9999607801437378,1.0007299184799194,0.9999362826347351,0.9981717467308044,0.9998766779899597,1.0025215148925781,0.9997141361236572,1.0057708024978638,0.9996752738952637,1.0056124925613403,0.9994181990623474,1.0097209215164185,0.9992620348930359,1.010498285293579,0.9990155100822449,1.0175657272338867,0.9988422989845276,1.017236351966858,0.998440146446228,1.0211775302886963,0.9981951117515564,1.0263609886169434,0.997682511806488,1.028172254562378,0.9974452257156372,1.0296506881713867,0.9969438314437866,1.032202959060669,0.9964928030967712,1.0338653326034546,0.9960447549819946,1.037907361984253,0.9955722689628601,1.036754846572876,0.9946452379226685,1.0405633449554443,0.9938962459564209,1.0398520231246948,0.9933172464370728,1.0374176502227783,0.9921283721923828,1.0405449867248535,0.9911829233169556,1.0409109592437744,0.98995441198349,1.0392975807189941,0.9890319108963013,1.0367614030838013,0.9875991344451904,1.0316872596740723,0.9857347011566162,1.0314449071884155,0.9842551350593567,1.0330404043197632,0.9819884300231934,1.0198780298233032,0.9806903004646301,1.0191532373428345,0.9782847762107849,1.0135687589645386,0.976495087146759,1.013421654701233,0.9745075702667236,1.0060583353042603,0.9717305302619934,0.9942100644111633,0.969414472579956,0.9898746609687805,0.9666464924812317,0.9794814586639404,0.9641107320785522,0.9789578914642334,0.9603965282440186,0.9701928496360779,0.958380401134491,0.9642243385314941,0.954924464225769,0.9591465592384338,0.951174795627594,0.949429452419281,0.9479615688323975,0.9498888254165649,0.9435505867004395,0.929569661617279,0.9400720000267029,0.9395340085029602,0.9359446167945862,0.917407214641571,0.9325582385063171,0.9224213361740112,0.9280240535736084,0.9086763262748718,0.9234005808830261,0.9062779545783997,0.9195136427879333,0.8960115909576416,0.9132075905799866,0.8909189105033875,0.909369170665741,0.8850782513618469,0.9060110449790955,0.8764122724533081,0.9007226824760437,0.8662279844284058,0.897225558757782,0.8594980239868164,0.8905104994773865,0.8542346358299255,0.8868090510368347,0.848075807094574,0.8819763660430908,0.8424336314201355,0.8766289353370667,0.829533576965332,0.8716480731964111,0.8217206001281738,0.8687903881072998,0.8132767677307129,0.8644349575042725,0.8095813393592834,0.8583135008811951,0.8021203279495239,0.8545215129852295,0.7975439429283142,0.8516166806221008
cnn volcanic-plasma-59,cnn,94,37,0.7795918583869934,1.2807240636902861e-05,0.9992635846138,0.9999858140945435,1.000268578529358,0.9999752044677734,0.9975780248641968,0.99993497133255,1.0012149810791016,0.9998368620872498,1.006853699684143,0.9997954368591309,1.0064966678619385,0.9996786713600159,1.0100504159927368,0.9995421171188354,1.0111968517303467,0.99931401014328,1.020043134689331,0.9991547465324402,1.015229344367981,0.9986674189567566,1.0228172540664673,0.9984394907951355,1.029437780380249,0.9979702830314636,1.0275983810424805,0.9977279901504517,1.0309944152832031,0.997309148311615,1.0375947952270508,0.9965227246284485,1.0313568115234375,0.9961739778518677,1.0322198867797852,0.995489239692688,1.040563941001892,0.9944467544555664,1.038044810295105,0.9938793182373047,1.0383702516555786,0.9929699897766113,1.0422985553741455,0.9917895197868347,1.0433204174041748,0.9903192520141602,1.038394808769226,0.989028811454773,1.039953589439392,0.9881895184516907,1.0455331802368164,0.9867329597473145,1.0356903076171875,0.9853506684303284,1.0328118801116943,0.9832207560539246,1.0373597145080566,0.9817398190498352,1.0275837182998657,0.9802706241607666,1.0208996534347534,0.9774765968322754,1.0254403352737427,0.9753184914588928,1.0208929777145386,0.9732834100723267,1.0102581977844238,0.9714714288711548,1.0096328258514404,0.9688712358474731,1.0030490159988403,0.96604984998703,1.000577688217163,0.9633740782737732,0.993137001991272,0.9600130915641785,0.9830939769744873,0.9571135640144348,0.974145770072937,0.9532923698425293,0.9814518094062805,0.950406014919281,0.9599987864494324,0.947583794593811,0.9590319395065308,0.9442545175552368,0.9456377029418945,0.941339373588562,0.9446954131126404,0.9366560578346252,0.9369959831237793,0.9334316849708557,0.9215446710586548,0.9313927292823792,0.9164950251579285,0.9275153875350952,0.9053075909614563,0.9218921065330505,0.9033639430999756,0.9178674221038818,0.8912765979766846,0.9126713275909424,0.8821840286254883,0.9084087014198303,0.8740739226341248,0.9043548107147217,0.8560073971748352,0.9008715152740479,0.8535745739936829,0.8952072858810425,0.853077232837677,0.8894240856170654,0.8475581407546997,0.8857964277267456,0.8397082090377808,0.8800211548805237,0.8423252701759338,0.8777401447296143,0.8314377069473267,0.8729950785636902,0.8208329677581787,0.867458701133728,0.816229522228241,0.8643250465393066,0.7996442317962646,0.8589720129966736,0.8021063804626465,0.8539534211158752
cnn volcanic-plasma-59,cnn,94,49,1.0,1.7159352864837274e-05,0.9990192651748657,0.9999932646751404,0.9994622468948364,0.9999650716781616,0.9970214366912842,0.999922513961792,0.999504566192627,0.9997988343238831,1.0070533752441406,0.9997034072875977,1.0060746669769287,0.9995157122612,1.0089067220687866,0.9992822408676147,1.009507179260254,0.9989367723464966,1.0194538831710815,0.998652994632721,1.0113118886947632,0.9978236556053162,1.020799994468689,0.9973597526550293,1.0281267166137695,0.9965680241584778,1.023116946220398,0.9959756135940552,1.0254204273223877,0.9952912926673889,1.0380765199661255,0.9939781427383423,1.0236353874206543,0.9930924773216248,1.0231294631958008,0.9917275905609131,1.0337873697280884,0.990202009677887,1.030775547027588,0.9890891313552856,1.0300941467285156,0.9870230555534363,1.0335724353790283,0.9859020709991455,1.03407621383667,0.9832214713096619,1.032297968864441,0.9813222885131836,1.0293304920196533,0.9795075058937073,1.0347576141357422,0.9772698283195496,1.022917628288269,0.975077211856842,1.0214452743530273,0.9727820754051208,1.025917887687683,0.9710147976875305,1.013100266456604,0.9685126543045044,1.0051523447036743,0.9647027850151062,1.0103286504745483,0.9624125361442566,1.0060454607009888,0.9584169983863831,0.9974397420883179,0.9560477137565613,0.9913275837898254,0.9540997743606567,0.9858267903327942,0.9498451948165894,0.9876651167869568,0.947415828704834,0.9748019576072693,0.9420482516288757,0.970900297164917,0.9383667707443237,0.9629514813423157,0.9347683191299438,0.9674200415611267,0.9297891855239868,0.9628644585609436,0.9276421666145325,0.9418679475784302,0.9229444861412048,0.9472385048866272,0.9193782210350037,0.9449925422668457,0.9139636158943176,0.9375820159912109,0.9098058342933655,0.9249695539474487,0.9063495993614197,0.9149824380874634,0.903468132019043,0.9119110703468323,0.8965181708335876,0.9068122506141663,0.8914942145347595,0.8934505581855774,0.8874807357788086,0.8780553936958313,0.882154107093811,0.8707043528556824,0.8778560161590576,0.8671029210090637,0.8721082210540771,0.8481820821762085,0.8646836876869202,0.8473679423332214,0.859320342540741,0.835489809513092,0.8540163636207581,0.8344599604606628,0.8477011322975159,0.8258985877037048,0.8430076837539673,0.8243613243103027,0.839195966720581,0.8173856139183044,0.832947850227356,0.8120104670524597,0.8276475071907043,0.8048328757286072,0.8177251219749451,0.8039392828941345,0.81617271900177
cnn young-field-77,cnn,90,0,0.10000000149011612,4.493977598940546e-07,0.9996244311332703,0.9998854398727417,0.9990623593330383,0.9997053742408752,0.9986514449119568,0.9992579221725464,0.9980438351631165,0.9987941384315491,0.996261715888977,0.9981727004051208,0.994270920753479,0.9970654249191284,0.9929865598678589,0.9962751269340515,0.9911174178123474,0.9951550364494324,0.9883253574371338,0.9938908219337463,0.9844121336936951,0.9919801354408264,0.981453001499176,0.9905534386634827,0.9770864844322205,0.9892792701721191,0.9739028811454773,0.9870642423629761,0.9668520092964172,0.985198974609375,0.9633346796035767,0.9820930361747742,0.9581313729286194,0.9804786443710327,0.951606273651123,0.9778304696083069,0.9416736364364624,0.9756518006324768,0.9343864917755127,0.9736073017120361,0.9278389811515808,0.9696331024169922,0.9203414916992188,0.9658874869346619,0.9090479612350464,0.9626146554946899,0.9001150131225586,0.9581443071365356,0.8903137445449829,0.9555714726448059,0.8770968914031982,0.9515644311904907,0.8680777549743652,0.9489697217941284,0.8538543581962585,0.9426090717315674,0.8439565896987915,0.9375439882278442,0.828065812587738,0.9325382709503174,0.8141359686851501,0.9286174178123474,0.7987410426139832,0.9233185648918152,0.7830950617790222,0.9168714880943298,0.7675597071647644,0.9117798805236816,0.7530718445777893,0.9031556248664856,0.7329137325286865,0.8972388505935669,0.7173638343811035,0.8895082473754883,0.7000729441642761,0.8817999958992004,0.6817103624343872,0.876166582107544,0.6674863696098328,0.8690662384033203,0.6459505558013916,0.8621142506599426,0.6276232600212097,0.8506789803504944,0.6103748679161072,0.8406909108161926,0.593268871307373,0.8298661112785339,0.5677488446235657,0.819434404373169,0.5569744110107422,0.8076524138450623,0.5368775129318237,0.7975853085517883,0.5120576024055481,0.7872156500816345,0.49342018365859985,0.7697190642356873,0.4831300675868988,0.7558953762054443,0.4593229293823242,0.7390434741973877,0.4405164122581482,0.7262324094772339,0.42722630500793457,0.7128153443336487,0.4059982895851135,0.6902670860290527,0.39305877685546875,0.6735807657241821,0.3729804754257202,0.6577240228652954,0.35649049282073975,0.6389328241348267,0.34355098009109497,0.6142914295196533,0.3265865445137024,0.5993037223815918,0.31067997217178345,0.5780556797981262,0.29860296845436096,0.5565323233604431,0.28189897537231445,0.5291668176651001,0.27347877621650696,0.5134270787239075,0.26183077692985535,0.49552664160728455
cnn young-field-77,cnn,90,12,0.3204081654548645,3.4294625947950408e-06,0.9998915195465088,0.9999570846557617,0.9988677501678467,0.9998679757118225,1.0009851455688477,0.9996387958526611,0.9997261166572571,0.9994415044784546,1.001326560974121,0.9991814494132996,1.0024871826171875,0.9986501932144165,1.0033588409423828,0.9983239769935608,1.002578854560852,0.9977774024009705,1.0041909217834473,0.99720698595047,1.005442500114441,0.9963603615760803,1.0033416748046875,0.9956672191619873,1.0005359649658203,0.9950156211853027,1.0042181015014648,0.9940654039382935,1.0006999969482422,0.9933879971504211,1.0026130676269531,0.9919905662536621,1.0031406879425049,0.9912779927253723,0.9968487620353699,0.9896948337554932,0.9898055195808411,0.9885830879211426,0.9873418211936951,0.9871527552604675,0.9855209589004517,0.9854609966278076,0.9821320176124573,0.9835489392280579,0.9708712697029114,0.9815285801887512,0.9656122922897339,0.9796004295349121,0.959543764591217,0.976848304271698,0.9496094584465027,0.9751369953155518,0.9392619729042053,0.9728774428367615,0.9283825159072876,0.9691280126571655,0.9175339937210083,0.9665762186050415,0.9065365791320801,0.9633015990257263,0.8938302993774414,0.9588505625724792,0.8801279664039612,0.9550837874412537,0.8641411662101746,0.951343834400177,0.8561983108520508,0.9473406672477722,0.8343121409416199,0.9410542249679565,0.817740261554718,0.937717616558075,0.8117406368255615,0.9313945174217224,0.7874000668525696,0.9253587126731873,0.7815840244293213,0.921797513961792,0.7628508806228638,0.9163374304771423,0.7469353079795837,0.909461259841919,0.727588415145874,0.902763307094574,0.7169330716133118,0.8958421945571899,0.7033811211585999,0.8870400786399841,0.6850540637969971,0.8813836574554443,0.6741387248039246,0.8748337626457214,0.6578879952430725,0.8665315508842468,0.6434451937675476,0.8572593331336975,0.6268706321716309,0.8483798503875732,0.6176779270172119,0.8396775722503662,0.6018598675727844,0.8321924209594727,0.5838029384613037,0.8231313228607178,0.5765310525894165,0.8124778270721436,0.5621280670166016,0.8033376932144165,0.550844669342041,0.7927685976028442,0.5401440858840942,0.7841383218765259,0.5225443840026855,0.7749592065811157,0.5106375813484192,0.7633793950080872,0.5005415081977844,0.7526808977127075,0.4865201413631439,0.7380721569061279,0.47796547412872314,0.7303079962730408,0.47044000029563904,0.7232788801193237,0.4589635133743286,0.7134897708892822,0.45117607712745667,0.6992525458335876
cnn young-field-77,cnn,90,24,0.5408163070678711,7.78702633397188e-06,0.9992591738700867,0.9999849796295166,0.9985170960426331,0.9999400973320007,1.0018566846847534,0.9998255372047424,1.0000410079956055,0.99973464012146,1.0041276216506958,0.9996240139007568,1.0080510377883911,0.9993884563446045,1.0102488994598389,0.9992268085479736,1.0112980604171753,0.9990081787109375,1.0162907838821411,0.9987553358078003,1.0198192596435547,0.9983282089233398,1.020135760307312,0.9980629682540894,1.018782138824463,0.9977043271064758,1.0275386571884155,0.9971739649772644,1.0283300876617432,0.9969721436500549,1.0337666273117065,0.9963554739952087,1.0366601943969727,0.9959055185317993,1.0377912521362305,0.9953251481056213,1.0300381183624268,0.9943535327911377,1.037314772605896,0.9936603903770447,1.038804531097412,0.9929059147834778,1.040244221687317,0.9915198683738708,1.037187933921814,0.9906720519065857,1.0391876697540283,0.9898623824119568,1.0360523462295532,0.9883818030357361,1.0337133407592773,0.9873852133750916,1.026778221130371,0.9856435060501099,1.0265341997146606,0.9838109016418457,1.0267894268035889,0.9822667241096497,1.0161153078079224,0.9805437326431274,1.0104358196258545,0.9784685969352722,1.0111186504364014,0.9763748049736023,1.0035974979400635,0.973884642124176,1.001312494277954,0.9713113307952881,0.9911100268363953,0.9687399864196777,0.9810323119163513,0.9657092690467834,0.983829140663147,0.9640210270881653,0.9696277976036072,0.9597676992416382,0.9697062373161316,0.9574286341667175,0.9609491229057312,0.9539388418197632,0.9577133059501648,0.9498404264450073,0.9402356743812561,0.9465699195861816,0.9401959180831909,0.9436159133911133,0.9303264021873474,0.9398202896118164,0.9272850751876831,0.9363515973091125,0.9220238924026489,0.9320471882820129,0.9152539968490601,0.9272983074188232,0.9018901586532593,0.9230700731277466,0.8890820741653442,0.9194608926773071,0.8940672874450684,0.9145095348358154,0.8769336938858032,0.9112591743469238,0.8713043332099915,0.9069916009902954,0.8629330396652222,0.9007601141929626,0.8655752539634705,0.8961275815963745,0.8598639369010925,0.8908899426460266,0.8467328548431396,0.8866087794303894,0.8406586050987244,0.8822286128997803,0.827318012714386,0.8752227425575256,0.8178007006645203,0.87032151222229,0.8114660382270813,0.8664239645004272,0.8045871257781982,0.8610109090805054,0.7996581792831421,0.8581745028495789,0.7926238179206848,0.852149486541748,0.7839451432228088,0.8472712635993958
cnn young-field-77,cnn,90,37,0.7795918583869934,1.2873149898950942e-05,0.9982420802116394,0.9999937415122986,0.9976199865341187,0.9999704957008362,1.0010731220245361,0.9999160766601562,0.9986808896064758,0.9998469352722168,1.003605604171753,0.9997716546058655,1.0089281797409058,0.9996582269668579,1.0103527307510376,0.9995006918907166,1.01227605342865,0.9993785619735718,1.018314242362976,0.9991918802261353,1.0204764604568481,0.9989555478096008,1.021732211112976,0.9986581206321716,1.0178433656692505,0.9982889890670776,1.0287331342697144,0.9979223608970642,1.029869794845581,0.9975346326828003,1.036511778831482,0.9969263076782227,1.0348492860794067,0.996460497379303,1.03978431224823,0.996128261089325,1.0330561399459839,0.995085597038269,1.0417331457138062,0.9942693710327148,1.0413649082183838,0.9936602711677551,1.0412272214889526,0.9917261004447937,1.0407238006591797,0.9911465048789978,1.045113205909729,0.9903795719146729,1.0435377359390259,0.9890811443328857,1.0455503463745117,0.9874880909919739,1.033619999885559,0.9863629341125488,1.0383492708206177,0.9848161935806274,1.0389875173568726,0.9829139113426208,1.0289978981018066,0.9809961318969727,1.0230035781860352,0.9798904061317444,1.024031162261963,0.9776884317398071,1.0130484104156494,0.9754706621170044,1.0072557926177979,0.9727283716201782,1.0134493112564087,0.9712926149368286,0.9993217587471008,0.9685961604118347,0.9981812834739685,0.9669134616851807,0.9885730743408203,0.9638440608978271,0.9863039255142212,0.9613277912139893,0.9768810272216797,0.9581804871559143,0.9763112664222717,0.9551419019699097,0.9632775187492371,0.951725423336029,0.9624068140983582,0.9493588209152222,0.9560614228248596,0.9475701451301575,0.9448716044425964,0.942621111869812,0.9394805431365967,0.9393240213394165,0.9353117346763611,0.9352595210075378,0.928067147731781,0.9304940104484558,0.9183007478713989,0.9277468919754028,0.9183058738708496,0.9239721298217773,0.9045673608779907,0.9199181199073792,0.8924902081489563,0.9153782725334167,0.8842210173606873,0.9121704697608948,0.8888170123100281,0.9083001613616943,0.870572030544281,0.9027385711669922,0.864837646484375,0.898036003112793,0.8559368848800659,0.8929636478424072,0.8593071103096008,0.8880200982093811,0.839206337928772,0.8820123672485352,0.8388137817382812,0.8793145418167114,0.8369694352149963,0.8746846914291382,0.8334235548973083,0.8693859577178955,0.8235092163085938,0.860270082950592,0.8066187500953674,0.8595237731933594
cnn young-field-77,cnn,90,49,1.0,1.718684143270366e-05,0.9974389672279358,0.9999932050704956,0.9967826008796692,0.9999688267707825,1.0000219345092773,0.9999271631240845,0.9972160458564758,0.9998270273208618,1.002075433731079,0.9997116923332214,1.0078277587890625,0.9995797872543335,1.0083329677581787,0.9993031620979309,1.0102659463882446,0.9990710020065308,1.0170449018478394,0.9987931251525879,1.017043948173523,0.9984008073806763,1.018583059310913,0.9978886842727661,1.0119987726211548,0.9972580075263977,1.023017168045044,0.9968636631965637,1.023643970489502,0.9959213137626648,1.0330008268356323,0.9948374032974243,1.025687336921692,0.9940490126609802,1.028280258178711,0.9932190775871277,1.0238407850265503,0.9917874932289124,1.0309933423995972,0.9901750087738037,1.0297905206680298,0.9894290566444397,1.030208706855774,0.9866728186607361,1.022539734840393,0.9853265881538391,1.0301055908203125,0.9842780828475952,1.0280691385269165,0.9819565415382385,1.0308879613876343,0.9801055192947388,1.0180367231369019,0.9780523777008057,1.0227043628692627,0.975721001625061,1.0232222080230713,0.9734313488006592,1.0171774625778198,0.9698071479797363,1.0052132606506348,0.9687488675117493,1.0103473663330078,0.9655658006668091,0.9989776611328125,0.9624426960945129,0.9918947815895081,0.9584261775016785,0.9882077574729919,0.9568079113960266,0.9810032844543457,0.953105628490448,0.9785975217819214,0.9485477805137634,0.9758093357086182,0.9464576244354248,0.9674540758132935,0.9432799220085144,0.9573978781700134,0.9391443133354187,0.956224799156189,0.9350847601890564,0.932301938533783,0.9315787553787231,0.9405789971351624,0.9269894361495972,0.9262721538543701,0.9244823455810547,0.9229947924613953,0.9209754467010498,0.9165704846382141,0.9155060648918152,0.9022024273872375,0.911865234375,0.8879330158233643,0.9053242802619934,0.886544406414032,0.8998796343803406,0.882413387298584,0.8943487405776978,0.8728145360946655,0.8907217979431152,0.8693256974220276,0.8860325217247009,0.8550919890403748,0.8783738613128662,0.8440186381340027,0.874754011631012,0.8425948023796082,0.8701303005218506,0.8286540508270264,0.8627504706382751,0.8175660967826843,0.8559350967407227,0.8165698051452637,0.8508831858634949,0.8005751371383667,0.8427656292915344,0.7902235984802246,0.8402165770530701,0.7875946164131165,0.8358711004257202,0.7781651616096497,0.8248052597045898,0.7719828486442566,0.819568395614624,0.7648964524269104,0.8150680065155029
cnn young-field-77,cnn,91,0,0.10000000149011612,4.520675247476902e-07,0.9996591210365295,0.9998195171356201,0.9992918372154236,0.9995726346969604,0.9984554648399353,0.9990622401237488,0.9975647926330566,0.99854576587677,0.9965083599090576,0.9979866743087769,0.9947662949562073,0.9972632527351379,0.9925081729888916,0.9960387349128723,0.9908834099769592,0.995086669921875,0.9879039525985718,0.9935904741287231,0.9848687052726746,0.9925691485404968,0.9803515076637268,0.9914745688438416,0.9781327843666077,0.989092230796814,0.9732071161270142,0.9870564937591553,0.9681706428527832,0.9852277636528015,0.9619944095611572,0.9833877086639404,0.9585224390029907,0.9806091785430908,0.9507867693901062,0.977433443069458,0.944197416305542,0.9750804305076599,0.9377881288528442,0.9727175235748291,0.9269191026687622,0.9693129062652588,0.9192084670066833,0.966850221157074,0.9112486243247986,0.963053822517395,0.9008573293685913,0.9583308100700378,0.89024418592453,0.9550034999847412,0.8756665587425232,0.9516448378562927,0.8682929873466492,0.946635901927948,0.8540220260620117,0.9435626268386841,0.842326819896698,0.938689112663269,0.8276033401489258,0.934948742389679,0.8136957883834839,0.9267584085464478,0.7989751100540161,0.923300564289093,0.7815250754356384,0.9176599383354187,0.7697231769561768,0.9103279709815979,0.75062495470047,0.9031563401222229,0.7343265414237976,0.8977125287055969,0.7219147086143494,0.8908064365386963,0.7001437544822693,0.8856361508369446,0.6853395700454712,0.8777257800102234,0.6657660603523254,0.8691727519035339,0.647101640701294,0.8574350476264954,0.6286424994468689,0.8510182499885559,0.6149401664733887,0.8418182134628296,0.5875623822212219,0.8301111459732056,0.5713638067245483,0.822184145450592,0.5544367432594299,0.8097794055938721,0.5367881655693054,0.7942984700202942,0.518724799156189,0.7808578014373779,0.49748069047927856,0.7720078229904175,0.4803668260574341,0.7594060897827148,0.46082860231399536,0.7442300319671631,0.4457927346229553,0.7286375164985657,0.4241907000541687,0.7106142044067383,0.4073350429534912,0.6966648101806641,0.38739460706710815,0.6697990894317627,0.37633612751960754,0.6542665362358093,0.3557533025741577,0.6358238458633423,0.3442010283470154,0.6174812912940979,0.3263348639011383,0.5967171788215637,0.3114353120326996,0.5754916071891785,0.30129581689834595,0.5546323657035828,0.2808251678943634,0.5391972064971924,0.27050700783729553,0.5169125199317932,0.2615336775779724,0.4989161789417267
cnn young-field-77,cnn,91,12,0.3204081654548645,3.425467639317503e-06,0.9984087944030762,0.999906599521637,0.9993992447853088,0.9998073577880859,0.9994090795516968,0.9996253252029419,0.9996221661567688,0.9993877410888672,1.0021138191223145,0.9990968704223633,1.0008853673934937,0.9987731575965881,1.002207636833191,0.9982660412788391,1.0019359588623047,0.9977323412895203,1.0044854879379272,0.9970588088035583,1.0037150382995605,0.9967001080513,1.0039935111999512,0.9962501525878906,1.0051920413970947,0.9952478408813477,1.0029739141464233,0.99420166015625,1.0029151439666748,0.9932506680488586,1.0000674724578857,0.9924266338348389,1.0017341375350952,0.9914300441741943,0.9977436065673828,0.9898354411125183,0.9965496063232422,0.988323450088501,0.9967533946037292,0.9871847629547119,0.9820567965507507,0.9850420355796814,0.9787299633026123,0.9839218854904175,0.9746274352073669,0.9817413687705994,0.9701607823371887,0.9791107177734375,0.9598953127861023,0.9772809147834778,0.9490736126899719,0.9750251770019531,0.9405850768089294,0.9724858999252319,0.9266691207885742,0.9687138199806213,0.9175604581832886,0.9672921299934387,0.9079760313034058,0.9635010361671448,0.8909883499145508,0.9595401287078857,0.8823800086975098,0.9554029107093811,0.8655944466590881,0.951819896697998,0.8537014722824097,0.9466759562492371,0.8333716988563538,0.9430158138275146,0.823120653629303,0.9367289543151855,0.8127371072769165,0.9329735636711121,0.7919902205467224,0.9258961081504822,0.7835743427276611,0.9211711883544922,0.7690490484237671,0.9171135425567627,0.7492960691452026,0.9093273878097534,0.7346349954605103,0.9039953351020813,0.716431200504303,0.8966349959373474,0.7004451155662537,0.8884742856025696,0.6889691948890686,0.8816754221916199,0.6746504902839661,0.8734335899353027,0.6603098511695862,0.8659164905548096,0.6459621787071228,0.8578497171401978,0.6327149868011475,0.8508952260017395,0.6161003708839417,0.84275883436203,0.6056358814239502,0.8328139781951904,0.5857756733894348,0.8240640759468079,0.5747899413108826,0.8164559602737427,0.5661910772323608,0.8019524216651917,0.5502395629882812,0.792567789554596,0.5420886278152466,0.7832219004631042,0.5245001316070557,0.7753522396087646,0.516049325466156,0.7616043090820312,0.5025106072425842,0.7546971440315247,0.4962921440601349,0.7401703596115112,0.4759202003479004,0.7366979122161865,0.46873098611831665,0.7224698066711426,0.46323224902153015,0.7152957320213318,0.4485306143760681,0.7093722820281982
cnn young-field-77,cnn,91,24,0.5408163070678711,7.769345756969415e-06,0.9969272613525391,0.9999553561210632,0.9985469579696655,0.9999195337295532,0.9995241761207581,0.9998563528060913,1.0007268190383911,0.9997355341911316,1.0047733783721924,0.9995803236961365,1.00443434715271,0.9994327425956726,1.00818932056427,0.9991544485092163,1.0091195106506348,0.9989390969276428,1.0166105031967163,0.9987074136734009,1.016340970993042,0.9985052347183228,1.0220966339111328,0.9982858896255493,1.021615982055664,0.9978035092353821,1.0245379209518433,0.9974302053451538,1.0275917053222656,0.9968180060386658,1.0290485620498657,0.9964985847473145,1.035142421722412,0.9959309697151184,1.037708044052124,0.9951911568641663,1.039846658706665,0.9943685531616211,1.0403549671173096,0.9937212467193604,1.0338034629821777,0.9927359819412231,1.0384703874588013,0.9918615221977234,1.0396920442581177,0.990972101688385,1.038313388824463,0.9895954132080078,1.0376155376434326,0.988264262676239,1.0387678146362305,0.9869428277015686,1.028861165046692,0.9853522777557373,1.0281544923782349,0.9834651350975037,1.0195415019989014,0.9819024205207825,1.0239639282226562,0.9803356528282166,1.0141572952270508,0.9785462021827698,1.0092065334320068,0.9757524728775024,1.0001342296600342,0.9735105633735657,0.9987709522247314,0.9705568552017212,0.9890949726104736,0.9695641994476318,0.9810433387756348,0.9655856490135193,0.9737673997879028,0.9634264707565308,0.9682798981666565,0.9598205089569092,0.9688662886619568,0.9571568965911865,0.9557232856750488,0.9535464644432068,0.951295018196106,0.9501789808273315,0.9420058727264404,0.9464865326881409,0.9342638850212097,0.9437763690948486,0.9301626086235046,0.9396556615829468,0.9175707101821899,0.9367432594299316,0.911108672618866,0.931086003780365,0.9080648422241211,0.9281941652297974,0.8992687463760376,0.9236000180244446,0.8844171166419983,0.9174827337265015,0.8781500458717346,0.9140605926513672,0.8696203231811523,0.908844530582428,0.8658167719841003,0.9045015573501587,0.8606418967247009,0.9006759524345398,0.8562635779380798,0.8939825296401978,0.8460434675216675,0.8886445164680481,0.8432862162590027,0.885918378829956,0.8319178819656372,0.8799147605895996,0.8175769448280334,0.8731310367584229,0.8120907545089722,0.8690441846847534,0.8070285320281982,0.8618161678314209,0.7920911908149719,0.859521210193634,0.7895265221595764,0.853621244430542,0.7876887321472168,0.8494303822517395,0.7691240310668945,0.8428464531898499
cnn young-field-77,cnn,91,37,0.7795918583869934,1.283946585317608e-05,0.995088517665863,0.999983549118042,0.9972098469734192,0.999968409538269,0.9988073110580444,0.9999229907989502,1.0001039505004883,0.9998615980148315,1.0041989088058472,0.999755859375,1.004067301750183,0.999668300151825,1.0083433389663696,0.9994004368782043,1.0080019235610962,0.9993390440940857,1.0192409753799438,0.9991665482521057,1.0165953636169434,0.999052882194519,1.0261083841323853,0.9987639784812927,1.021966814994812,0.9982749819755554,1.02579927444458,0.9981124997138977,1.0269033908843994,0.9975147843360901,1.0316925048828125,0.9972286224365234,1.0375607013702393,0.9964438080787659,1.0412483215332031,0.9958690404891968,1.0429202318191528,0.9951751232147217,1.0399277210235596,0.9943723082542419,1.0397800207138062,0.993615984916687,1.046547293663025,0.9927285313606262,1.0508222579956055,0.9918943047523499,1.0420421361923218,0.9906243681907654,1.047113299369812,0.9892194271087646,1.0440152883529663,0.987862765789032,1.0439870357513428,0.9861490726470947,1.0409141778945923,0.9852040410041809,1.0326318740844727,0.9829335808753967,1.0348408222198486,0.9815554022789001,1.0365973711013794,0.9804994463920593,1.0303529500961304,0.9781301617622375,1.0257174968719482,0.9756201505661011,1.0217885971069336,0.9728356599807739,1.009759783744812,0.971413254737854,1.0078933238983154,0.968361496925354,1.007140040397644,0.9665605425834656,0.9960501790046692,0.9642328023910522,0.9957694411277771,0.960864245891571,0.988889217376709,0.9572513103485107,0.9831754565238953,0.9556494355201721,0.9707492589950562,0.952150285243988,0.9653578400611877,0.9499887824058533,0.9661038517951965,0.9466049671173096,0.9497597813606262,0.9428544640541077,0.9467821717262268,0.9386014342308044,0.9479489326477051,0.9354238510131836,0.9387348890304565,0.9319827556610107,0.9266419410705566,0.9287564158439636,0.9220851063728333,0.9244894981384277,0.9103598594665527,0.9195659160614014,0.9099375009536743,0.9167364835739136,0.8962961435317993,0.9121904373168945,0.8889023661613464,0.9065912365913391,0.8884839415550232,0.9033307433128357,0.8796084523200989,0.9001227617263794,0.88031005859375,0.8969208002090454,0.8709167242050171,0.8895736336708069,0.858712375164032,0.8864218592643738,0.8588249087333679,0.8819668292999268,0.8528938293457031,0.8765842914581299,0.8511527180671692,0.8735067248344421,0.838740885257721,0.8682544827461243,0.8301103115081787,0.8644317984580994
cnn young-field-77,cnn,91,49,1.0,1.7154787201434374e-05,0.9936516880989075,0.9999931454658508,0.99610435962677,0.9999730587005615,0.9981184005737305,0.9998888969421387,0.999042809009552,0.999847412109375,1.0023828744888306,0.9997016191482544,1.002611517906189,0.9995638728141785,1.0063570737838745,0.999215304851532,1.0044530630111694,0.999119222164154,1.0169782638549805,0.9987055659294128,1.0135352611541748,0.9986932277679443,1.02382230758667,0.9980549812316895,1.0187127590179443,0.9972901940345764,1.021164894104004,0.9969868063926697,1.0198404788970947,0.9960997700691223,1.0259219408035278,0.9957242012023926,1.0306235551834106,0.9943483471870422,1.03496515750885,0.9934000968933105,1.034846544265747,0.9924415349960327,1.030692219734192,0.9910205602645874,1.0317394733428955,0.990006685256958,1.0368415117263794,0.9883534908294678,1.0439831018447876,0.9871058464050293,1.0294972658157349,0.9853947758674622,1.037842035293579,0.9837762117385864,1.0299237966537476,0.9818452000617981,1.0363496541976929,0.9796156883239746,1.0281789302825928,0.9782817363739014,1.0210635662078857,0.9754322171211243,1.0196086168289185,0.9734874963760376,1.029363989830017,0.9723796844482422,1.0145010948181152,0.9688696265220642,1.0131585597991943,0.96693354845047,1.0108286142349243,0.9629220962524414,1.0050718784332275,0.9603168964385986,0.9950485825538635,0.9568077921867371,0.9968247413635254,0.9538698792457581,0.9836894869804382,0.9519816637039185,0.9928910732269287,0.9492312073707581,0.9791282415390015,0.9445883631706238,0.9770978689193726,0.9409553408622742,0.9640418887138367,0.9372190833091736,0.9578385353088379,0.9351266622543335,0.9531989693641663,0.9311787486076355,0.9399775862693787,0.9266904592514038,0.9316912889480591,0.9219010472297668,0.9242303967475891,0.9167841076850891,0.9213106632232666,0.9148700833320618,0.90842205286026,0.9098877906799316,0.9106444120407104,0.9045080542564392,0.8935789465904236,0.9002977609634399,0.8920732736587524,0.8973827362060547,0.8855270147323608,0.8907364010810852,0.8723015785217285,0.8866528272628784,0.8631767630577087,0.8792544603347778,0.8583767414093018,0.8780581951141357,0.8539773225784302,0.8710624575614929,0.8468710780143738,0.8667969703674316,0.8323278427124023,0.858526885509491,0.8239359259605408,0.8547767400741577,0.8290092945098877,0.8485569953918457,0.8149646520614624,0.8436397910118103,0.8135910630226135,0.8371424078941345,0.803948163986206,0.8332794308662415
cnn young-field-77,cnn,92,0,0.10000000149011612,4.52115784810303e-07,0.9997312426567078,0.9998871088027954,0.9994415044784546,0.9995928406715393,0.9982907176017761,0.9991273880004883,0.9972564578056335,0.9986458420753479,0.9965964555740356,0.9982337355613708,0.9944717288017273,0.9974047541618347,0.992289662361145,0.9962036609649658,0.9901109933853149,0.9950387477874756,0.9882195591926575,0.9938931465148926,0.9840388894081116,0.9923095107078552,0.9811642169952393,0.990886926651001,0.977295458316803,0.988973081111908,0.9729129076004028,0.9876466989517212,0.9695166945457458,0.9852356910705566,0.9635467529296875,0.98297119140625,0.9576707482337952,0.9803550243377686,0.9509343504905701,0.9778355360031128,0.9435113668441772,0.9754992127418518,0.9357529282569885,0.9730402827262878,0.9277864694595337,0.9694567918777466,0.9187101125717163,0.9668223261833191,0.9105594158172607,0.963283896446228,0.9013367295265198,0.9593858122825623,0.8889244198799133,0.9560244679450989,0.8789313435554504,0.9513158798217773,0.8648896217346191,0.9466356039047241,0.8537812829017639,0.942476749420166,0.8412508964538574,0.937710165977478,0.825049877166748,0.9332181811332703,0.8126341700553894,0.928183376789093,0.7979600429534912,0.9235403537750244,0.7810820937156677,0.917496383190155,0.7666365504264832,0.9124679565429688,0.7492347359657288,0.9025766253471375,0.7311602830886841,0.8968789577484131,0.7144827842712402,0.8894661068916321,0.6950737833976746,0.8836684226989746,0.6834443807601929,0.8751017451286316,0.661674976348877,0.8678344488143921,0.6430939435958862,0.8576152920722961,0.6226803064346313,0.8502628207206726,0.6072191596031189,0.8404541611671448,0.5890694260597229,0.8304973244667053,0.5699473023414612,0.8183019757270813,0.5489449501037598,0.8083022832870483,0.5314546227455139,0.7953395247459412,0.5086196660995483,0.7847616672515869,0.4903629720211029,0.7711388468742371,0.47787290811538696,0.7561794519424438,0.45729222893714905,0.7401580214500427,0.4361332654953003,0.7231317758560181,0.4204777181148529,0.713921070098877,0.4030391275882721,0.6916254758834839,0.38812652230262756,0.6738331317901611,0.3660595715045929,0.6568011045455933,0.35112234950065613,0.6391400098800659,0.33718129992485046,0.618965744972229,0.31789693236351013,0.5956198573112488,0.3037351071834564,0.5744964480400085,0.2883022129535675,0.5507530570030212,0.2775786817073822,0.5440710783004761,0.26776638627052307,0.5146988034248352,0.2530963718891144,0.4963943660259247
cnn young-field-77,cnn,92,12,0.3204081654548645,3.4487729863030836e-06,1.0000940561294556,0.9999446272850037,1.0001994371414185,0.9998093843460083,1.0009765625,0.9995771050453186,0.999809741973877,0.9993829727172852,1.00187087059021,0.9991387724876404,1.0024324655532837,0.9988651275634766,0.9995436072349548,0.9982101321220398,1.0022934675216675,0.9975597262382507,1.0026965141296387,0.997219443321228,1.0043851137161255,0.9966197609901428,1.0016602277755737,0.9957588911056519,1.0049687623977661,0.9949693083763123,1.003039002418518,0.9946054220199585,1.0032588243484497,0.9931573867797852,1.0020692348480225,0.9920093417167664,0.9990659952163696,0.9905955791473389,0.9936381578445435,0.989806592464447,0.9909622669219971,0.9882246851921082,0.9861511588096619,0.9874610304832458,0.9851139783859253,0.985402524471283,0.9744253158569336,0.9838092923164368,0.9719568490982056,0.9818075299263,0.9635550379753113,0.9798622727394104,0.9608199596405029,0.9770969748497009,0.9478000998497009,0.975106418132782,0.9370524287223816,0.9716320037841797,0.9326913356781006,0.9694117307662964,0.9196697473526001,0.9667208194732666,0.9034875631332397,0.962943434715271,0.8930123448371887,0.9594449400901794,0.8790075778961182,0.9552558660507202,0.8681922554969788,0.9509367346763611,0.8533819913864136,0.947057843208313,0.8378393650054932,0.9420492649078369,0.8214173913002014,0.9373399019241333,0.8067447543144226,0.9319823980331421,0.7856478691101074,0.9264088273048401,0.781410276889801,0.9214240312576294,0.760275661945343,0.9150898456573486,0.7467157244682312,0.9080715775489807,0.7354850769042969,0.9016757011413574,0.7174685597419739,0.8928162455558777,0.6989027261734009,0.8859941363334656,0.6843579411506653,0.8798706531524658,0.6743823885917664,0.8705862760543823,0.6548088788986206,0.8628460168838501,0.6407017111778259,0.8563867807388306,0.6253955960273743,0.8473406434059143,0.6111869812011719,0.8415409326553345,0.6035199761390686,0.830891489982605,0.5907123684883118,0.8195512294769287,0.5717982053756714,0.8135440349578857,0.559101939201355,0.8051602840423584,0.5448969602584839,0.7942647337913513,0.5347577929496765,0.7810884118080139,0.5256202220916748,0.7726344466209412,0.507648229598999,0.7578584551811218,0.5015866756439209,0.7505092024803162,0.48424068093299866,0.7411072850227356,0.473330557346344,0.7299298048019409,0.47075748443603516,0.7237535119056702,0.457276314496994,0.7142283320426941,0.4532338082790375,0.7035743594169617
cnn young-field-77,cnn,92,24,0.5408163070678711,7.81527160143014e-06,1.0002219676971436,0.9999741315841675,1.0001369714736938,0.9999098777770996,1.0017212629318237,0.9998056292533875,1.0011693239212036,0.9997231960296631,1.0046188831329346,0.999565064907074,1.0081143379211426,0.9995135068893433,1.0040596723556519,0.9991863369941711,1.0102500915527344,0.9988180994987488,1.0116029977798462,0.9987393617630005,1.018966555595398,0.9984827637672424,1.017014980316162,0.9980574250221252,1.0255447626113892,0.997735321521759,1.0272730588912964,0.9975881576538086,1.0292812585830688,0.9969088435173035,1.032920479774475,0.9962797164916992,1.0326142311096191,0.9956241250038147,1.0358223915100098,0.9950778484344482,1.0337059497833252,0.9944532513618469,1.0360769033432007,0.9938727021217346,1.0371628999710083,0.9930004477500916,1.0319299697875977,0.9918336272239685,1.0388835668563843,0.9910107851028442,1.0334523916244507,0.9899839758872986,1.038802981376648,0.9881423115730286,1.0276240110397339,0.9871938228607178,1.0297189950942993,0.9856430292129517,1.029767394065857,0.9843969345092773,1.0242565870285034,0.9828791618347168,1.0179405212402344,0.9806987047195435,1.0169025659561157,0.9786422252655029,1.0071821212768555,0.976365327835083,1.0037668943405151,0.9748063087463379,0.9994008541107178,0.9714416861534119,0.9933033585548401,0.9687100052833557,0.987140953540802,0.9666959047317505,0.9754354357719421,0.9649877548217773,0.9736839532852173,0.9610421657562256,0.9669790863990784,0.9581966400146484,0.9601432681083679,0.9551490545272827,0.9550527334213257,0.9523043036460876,0.9556643962860107,0.9493587613105774,0.9424737095832825,0.9449431300163269,0.9318135380744934,0.9393737316131592,0.9219984412193298,0.9381435513496399,0.9133033752441406,0.933843731880188,0.910470724105835,0.9282593727111816,0.9073350429534912,0.9259929656982422,0.900851309299469,0.9208124279975891,0.8902714252471924,0.9175713658332825,0.8852797150611877,0.9133910536766052,0.8772331476211548,0.9081921577453613,0.8707955479621887,0.9044610261917114,0.8613784313201904,0.8999621868133545,0.8664149641990662,0.8965756297111511,0.8518690466880798,0.8899859189987183,0.8456370234489441,0.8846686482429504,0.8379163146018982,0.880752682685852,0.8341325521469116,0.8733087778091431,0.8187608122825623,0.87042635679245,0.8148958683013916,0.8647760152816772,0.8105305433273315,0.8602738380432129,0.8060359954833984,0.8563807606697083,0.8031640648841858,0.8512083888053894
cnn young-field-77,cnn,92,37,0.7795918583869934,1.2913715181639418e-05,1.0000619888305664,0.9999901056289673,0.9993003606796265,0.9999578595161438,1.0006412267684937,0.9999165534973145,1.0008680820465088,0.9998607635498047,1.004014015197754,0.9997603297233582,1.0087956190109253,0.9996983408927917,1.003394365310669,0.9995895028114319,1.0099776983261108,0.9993478059768677,1.0112559795379639,0.9992733001708984,1.0176893472671509,0.9989272952079773,1.0178499221801758,0.9987830519676208,1.0270886421203613,0.9984342455863953,1.0263417959213257,0.9983463883399963,1.0332881212234497,0.9976906180381775,1.034463882446289,0.9971505999565125,1.0350160598754883,0.9969522356987,1.0425963401794434,0.9962371587753296,1.0385725498199463,0.9954424500465393,1.0381505489349365,0.9947957396507263,1.0405954122543335,0.9940752387046814,1.0369023084640503,0.9933826923370361,1.0444841384887695,0.9923353791236877,1.0402802228927612,0.9913039207458496,1.0464165210723877,0.9897357225418091,1.0368661880493164,0.9888891577720642,1.0389271974563599,0.9871724247932434,1.0403552055358887,0.9862303137779236,1.0365947484970093,0.985019326210022,1.0302785634994507,0.9835529327392578,1.030076503753662,0.9812908172607422,1.0267140865325928,0.979407548904419,1.0215989351272583,0.9775927066802979,1.0217303037643433,0.9754586219787598,1.0208669900894165,0.9723937511444092,1.0111945867538452,0.971199095249176,1.00885009765625,0.9692871570587158,1.0026410818099976,0.965586245059967,0.9978341460227966,0.9643992781639099,0.996143102645874,0.9619242548942566,0.9823020100593567,0.9587816596031189,0.9881160259246826,0.9564539194107056,0.9800519347190857,0.9537293314933777,0.9683912396430969,0.9487112164497375,0.959211528301239,0.9458678364753723,0.9525731801986694,0.9429581165313721,0.9557350873947144,0.9382990002632141,0.9453220367431641,0.9359492063522339,0.9373750686645508,0.9316793084144592,0.9309552311897278,0.9287340641021729,0.924044668674469,0.9243482947349548,0.9108153581619263,0.9209362268447876,0.9054064750671387,0.9166175723075867,0.8950040340423584,0.914069414138794,0.8931255340576172,0.907474935054779,0.8877548575401306,0.9042282700538635,0.8787808418273926,0.9012678861618042,0.8656004071235657,0.8948048949241638,0.868320882320404,0.8908308148384094,0.8664685487747192,0.8862856030464172,0.8484721183776855,0.8816856741905212,0.8544991612434387,0.8744989037513733,0.8470308780670166,0.8703353404998779,0.8328014612197876,0.8670831322669983
cnn young-field-77,cnn,92,49,1.0,1.724093635857571e-05,0.9999554753303528,0.9999945163726807,0.9984835982322693,0.999966561794281,0.999270498752594,0.9999362826347351,1.0001541376113892,0.9998581409454346,1.0026872158050537,0.9997518062591553,1.0075175762176514,0.9995681643486023,1.0007848739624023,0.999504029750824,1.0073928833007812,0.9991992115974426,1.0084540843963623,0.9990078210830688,1.0115777254104614,0.9984368681907654,1.0140767097473145,0.9982113838195801,1.0219247341156006,0.9976568818092346,1.0170470476150513,0.9974256753921509,1.0274958610534668,0.9964500665664673,1.0277785062789917,0.9955745935440063,1.0271191596984863,0.9952331781387329,1.036702275276184,0.9942164421081543,1.0317614078521729,0.9930981397628784,1.0288032293319702,0.9917003512382507,1.0329842567443848,0.9906538724899292,1.0261272192001343,0.9896155595779419,1.0311217308044434,0.9882867336273193,1.0243014097213745,0.987045168876648,1.0291643142700195,0.9849826693534851,1.0230481624603271,0.9829185009002686,1.0227752923965454,0.9804920554161072,1.0231146812438965,0.9793012738227844,1.020953893661499,0.9773416519165039,1.0124590396881104,0.975125253200531,1.0093103647232056,0.9723530411720276,1.0054227113723755,0.9699606895446777,0.9986146092414856,0.9669705629348755,1.0013302564620972,0.9646984338760376,0.9960864782333374,0.9609112739562988,0.9862220287322998,0.9589245915412903,0.9906172156333923,0.9560701847076416,0.9834228157997131,0.9509046673774719,0.9652178287506104,0.949910044670105,0.9657124876976013,0.9467039108276367,0.9575712084770203,0.9421555995941162,0.954937756061554,0.9385607838630676,0.9470799565315247,0.936796247959137,0.9325297474861145,0.9312329888343811,0.9212384223937988,0.9256218075752258,0.9156715273857117,0.9244917035102844,0.9145301580429077,0.9203532338142395,0.9096359014511108,0.9134276509284973,0.8976781368255615,0.9076298475265503,0.8870782852172852,0.9025951027870178,0.8873423933982849,0.8990861773490906,0.870819091796875,0.8929237723350525,0.8691063523292542,0.887147843837738,0.8558554649353027,0.8837687373161316,0.8503008484840393,0.875170886516571,0.8381830453872681,0.8727474212646484,0.8244516253471375,0.8671272397041321,0.818696916103363,0.8602523803710938,0.8189747333526611,0.8543837666511536,0.8074890375137329,0.8488441109657288,0.8041830658912659,0.8434257507324219,0.8002699017524719,0.8361499309539795,0.7916616797447205,0.8311208486557007,0.7835572361946106,0.8247572779655457
cnn young-field-77,cnn,93,0,0.10000000149011612,4.4951013933314243e-07,1.000004529953003,0.9998575448989868,0.999203085899353,0.9997035264968872,0.9985000491142273,0.9993236660957336,0.9975544810295105,0.9987582564353943,0.9963086247444153,0.9979454874992371,0.9941569566726685,0.9972173571586609,0.9927942752838135,0.9961940050125122,0.9900429248809814,0.9955617189407349,0.9877775311470032,0.9939610958099365,0.9849520921707153,0.9924155473709106,0.9805986881256104,0.9907633066177368,0.9773514270782471,0.9894627332687378,0.9733325242996216,0.9867687821388245,0.9690394401550293,0.9849608540534973,0.9635109305381775,0.9830803275108337,0.957650363445282,0.979386031627655,0.9507220387458801,0.9784060120582581,0.9436560869216919,0.9755606055259705,0.9361803531646729,0.9727672338485718,0.9283676147460938,0.9689348936080933,0.918314516544342,0.9672155380249023,0.9096669554710388,0.9619819521903992,0.8998243808746338,0.9591739773750305,0.889936089515686,0.9554482102394104,0.8780699372291565,0.9503924250602722,0.8651939034461975,0.9463223814964294,0.8525634407997131,0.9429759979248047,0.8436593413352966,0.9379922151565552,0.8250346183776855,0.9343089461326599,0.8125949501991272,0.9265289306640625,0.8022440671920776,0.9224908351898193,0.7832702994346619,0.91728675365448,0.7650648355484009,0.9106566309928894,0.7505381107330322,0.9041141271591187,0.7278525233268738,0.8965917229652405,0.718464195728302,0.8900195956230164,0.6966965794563293,0.8831278681755066,0.6791073679924011,0.876550555229187,0.6607815623283386,0.8659946918487549,0.6427567005157471,0.8595549464225769,0.6280925869941711,0.8491610288619995,0.6034849286079407,0.839442789554596,0.5888862609863281,0.8335514068603516,0.5684418678283691,0.8202102184295654,0.5491539239883423,0.8102378249168396,0.5316238403320312,0.7959638833999634,0.5144052505493164,0.7864071726799011,0.4954276978969574,0.7687255144119263,0.4785324037075043,0.7577790021896362,0.45398589968681335,0.739671528339386,0.44083327054977417,0.7256689667701721,0.4225066900253296,0.7123079895973206,0.40372148156166077,0.6991497874259949,0.3891686499118805,0.6728628277778625,0.3702239990234375,0.656018853187561,0.35547202825546265,0.6362374424934387,0.34000593423843384,0.6194217205047607,0.3242190480232239,0.5991798043251038,0.30601364374160767,0.5872304439544678,0.2932845652103424,0.5554181337356567,0.2822214365005493,0.5383204817771912,0.2668164074420929,0.5142667293548584,0.2549363374710083,0.500701904296875
cnn young-field-77,cnn,93,12,0.3204081654548645,3.422764166316483e-06,0.999189555644989,0.9999288320541382,0.998576819896698,0.9998561143875122,1.0008913278579712,0.9996864795684814,1.0008379220962524,0.9994553327560425,1.002730131149292,0.9990924000740051,1.0006822347640991,0.9986918568611145,1.0042740106582642,0.9982536435127258,1.001519799232483,0.998114287853241,1.003782868385315,0.9974017143249512,1.0051125288009644,0.9968000650405884,1.0015133619308472,0.9959917068481445,1.0046790838241577,0.9953098893165588,1.0004675388336182,0.99432373046875,1.0033586025238037,0.9932602047920227,1.001993179321289,0.992394208908081,1.0006051063537598,0.9907002449035645,0.9980747699737549,0.9900502562522888,0.9904679656028748,0.988396167755127,0.9880516529083252,0.9875363707542419,0.9838206171989441,0.9853114485740662,0.9773879051208496,0.9840621948242188,0.9687851071357727,0.9818469882011414,0.9651027321815491,0.9799423813819885,0.9573983550071716,0.9777547717094421,0.9491552114486694,0.9746269583702087,0.9412938952445984,0.9719149470329285,0.9285001754760742,0.9698827862739563,0.9165629148483276,0.965546190738678,0.9051352143287659,0.9630430936813354,0.8878839612007141,0.9587339758872986,0.8787069320678711,0.9553621411323547,0.8658818602561951,0.9520749449729919,0.848480761051178,0.9474657773971558,0.8380264639854431,0.9427007436752319,0.8197454810142517,0.9374427795410156,0.8013907074928284,0.9323018789291382,0.7880558967590332,0.9277126789093018,0.7744409441947937,0.9220993518829346,0.7596610188484192,0.9143314957618713,0.7434486150741577,0.9081843495368958,0.7339223027229309,0.9022420048713684,0.712394654750824,0.8976317048072815,0.6951003670692444,0.8906430602073669,0.6754119396209717,0.8819355964660645,0.6653192043304443,0.87413090467453,0.649432897567749,0.8647469282150269,0.6387808918952942,0.8594607710838318,0.6263582706451416,0.8515324592590332,0.6069920063018799,0.843052327632904,0.5950225591659546,0.831660270690918,0.5844537019729614,0.8244354128837585,0.5620523691177368,0.8155210018157959,0.555169939994812,0.8020711541175842,0.545695960521698,0.7954264879226685,0.5299649238586426,0.7836339473724365,0.5214512944221497,0.7746414542198181,0.5053809881210327,0.7680025100708008,0.49300292134284973,0.7512595057487488,0.48513591289520264,0.7467993497848511,0.47040584683418274,0.731892466545105,0.45925500988960266,0.7223944664001465,0.4478534162044525,0.7105019688606262,0.44488972425460815,0.7038053870201111
cnn young-field-77,cnn,93,24,0.5408163070678711,7.786873538861983e-06,0.9979149103164673,0.999965250492096,0.9979053735733032,0.9999322891235352,1.0017918348312378,0.9998534321784973,1.0024679899215698,0.9997604489326477,1.0064435005187988,0.9995848536491394,1.0052334070205688,0.9994342923164368,1.0130913257598877,0.9991724491119385,1.0078426599502563,0.999159574508667,1.0156521797180176,0.9988843202590942,1.019026517868042,0.9986366033554077,1.0156104564666748,0.9983497262001038,1.0227875709533691,0.9979400634765625,1.0224964618682861,0.9974331259727478,1.0297960042953491,0.9970685839653015,1.0300755500793457,0.9967496991157532,1.0333744287490845,0.995965301990509,1.037400484085083,0.9953811168670654,1.0322376489639282,0.9946559071540833,1.0351544618606567,0.994072437286377,1.039582371711731,0.9930351376533508,1.037477731704712,0.9921015501022339,1.0408161878585815,0.9906545877456665,1.030534267425537,0.9899601340293884,1.036712884902954,0.9889130592346191,1.0323081016540527,0.9872854351997375,1.028618574142456,0.9865629076957703,1.0255310535430908,0.9843459129333496,1.0213561058044434,0.9824520349502563,1.0189478397369385,0.9806773662567139,1.0098235607147217,0.9788668751716614,1.0088011026382446,0.9763213396072388,0.9920669794082642,0.9746986031532288,0.988975465297699,0.9713690280914307,0.9902456998825073,0.9700222611427307,0.9850643873214722,0.9669007062911987,0.9729825258255005,0.963713526725769,0.9702911376953125,0.9604398608207703,0.9612669348716736,0.9578501582145691,0.9542056322097778,0.9552464485168457,0.9461041688919067,0.9508869647979736,0.9514418244361877,0.9477300047874451,0.942010760307312,0.9437214136123657,0.9274341464042664,0.9418195486068726,0.920569896697998,0.9371961951255798,0.9163838028907776,0.9336763024330139,0.9116773009300232,0.9302425980567932,0.8999799489974976,0.9243730902671814,0.8891875147819519,0.9213086366653442,0.8864902257919312,0.9163793325424194,0.8694859743118286,0.9122042655944824,0.8692648410797119,0.9093196392059326,0.8638963103294373,0.904987633228302,0.8523147106170654,0.8990325927734375,0.841191291809082,0.8949800133705139,0.8357359766960144,0.886150598526001,0.8311813473701477,0.8854415416717529,0.8217647671699524,0.8782056570053101,0.8108100891113281,0.874801754951477,0.8082311153411865,0.8686630129814148,0.7954476475715637,0.8612927198410034,0.7917683124542236,0.8604308366775513,0.7780988812446594,0.8550455570220947,0.7772986888885498,0.8494288921356201
cnn young-field-77,cnn,93,37,0.7795918583869934,1.2952741599292494e-05,0.9964406490325928,0.99998539686203,0.9968628287315369,0.9999669194221497,1.0013785362243652,0.9999225735664368,1.0010249614715576,0.9998390674591064,1.0074025392532349,0.999708890914917,1.0066488981246948,0.9996738433837891,1.01455819606781,0.9993804097175598,1.006911039352417,0.9993274807929993,1.0167080163955688,0.9990052580833435,1.0223617553710938,0.9986788034439087,1.014917016029358,0.9984669089317322,1.0206921100616455,0.997889518737793,1.0206220149993896,0.9972161054611206,1.0314149856567383,0.9970372915267944,1.0282760858535767,0.996306836605072,1.0357307195663452,0.9955959320068359,1.037000060081482,0.9945788383483887,1.0311437845230103,0.9937158823013306,1.0308641195297241,0.9927190542221069,1.0435750484466553,0.9918059706687927,1.0423271656036377,0.9904603362083435,1.0467771291732788,0.9888716340065002,1.0380558967590332,0.9874696731567383,1.043118953704834,0.985901951789856,1.0397531986236572,0.9846480488777161,1.033180832862854,0.9829457402229309,1.0401062965393066,0.9805030822753906,1.0221161842346191,0.97963947057724,1.0278236865997314,0.9760228991508484,1.024126410484314,0.9741985201835632,1.0120502710342407,0.9723501205444336,1.0008792877197266,0.9694438576698303,1.0029191970825195,0.9665984511375427,0.9968567490577698,0.9648740887641907,0.9969268441200256,0.9622857570648193,0.9821378588676453,0.9593156576156616,0.9718868136405945,0.955946147441864,0.9678034782409668,0.9523201584815979,0.9653946757316589,0.9494327306747437,0.9607061147689819,0.9457269906997681,0.9597116708755493,0.941684901714325,0.9530880451202393,0.9382535815238953,0.941461980342865,0.9360957741737366,0.9355254769325256,0.9316934943199158,0.9293833374977112,0.9274862408638,0.9153143167495728,0.9240835905075073,0.9103517532348633,0.9199718832969666,0.9090046286582947,0.9153778553009033,0.8971738219261169,0.9097546339035034,0.8954461812973022,0.9071194529533386,0.8871445059776306,0.9021668434143066,0.8801501393318176,0.895966649055481,0.8664488792419434,0.8911764025688171,0.8585197329521179,0.8889525532722473,0.8511763215065002,0.8818850517272949,0.8481990098953247,0.8804548382759094,0.837519645690918,0.8732649683952332,0.8260533809661865,0.8686981201171875,0.8245702981948853,0.8628914952278137,0.8135339617729187,0.858642578125,0.8151324987411499,0.8544099926948547,0.8025335073471069,0.8482376933097839,0.7945282459259033,0.8430167436599731
cnn young-field-77,cnn,93,49,1.0,1.7463094991398975e-05,0.9953247308731079,0.999992311000824,0.9959884285926819,0.999966561794281,1.0006091594696045,0.9999114871025085,0.9988664388656616,0.9997538328170776,1.0068236589431763,0.9995744228363037,1.0069667100906372,0.999472439289093,1.0128949880599976,0.9989820122718811,1.0047975778579712,0.9987879991531372,1.014620304107666,0.9981092214584351,1.0219322443008423,0.9974159002304077,1.0131686925888062,0.9968198537826538,1.0159591436386108,0.9958522319793701,1.0137155055999756,0.994624137878418,1.0271943807601929,0.9940468072891235,1.023099660873413,0.9922965168952942,1.0296907424926758,0.9912451505661011,1.030194878578186,0.989241361618042,1.0215413570404053,0.9874939918518066,1.0203408002853394,0.9855117201805115,1.0323199033737183,0.9841200113296509,1.0351996421813965,0.9817428588867188,1.033279299736023,0.9793413281440735,1.02830970287323,0.9766337871551514,1.0276380777359009,0.9746499061584473,1.0301262140274048,0.9725105166435242,1.025127649307251,0.9691267013549805,1.0362142324447632,0.9663352966308594,1.0164742469787598,0.9635975956916809,1.018804669380188,0.9594354629516602,1.0163456201553345,0.955695390701294,1.0116602182388306,0.9531204104423523,1.0002623796463013,0.9475492835044861,1.002812147140503,0.945536732673645,0.9939429759979248,0.9406411647796631,0.9976163506507874,0.9373719692230225,0.9812381863594055,0.9326514005661011,0.9736507534980774,0.9284355640411377,0.9595410227775574,0.9240788817405701,0.9622238278388977,0.9198326468467712,0.9553506970405579,0.9154960513114929,0.9452859163284302,0.9073501229286194,0.9375779032707214,0.9036926627159119,0.9287725687026978,0.8996136784553528,0.9352816939353943,0.893945038318634,0.9165415167808533,0.8904426693916321,0.9016011357307434,0.8842741250991821,0.9007954001426697,0.8814339637756348,0.9007932543754578,0.8758758306503296,0.8758846521377563,0.872370183467865,0.8810601234436035,0.8652795553207397,0.8663130402565002,0.8621656894683838,0.8595377206802368,0.8514428734779358,0.8508235812187195,0.8458085060119629,0.8473525047302246,0.8411813378334045,0.8433167934417725,0.8350992798805237,0.8304217457771301,0.8313528895378113,0.8393493294715881,0.8235278725624084,0.8319290280342102,0.8180213570594788,0.825638473033905,0.8098124265670776,0.8048344254493713,0.8030219674110413,0.8129809498786926,0.7999204993247986,0.8053250908851624,0.7951043248176575,0.7984790205955505,0.789436399936676
cnn young-field-77,cnn,94,0,0.10000000149011612,4.482032522901136e-07,0.9999509453773499,0.9998353719711304,0.9992414116859436,0.9995859861373901,0.9984837770462036,0.9993690848350525,0.9979346990585327,0.9986330270767212,0.996279776096344,0.9982309937477112,0.9947168827056885,0.9970706105232239,0.9927273988723755,0.9963647723197937,0.9901235103607178,0.9952672719955444,0.9873425364494324,0.994242250919342,0.9851274490356445,0.9927182793617249,0.9809601902961731,0.9907025694847107,0.9773737788200378,0.9895206689834595,0.9716225862503052,0.9869668483734131,0.9675472378730774,0.9851755499839783,0.9634626507759094,0.9835327863693237,0.9585181474685669,0.9799721837043762,0.9513325095176697,0.9783841967582703,0.9427651762962341,0.9750640988349915,0.9374644160270691,0.9718279838562012,0.9278978109359741,0.9689125418663025,0.9217817187309265,0.9658101797103882,0.9113240838050842,0.9622213244438171,0.8989593982696533,0.9592465758323669,0.8899706602096558,0.9563852548599243,0.8792320489883423,0.9515745639801025,0.8684952259063721,0.9477344155311584,0.8547486066818237,0.9446426033973694,0.8407478332519531,0.9375500679016113,0.8304152488708496,0.9332579374313354,0.8156960010528564,0.927358865737915,0.8006297945976257,0.9239710569381714,0.7828692197799683,0.9177455902099609,0.7704319357872009,0.9118631482124329,0.7506904602050781,0.9041203260421753,0.7357259392738342,0.8972095251083374,0.7226245403289795,0.8907166123390198,0.7027281522750854,0.8850373029708862,0.6813516020774841,0.8732767701148987,0.6678390502929688,0.8680791854858398,0.6445866227149963,0.8600406646728516,0.6319533586502075,0.849513828754425,0.6119456887245178,0.8428027033805847,0.5920336246490479,0.8319178223609924,0.5701913833618164,0.8200555443763733,0.5531231164932251,0.8089137077331543,0.5339733362197876,0.7939875721931458,0.5221951603889465,0.7858177423477173,0.504269540309906,0.7700881958007812,0.4813465178012848,0.762198805809021,0.4636179208755493,0.741829514503479,0.43793049454689026,0.7243117094039917,0.4273916184902191,0.7099915742874146,0.408149778842926,0.6956990361213684,0.39665138721466064,0.669872522354126,0.3764708936214447,0.6573898196220398,0.35861197113990784,0.6375216245651245,0.34312692284584045,0.6197385787963867,0.32907289266586304,0.600455105304718,0.31142351031303406,0.5770313143730164,0.2947160005569458,0.555302083492279,0.2890966534614563,0.5395506620407104,0.27397334575653076,0.5219077467918396,0.263229101896286,0.49857914447784424
cnn young-field-77,cnn,94,12,0.3204081654548645,3.3997525861195754e-06,0.9997308850288391,0.9999162554740906,1.0004212856292725,0.9998258948326111,0.9982332587242126,0.9997202157974243,1.0012919902801514,0.9993709325790405,1.001787781715393,0.9992454051971436,1.0007765293121338,0.9986567497253418,1.0032508373260498,0.9983493685722351,1.0024609565734863,0.9978609085083008,1.0046898126602173,0.997429370880127,1.004658579826355,0.996695339679718,1.0057473182678223,0.99602210521698,1.005314588546753,0.9951310753822327,1.004232406616211,0.994279682636261,1.0017681121826172,0.9933441877365112,1.0044814348220825,0.9926338195800781,1.0011917352676392,0.9912066459655762,1.001965045928955,0.99028080701828,0.9929393529891968,0.9888101816177368,0.9915710091590881,0.9870409965515137,0.9872673153877258,0.9857994914054871,0.9821947813034058,0.9840415716171265,0.9732366800308228,0.9818337559700012,0.9714235067367554,0.9798727035522461,0.9635871052742004,0.9780489802360535,0.952401876449585,0.9754361510276794,0.9461469650268555,0.9724063277244568,0.9348187446594238,0.9696447849273682,0.9222638010978699,0.9663638472557068,0.9095802903175354,0.962819516658783,0.8965461850166321,0.9603201746940613,0.8870136737823486,0.9564222097396851,0.8689385652542114,0.952780544757843,0.8579076528549194,0.9473252296447754,0.843782901763916,0.9432169795036316,0.8266331553459167,0.9391433596611023,0.8166544437408447,0.9343053698539734,0.7966298460960388,0.9276483058929443,0.783531665802002,0.9223777055740356,0.7619978189468384,0.9164283871650696,0.7502759695053101,0.9096972942352295,0.7388119101524353,0.9048238396644592,0.7208495736122131,0.8961077928543091,0.709557056427002,0.8902002573013306,0.6939674615859985,0.8820546865463257,0.6777156591415405,0.8761692643165588,0.6622563004493713,0.8669657707214355,0.6484588980674744,0.8586896061897278,0.6438599228858948,0.8529581427574158,0.6200522184371948,0.8432671427726746,0.6034265756607056,0.8324169516563416,0.5906542539596558,0.824822723865509,0.5754911303520203,0.8149070739746094,0.5642654895782471,0.8068987727165222,0.5546844601631165,0.7984546422958374,0.5384465456008911,0.7866407036781311,0.5245572924613953,0.7797722816467285,0.5114307999610901,0.7659768462181091,0.5063614249229431,0.7580551505088806,0.4904937446117401,0.7449580430984497,0.48419538140296936,0.7363117933273315,0.4711869955062866,0.7241014242172241,0.46329718828201294,0.7129958868026733,0.45300883054733276,0.7060399651527405
cnn young-field-77,cnn,94,24,0.5408163070678711,7.722698683210183e-06,0.9995431303977966,0.9999611377716064,1.0007387399673462,0.999936044216156,0.9981822371482849,0.9998766779899597,1.0025309324264526,0.9997143745422363,1.0057846307754517,0.9996757507324219,1.005624771118164,0.9994168281555176,1.0097368955612183,0.9992629885673523,1.0105167627334595,0.9990158677101135,1.0175831317901611,0.9988425970077515,1.017253041267395,0.9984418153762817,1.0211960077285767,0.9981949925422668,1.026379108428955,0.9976807832717896,1.0281901359558105,0.9974453449249268,1.0296739339828491,0.9969423413276672,1.0322203636169434,0.9964942932128906,1.033896565437317,0.9960450530052185,1.0379283428192139,0.9955720901489258,1.036781668663025,0.9946429133415222,1.0405889749526978,0.993896484375,1.0398826599121094,0.9933172464370728,1.037434697151184,0.9921289682388306,1.0405617952346802,0.991182804107666,1.0409259796142578,0.9899545907974243,1.0393098592758179,0.9890308380126953,1.0367825031280518,0.9875989556312561,1.0317033529281616,0.9857344031333923,1.0314488410949707,0.9842556118965149,1.0330418348312378,0.9819911122322083,1.0198825597763062,0.9806881546974182,1.019157886505127,0.9782829880714417,1.0135687589645386,0.9764890670776367,1.0134187936782837,0.9745072722434998,1.0060687065124512,0.9717321991920471,0.9942154884338379,0.9694121479988098,0.9898783564567566,0.9666438698768616,0.9794862866401672,0.9641037583351135,0.978954017162323,0.9603903889656067,0.9701830744743347,0.9583766460418701,0.964213490486145,0.9549217224121094,0.9591498374938965,0.9511700868606567,0.9494127631187439,0.947953999042511,0.9498874545097351,0.9435524344444275,0.929560124874115,0.9400644898414612,0.9395268559455872,0.9359379410743713,0.9174026846885681,0.9325575828552246,0.9224073886871338,0.9280185699462891,0.90865159034729,0.9233997464179993,0.9062557816505432,0.919502854347229,0.8959928154945374,0.9132042527198792,0.890921413898468,0.9093654751777649,0.885067880153656,0.9060127139091492,0.8764159679412842,0.9007227420806885,0.8662064075469971,0.8972256183624268,0.8594764471054077,0.8905104398727417,0.8542262315750122,0.8868101239204407,0.8480721116065979,0.881973385810852,0.8424341678619385,0.8766235709190369,0.8295274376869202,0.8716455698013306,0.8217025399208069,0.8687887787818909,0.8132685422897339,0.8644304871559143,0.8095750212669373,0.8583106398582458,0.8021090626716614,0.8545273542404175,0.7975341081619263,0.851617157459259
cnn young-field-77,cnn,94,37,0.7795918583869934,1.2807416169380303e-05,0.9992727637290955,0.9999858736991882,1.0002787113189697,0.9999752044677734,0.9975897669792175,0.9999353885650635,1.0012284517288208,0.9998366236686707,1.0068727731704712,0.9997954964637756,1.006512999534607,0.9996785521507263,1.010068655014038,0.9995421767234802,1.0112193822860718,0.9993139505386353,1.020066261291504,0.9991527199745178,1.0152513980865479,0.9986680150032043,1.0228418111801147,0.9984373450279236,1.0294655561447144,0.9979686737060547,1.027617335319519,0.997726321220398,1.0310190916061401,0.9973077178001404,1.0376238822937012,0.9965242147445679,1.0313918590545654,0.9961724877357483,1.0322465896606445,0.9954888224601746,1.0405925512313843,0.9944453835487366,1.0380772352218628,0.993878185749054,1.0383989810943604,0.9929680228233337,1.0423310995101929,0.9917885661125183,1.043352723121643,0.9903192520141602,1.0384196043014526,0.9890247583389282,1.0399773120880127,0.9881861209869385,1.045561671257019,0.986731767654419,1.0357102155685425,0.9853538870811462,1.0328292846679688,0.9832213521003723,1.0373765230178833,0.9817327857017517,1.0275942087173462,0.9802698493003845,1.0209081172943115,0.9774738550186157,1.0254590511322021,0.9753129482269287,1.0209115743637085,0.9732829928398132,1.0102711915969849,0.971468985080719,1.0096486806869507,0.9688677191734314,1.003051996231079,0.9660451412200928,1.0005874633789062,0.9633673429489136,0.9931543469429016,0.9600046277046204,0.9831047058105469,0.9571108818054199,0.9741489291191101,0.953287661075592,0.9814578294754028,0.9503984451293945,0.9600020051002502,0.9475809931755066,0.9590428471565247,0.9442464709281921,0.9456334710121155,0.9413314461708069,0.9447007775306702,0.9366500973701477,0.937009334564209,0.9334286451339722,0.92154461145401,0.931384801864624,0.9164924025535583,0.9275042414665222,0.905288815498352,0.9218875169754028,0.9033666849136353,0.9178664684295654,0.8912761807441711,0.9126703143119812,0.8821802139282227,0.9084002375602722,0.8740794658660889,0.9043453931808472,0.8560168147087097,0.9008610248565674,0.8535746932029724,0.89519864320755,0.853067934513092,0.8894153237342834,0.8475595712661743,0.885789692401886,0.8397279381752014,0.8800119757652283,0.8423369526863098,0.8777365684509277,0.831434965133667,0.8729866147041321,0.8208381533622742,0.8674535751342773,0.8162403106689453,0.8643092513084412,0.7996594309806824,0.8589568138122559,0.8021169304847717,0.8539420366287231
cnn young-field-77,cnn,94,49,1.0,1.715973485261202e-05,0.9990293979644775,0.9999935626983643,0.9994736313819885,0.9999651908874512,0.9970322251319885,0.999922513961792,0.999519407749176,0.9997989535331726,1.0070757865905762,0.9997032284736633,1.006093144416809,0.9995161294937134,1.008928894996643,0.9992827773094177,1.0095335245132446,0.9989367127418518,1.0194835662841797,0.9986517429351807,1.0113399028778076,0.99782395362854,1.0208289623260498,0.9973596334457397,1.0281563997268677,0.9965656399726868,1.0231400728225708,0.9959760308265686,1.0254489183425903,0.995290994644165,1.0381134748458862,0.9939768314361572,1.0236682891845703,0.9930903911590576,1.0231664180755615,0.9917281866073608,1.033814549446106,0.9902021884918213,1.03081214427948,0.9890910387039185,1.0301262140274048,0.9870215654373169,1.0336086750030518,0.9858996272087097,1.0341016054153442,0.9832191467285156,1.032332181930542,0.9813220500946045,1.0293558835983276,0.9795068502426147,1.0347870588302612,0.9772691130638123,1.0229357481002808,0.975074291229248,1.0214678049087524,0.9727832078933716,1.0259455442428589,0.971012532711029,1.0131092071533203,0.968512773513794,1.00515615940094,0.9647007584571838,1.0103375911712646,0.9624103307723999,1.0060515403747559,0.9584156274795532,0.9974591135978699,0.9560418725013733,0.9913423657417297,0.9540982246398926,0.9858210682868958,0.949840784072876,0.987670361995697,0.9474141001701355,0.9748101830482483,0.9420468211174011,0.9709070920944214,0.9383594989776611,0.962943434715271,0.9347683191299438,0.967435896396637,0.9297873973846436,0.9628719091415405,0.927643358707428,0.9418736100196838,0.9229318499565125,0.947228729724884,0.9193747043609619,0.9449934363365173,0.9139598608016968,0.9375938177108765,0.9097989201545715,0.9249565005302429,0.9063438177108765,0.9149907231330872,0.9034537076950073,0.9119037389755249,0.8965051174163818,0.9068135619163513,0.8914793133735657,0.893449068069458,0.8874714970588684,0.8780528903007507,0.8821460604667664,0.8707091212272644,0.8778425455093384,0.8671071529388428,0.8720946907997131,0.8481799960136414,0.8646659255027771,0.8473617434501648,0.859299898147583,0.8354841470718384,0.8539909720420837,0.8344576358795166,0.8476828336715698,0.8258982300758362,0.8429980874061584,0.8243433237075806,0.839175283908844,0.8173531293869019,0.8329324126243591,0.8120154738426208,0.8276327252388,0.8048331141471863,0.8177098035812378,0.8039235472679138,0.8161569237709045
cnn glorious-wood-80,cnn,90,0,0.10000000149011612,4.493977598940546e-07,0.9996247291564941,0.9998853802680969,0.9990620613098145,0.9997053146362305,0.9986515641212463,0.9992582201957703,0.998043954372406,0.9987941980361938,0.9962615370750427,0.9981727004051208,0.994270920753479,0.9970653653144836,0.9929859638214111,0.9962751865386963,0.991117537021637,0.9951550364494324,0.988324761390686,0.993891179561615,0.9844132661819458,0.9919795393943787,0.9814532399177551,0.9905538558959961,0.9770861864089966,0.9892799854278564,0.9739028811454773,0.9870654344558716,0.966851532459259,0.9851985573768616,0.9633347392082214,0.9820936918258667,0.9581319093704224,0.9804788827896118,0.9516068696975708,0.9778317213058472,0.9416747093200684,0.9756515026092529,0.9343876242637634,0.9736083745956421,0.9278387427330017,0.9696342945098877,0.9203407764434814,0.9658859372138977,0.9090511202812195,0.9626135230064392,0.9001154899597168,0.9581452012062073,0.8903140425682068,0.9555706977844238,0.8770971298217773,0.9515630006790161,0.8680773973464966,0.9489699602127075,0.8538562655448914,0.9426097273826599,0.8439571857452393,0.9375442266464233,0.8280648589134216,0.9325364828109741,0.8141348958015442,0.9286136627197266,0.7987406849861145,0.9233194589614868,0.7830953598022461,0.9168739318847656,0.7675600051879883,0.9117821455001831,0.7530734539031982,0.9031558632850647,0.7329159379005432,0.8972403407096863,0.7173651456832886,0.8895065784454346,0.7000726461410522,0.8818000555038452,0.6817090511322021,0.8761672973632812,0.6674863696098328,0.869067370891571,0.6459511518478394,0.8621169328689575,0.6276233792304993,0.8506785035133362,0.6103760004043579,0.8406916856765747,0.5932689309120178,0.8298664689064026,0.5677493810653687,0.8194341659545898,0.5569750070571899,0.8076527714729309,0.5368780493736267,0.7975857257843018,0.5120571851730347,0.7872158288955688,0.49341997504234314,0.7697198390960693,0.4831311106681824,0.7558959126472473,0.45932483673095703,0.7390435338020325,0.44051593542099,0.72623211145401,0.4272255301475525,0.7128156423568726,0.4059998393058777,0.6902648210525513,0.39305949211120605,0.673579216003418,0.37297987937927246,0.6577251553535461,0.35648980736732483,0.6389331817626953,0.3435508608818054,0.6142908334732056,0.32658758759498596,0.59930419921875,0.3106805980205536,0.578055202960968,0.2986029386520386,0.5565330982208252,0.28189870715141296,0.5291677713394165,0.27347856760025024,0.5134278535842896,0.2618309259414673,0.49552807211875916
cnn glorious-wood-80,cnn,90,12,0.3204081654548645,3.567680778360227e-06,1.0063958168029785,0.9999528527259827,1.0040379762649536,0.9998733997344971,1.0056955814361572,0.9996562600135803,1.003708004951477,0.9994640946388245,1.0048257112503052,0.9992046356201172,1.0052605867385864,0.9986992478370667,1.005556583404541,0.9983887672424316,1.0032758712768555,0.9978286027908325,1.0046656131744385,0.9972537755966187,1.0041309595108032,0.9964197278022766,1.0004534721374512,0.9956533908843994,0.9952251315116882,0.9949774146080017,0.9965264201164246,0.9939011931419373,0.9917250275611877,0.9932065606117249,0.9911094903945923,0.9917526841163635,0.9909601807594299,0.9909142851829529,0.9793722033500671,0.9892542958259583,0.9687104225158691,0.9878115057945251,0.9638270139694214,0.9862983226776123,0.9581118822097778,0.9842596650123596,0.9528064727783203,0.9823278188705444,0.9372090697288513,0.9799246788024902,0.9291771054267883,0.977863073348999,0.9186995029449463,0.9749261140823364,0.904436469078064,0.9728014469146729,0.8942211270332336,0.9704916477203369,0.8792896866798401,0.9662453532218933,0.866000771522522,0.9633976221084595,0.8532835841178894,0.959505558013916,0.8362287282943726,0.9550510048866272,0.8211222887039185,0.9508970379829407,0.8038960695266724,0.94676274061203,0.7933341860771179,0.9425056576728821,0.7709311842918396,0.9357524514198303,0.7546175122261047,0.9326856732368469,0.7460734248161316,0.9259756207466125,0.7229257822036743,0.9198602437973022,0.7155763506889343,0.9161697030067444,0.6963624954223633,0.9105275273323059,0.6801374554634094,0.9037392139434814,0.6625553965568542,0.8968401551246643,0.6505038738250732,0.8899328708648682,0.6356806755065918,0.8805601000785828,0.6200835108757019,0.8748520016670227,0.6076332926750183,0.868425726890564,0.5919603109359741,0.8599092364311218,0.5788028240203857,0.8510203957557678,0.5616706013679504,0.8418867588043213,0.5530323386192322,0.8332692980766296,0.5373411774635315,0.8248414397239685,0.5195611715316772,0.8160515427589417,0.513510525226593,0.8055601716041565,0.4991646111011505,0.796103835105896,0.4878580570220947,0.7853578329086304,0.47758081555366516,0.7770448327064514,0.4608536958694458,0.7669364809989929,0.449636846780777,0.7554458975791931,0.43957582116127014,0.7445229291915894,0.427211731672287,0.7303558588027954,0.4178031384944916,0.7219071984291077,0.4096737205982208,0.7154229879379272,0.40003687143325806,0.7055312991142273,0.39262548089027405,0.6906687617301941
cnn glorious-wood-80,cnn,90,24,0.5408163070678711,8.346850336238276e-06,1.0091780424118042,0.9999788999557495,1.0060474872589111,0.9999387264251709,1.0091785192489624,0.9998343586921692,1.0063403844833374,0.9997467994689941,1.010591745376587,0.9996426701545715,1.0138274431228638,0.999417781829834,1.0161316394805908,0.999259889125824,1.015570878982544,0.999016523361206,1.0215951204299927,0.9987307786941528,1.0233041048049927,0.998294472694397,1.021903395652771,0.9979701042175293,1.0202900171279907,0.9975488781929016,1.0272356271743774,0.9969276189804077,1.0259300470352173,0.9966394901275635,1.030518651008606,0.9959617257118225,1.0343372821807861,0.9953126907348633,1.028610110282898,0.994702935218811,1.01956307888031,0.9934390783309937,1.024183988571167,0.9926617741584778,1.024552345275879,0.9914489388465881,1.0235247611999512,0.9898838400840759,1.017085313796997,0.9888827204704285,1.019370436668396,0.987958550453186,1.0115642547607422,0.9862688183784485,1.004343032836914,0.9847373366355896,0.9961896538734436,0.9828447699546814,0.9940848350524902,0.9806027412414551,0.9919865131378174,0.9787536263465881,0.9800900816917419,0.9767780900001526,0.9677024483680725,0.9743582010269165,0.9695053100585938,0.9717405438423157,0.9575213193893433,0.9692971110343933,0.9532710313796997,0.965966522693634,0.9436542987823486,0.9631561636924744,0.9328125715255737,0.9597451090812683,0.9342995882034302,0.9580960273742676,0.9177958369255066,0.9536358118057251,0.9164705872535706,0.9505481123924255,0.9061868786811829,0.9468846917152405,0.901646614074707,0.9426891207695007,0.8828345537185669,0.9386885762214661,0.8838109374046326,0.9361968040466309,0.8713569641113281,0.9315624237060547,0.8707465529441833,0.9278673529624939,0.862240195274353,0.9238622188568115,0.8577995896339417,0.918267548084259,0.8423611521720886,0.9138206839561462,0.8291503190994263,0.9100944399833679,0.8336333632469177,0.9045433402061462,0.8176543712615967,0.9011455178260803,0.8108574151992798,0.896605908870697,0.8016214370727539,0.8897643089294434,0.8046165108680725,0.8851430416107178,0.7962326407432556,0.8792694807052612,0.7833656072616577,0.8749232292175293,0.780238151550293,0.8700416684150696,0.7646549344062805,0.8633162975311279,0.7564014196395874,0.8573535680770874,0.7496836185455322,0.8536987900733948,0.7421044111251831,0.8480135202407837,0.7368415594100952,0.8440312743186951,0.7295522093772888,0.8389016389846802,0.7197431921958923,0.8325307369232178
cnn glorious-wood-80,cnn,90,37,0.7795918583869934,1.3925826351623982e-05,1.010014295578003,0.9999871253967285,1.006225824356079,0.9999605417251587,1.0096075534820557,0.9999121427536011,1.0062605142593384,0.9998388886451721,1.012004017829895,0.9997789859771729,1.0172607898712158,0.999642550945282,1.019336223602295,0.9994911551475525,1.0198911428451538,0.9993429183959961,1.0277557373046875,0.9990848302841187,1.029415488243103,0.9988065361976624,1.028024435043335,0.9984461069107056,1.0262452363967896,0.9979996681213379,1.036597490310669,0.9975097179412842,1.0344916582107544,0.9970590472221375,1.042420744895935,0.9963243007659912,1.0418930053710938,0.9956659078598022,1.0442118644714355,0.9952555894851685,1.034498929977417,0.9940993189811707,1.0418857336044312,0.9931871294975281,1.0418704748153687,0.992127001285553,1.0394901037216187,0.9899810552597046,1.039685845375061,0.9893215894699097,1.0428816080093384,0.98835688829422,1.0409806966781616,0.9869264960289001,1.038732647895813,0.9849675893783569,1.0251802206039429,0.9835196137428284,1.0278607606887817,0.9818311929702759,1.0285627841949463,0.9796860814094543,1.0173894166946411,0.9773339033126831,1.0086851119995117,0.9761150479316711,1.0063366889953613,0.973438560962677,0.9950922131538391,0.971009373664856,0.9853489398956299,0.9677783846855164,0.9941877722740173,0.9660733342170715,0.977721095085144,0.9628364443778992,0.9740729928016663,0.9613763093948364,0.9645835161209106,0.9575986862182617,0.9609140753746033,0.955370306968689,0.9513601660728455,0.9513583183288574,0.9521296620368958,0.9485806822776794,0.9377883672714233,0.9445563554763794,0.9339103698730469,0.9415012001991272,0.9280968904495239,0.9396086931228638,0.9143924713134766,0.9342105388641357,0.9101927280426025,0.9306514263153076,0.9060070514678955,0.9262275695800781,0.8982304334640503,0.9211407899856567,0.8856797814369202,0.9172480702400208,0.8838033080101013,0.9143897294998169,0.8721195459365845,0.9095924496650696,0.8585540652275085,0.9043475985527039,0.8506216406822205,0.9011263847351074,0.8519608974456787,0.8964141607284546,0.8363338112831116,0.8909133672714233,0.8278872966766357,0.886298656463623,0.8220908045768738,0.8801170587539673,0.8238226771354675,0.8755096793174744,0.802749514579773,0.8681410551071167,0.8017749190330505,0.8653762340545654,0.7981048822402954,0.8599647879600525,0.7953037619590759,0.8542858362197876,0.784244954586029,0.8452440500259399,0.7650101184844971,0.8440403342247009
cnn glorious-wood-80,cnn,90,49,1.0,1.861886448750738e-05,1.0101463794708252,0.9999853372573853,1.0058271884918213,0.9999514222145081,1.008987307548523,0.9999118447303772,1.0053712129592896,0.9997972846031189,1.0113426446914673,0.9997009038925171,1.0173643827438354,0.9995086193084717,1.018833041191101,0.9992430210113525,1.0196607112884521,0.9989814758300781,1.0280238389968872,0.9985960125923157,1.0289013385772705,0.9981200695037842,1.0269572734832764,0.9975239634513855,1.0236310958862305,0.9968254566192627,1.0344966650009155,0.996142566204071,1.0312373638153076,0.9951974749565125,1.0425974130630493,0.9938852787017822,1.0356448888778687,0.9928908348083496,1.039067029953003,0.9919075965881348,1.0300792455673218,0.9903852939605713,1.0361802577972412,0.9886487722396851,1.036833643913269,0.9874265789985657,1.0335198640823364,0.9845102429389954,1.0281864404678345,0.9829826951026917,1.0342891216278076,0.981786847114563,1.0326260328292847,0.9794005155563354,1.0316789150238037,0.9771961569786072,1.0180108547210693,0.9745535850524902,1.0192198753356934,0.9719572067260742,1.0202997922897339,0.9696945548057556,1.012060284614563,0.9653264284133911,0.9990546107292175,0.9644683599472046,0.9999977946281433,0.9611327648162842,0.9903984069824219,0.95741206407547,0.97944176197052,0.9531635642051697,0.9779382348060608,0.9509482979774475,0.9670018553733826,0.9465451240539551,0.9598844051361084,0.9418548345565796,0.9593229293823242,0.9392304420471191,0.9470666646957397,0.9362434148788452,0.938919723033905,0.9312505722045898,0.9373984932899475,0.9277396202087402,0.9123108983039856,0.9237260222434998,0.9205811619758606,0.9181432723999023,0.9030342698097229,0.9155094027519226,0.8964956402778625,0.911584198474884,0.8910351991653442,0.9057790040969849,0.878308117389679,0.901837944984436,0.8636162877082825,0.8945962190628052,0.85650235414505,0.8878627419471741,0.8523648381233215,0.8823020458221436,0.8454232811927795,0.8784269690513611,0.8403370976448059,0.8736038208007812,0.8258771300315857,0.8658999800682068,0.8126124143600464,0.8616406321525574,0.8126134872436523,0.8564430475234985,0.7979392409324646,0.8483566641807556,0.7887665033340454,0.8409724235534668,0.7852121591567993,0.8354036808013916,0.7713191509246826,0.8262441754341125,0.7582780718803406,0.8251622915267944,0.7551889419555664,0.8191311359405518,0.7463952898979187,0.8084520101547241,0.7382044792175293,0.8035042881965637,0.7302247285842896,0.7985543608665466
cnn glorious-wood-80,cnn,91,0,0.10000000149011612,4.520675247476902e-07,0.9996592998504639,0.999819278717041,0.9992917776107788,0.9995725154876709,0.9984554648399353,0.9990626573562622,0.9975649118423462,0.9985461831092834,0.9965083599090576,0.9979871511459351,0.9947655200958252,0.9972633123397827,0.9925083518028259,0.9960391521453857,0.9908831119537354,0.995087206363678,0.9879042506217957,0.9935907125473022,0.984869122505188,0.9925691485404968,0.9803513884544373,0.991474986076355,0.978132426738739,0.9890921115875244,0.9732064604759216,0.9870561361312866,0.9681711196899414,0.9852271676063538,0.961993932723999,0.9833872318267822,0.9585215449333191,0.9806087613105774,0.9507867097854614,0.9774345755577087,0.9441965818405151,0.9750795960426331,0.9377884268760681,0.972716748714447,0.9269185662269592,0.9693147540092468,0.9192098379135132,0.9668503403663635,0.9112492799758911,0.9630552530288696,0.9008567333221436,0.9583306908607483,0.8902443051338196,0.9550041556358337,0.8756667375564575,0.9516439437866211,0.8682935833930969,0.9466350674629211,0.8540216684341431,0.9435620903968811,0.8423274159431458,0.9386907815933228,0.8276056051254272,0.9349486827850342,0.8136979341506958,0.9267579913139343,0.7989782094955444,0.9232996106147766,0.7815253734588623,0.9176617860794067,0.7697229385375977,0.9103259444236755,0.7506254315376282,0.9031551480293274,0.7343281507492065,0.897711992263794,0.7219149470329285,0.8908050656318665,0.7001456618309021,0.8856348395347595,0.6853398084640503,0.8777265548706055,0.6657662391662598,0.8691736459732056,0.6471010446548462,0.8574380278587341,0.6286431550979614,0.8510196208953857,0.6149398684501648,0.8418170809745789,0.5875609517097473,0.8301112055778503,0.5713641047477722,0.8221842646598816,0.5544379949569702,0.8097816705703735,0.5367881059646606,0.7942979335784912,0.5187252759933472,0.7808589935302734,0.49748095870018005,0.7720082402229309,0.48036685585975647,0.7594051957130432,0.46082907915115356,0.744231104850769,0.4457922875881195,0.7286368608474731,0.42419078946113586,0.7106130719184875,0.4073357582092285,0.6966657638549805,0.3873940408229828,0.6697999835014343,0.3763369023799896,0.6542675495147705,0.35575246810913086,0.6358230710029602,0.34419968724250793,0.6174821853637695,0.3263344168663025,0.5967168807983398,0.31143632531166077,0.5754938721656799,0.30129578709602356,0.5546326041221619,0.28082510828971863,0.5391960740089417,0.2705073654651642,0.5169141888618469,0.2615339756011963,0.4989176094532013
cnn glorious-wood-80,cnn,91,12,0.3204081654548645,3.5684377053257776e-06,1.0038331747055054,0.9999131560325623,1.0047602653503418,0.9998157024383545,1.0054059028625488,0.9996188879013062,1.005452275276184,0.9993786215782166,1.0062452554702759,0.9990969300270081,1.0048553943634033,0.9987834692001343,1.0040369033813477,0.9982691407203674,1.0041539669036865,0.9977954030036926,1.0053353309631348,0.9970844388008118,1.0038644075393677,0.9966863393783569,1.0018640756607056,0.9962135553359985,1.0013140439987183,0.9950801730155945,0.9965142607688904,0.993972897529602,0.9940915107727051,0.9929677248001099,0.9904690980911255,0.9921019673347473,0.9879181385040283,0.990975022315979,0.9816268682479858,0.9892438650131226,0.9782014489173889,0.9876282811164856,0.9747307896614075,0.9861965179443359,0.9563792943954468,0.9838711619377136,0.9488689303398132,0.9824846982955933,0.9422450065612793,0.9801630973815918,0.9342034459114075,0.9772459268569946,0.9225409030914307,0.9750559329986572,0.907529890537262,0.9721940159797668,0.8963671326637268,0.9698159694671631,0.8799118399620056,0.9654268026351929,0.8676063418388367,0.9638956785202026,0.8560194373130798,0.9599643349647522,0.8362753987312317,0.9552720189094543,0.8268847465515137,0.9510778188705444,0.808296799659729,0.9471340775489807,0.795425534248352,0.9416214227676392,0.772449254989624,0.9374430775642395,0.7616657614707947,0.9311612844467163,0.7514835000038147,0.9271789193153381,0.7292483448982239,0.920137345790863,0.719656765460968,0.9148378968238831,0.7048884630203247,0.9111951589584351,0.6850689053535461,0.902599036693573,0.6711416840553284,0.8974823355674744,0.6523429155349731,0.8901911377906799,0.6369085311889648,0.8814080953598022,0.6251964569091797,0.8748154044151306,0.6115583777427673,0.8656355738639832,0.5971727967262268,0.8587015867233276,0.5828338265419006,0.8506143689155579,0.5698594450950623,0.8435708284378052,0.5547503232955933,0.8353027105331421,0.5434012413024902,0.8249465823173523,0.5252925753593445,0.8163176774978638,0.5141307711601257,0.8082644939422607,0.5054646730422974,0.7942590117454529,0.4897068440914154,0.7847180962562561,0.48156681656837463,0.7745286822319031,0.4653254747390747,0.7666542530059814,0.4573240578174591,0.7531576752662659,0.44486185908317566,0.7453174591064453,0.4378257393836975,0.7321977019309998,0.41947853565216064,0.7275066375732422,0.41203948855400085,0.7127068638801575,0.40644654631614685,0.7055015563964844,0.3925206661224365,0.6996583342552185
cnn glorious-wood-80,cnn,91,24,0.5408163070678711,8.34478487377055e-06,1.0047426223754883,0.9999609589576721,1.0061883926391602,0.9999142289161682,1.0085543394088745,0.9998400211334229,1.0096889734268188,0.9997150301933289,1.0114473104476929,0.9995653033256531,1.0113948583602905,0.999424934387207,1.0125912427902222,0.9991316795349121,1.0156501531600952,0.9989491701126099,1.022085428237915,0.9986799955368042,1.0210227966308594,0.9984378218650818,1.0259432792663574,0.9981674551963806,1.024748682975769,0.9975480437278748,1.0251442193984985,0.997105598449707,1.0261088609695435,0.9963796138763428,1.02784264087677,0.9960551857948303,1.0298998355865479,0.9953486323356628,1.0313901901245117,0.9943274855613708,1.0304040908813477,0.9934250116348267,1.029862403869629,0.9926038384437561,1.0194064378738403,0.991217315196991,1.019790530204773,0.9902527928352356,1.020033597946167,0.9891853928565979,1.0164662599563599,0.9874768853187561,1.0105489492416382,0.9857648015022278,1.011098027229309,0.9841678738594055,0.999724268913269,0.982192873954773,0.9980449080467224,0.9797453284263611,0.9840215444564819,0.9780707359313965,0.9867820143699646,0.9760956764221191,0.9749038815498352,0.9741218686103821,0.9703490734100342,0.9707751870155334,0.9579459428787231,0.9681700468063354,0.9543960094451904,0.9648429751396179,0.9426508545875549,0.9637356996536255,0.934904932975769,0.9593026041984558,0.9247772097587585,0.9565338492393494,0.9171130061149597,0.953086793422699,0.9176371097564697,0.9498810768127441,0.9056164622306824,0.9460898637771606,0.898244321346283,0.9428080320358276,0.8885595202445984,0.9387744665145874,0.8770527243614197,0.9355644583702087,0.8736384510993958,0.9310807585716248,0.8612140417098999,0.9279664754867554,0.8539742231369019,0.9216758608818054,0.8508679270744324,0.9183911681175232,0.8414285778999329,0.9139381647109985,0.8264335989952087,0.9074028730392456,0.8205015659332275,0.9037651419639587,0.8106992840766907,0.898298442363739,0.8077865839004517,0.8932009339332581,0.8025689721107483,0.8894875645637512,0.7967631816864014,0.8819825053215027,0.7847636938095093,0.8762931227684021,0.7839652299880981,0.873400092124939,0.770064115524292,0.8666270971298218,0.7581858038902283,0.8604789972305298,0.7501618266105652,0.85524582862854,0.7472145557403564,0.8477159142494202,0.7318919897079468,0.8442937135696411,0.7275490760803223,0.8389753699302673,0.7259471416473389,0.8344104290008545,0.7094975709915161,0.8273677229881287
cnn glorious-wood-80,cnn,91,37,0.7795918583869934,1.3916291209170595e-05,1.0039750337600708,0.9999859929084778,1.00576651096344,0.9999475479125977,1.009405493736267,0.9999009966850281,1.01081120967865,0.9998310208320618,1.0123900175094604,0.9997251629829407,1.0131410360336304,0.9996305108070374,1.0145947933197021,0.9993401169776917,1.0178968906402588,0.9992651343345642,1.0290720462799072,0.9990548491477966,1.025132656097412,0.9989145994186401,1.0360655784606934,0.9985464811325073,1.031320333480835,0.9979431629180908,1.034131407737732,0.9976761341094971,1.0341123342514038,0.9969802498817444,1.0395935773849487,0.9966313242912292,1.04378342628479,0.9957473874092102,1.046103835105896,0.994960606098175,1.0461143255233765,0.9939357042312622,1.044185996055603,0.9931578040122986,1.041626214981079,0.991935133934021,1.0431842803955078,0.9910345077514648,1.0488088130950928,0.9901163578033447,1.0396205186843872,0.9883065223693848,1.0392894744873047,0.9869319796562195,1.0339579582214355,0.985328197479248,1.0350322723388672,0.9828103184700012,1.0317647457122803,0.9817854762077332,1.0217548608779907,0.9791862368583679,1.0218433141708374,0.9777287840843201,1.0194453001022339,0.976174533367157,1.0134608745574951,0.9732451438903809,1.011338472366333,0.9704142212867737,1.0067987442016602,0.967298150062561,0.9909581542015076,0.9659618735313416,0.9902253150939941,0.9618896842002869,0.9866098761558533,0.9603140950202942,0.9757665991783142,0.9575750231742859,0.9736833572387695,0.9538507461547852,0.9666271209716797,0.9496075510978699,0.9589821100234985,0.9479122161865234,0.945827066898346,0.9446207880973816,0.9393653273582458,0.9420349597930908,0.9405967593193054,0.9380398988723755,0.9234655499458313,0.9337573051452637,0.9195868372917175,0.9288386106491089,0.917731523513794,0.9253377318382263,0.9078410863876343,0.9212016463279724,0.8965347409248352,0.9182296395301819,0.8912273645401001,0.9130150675773621,0.8806381225585938,0.9077925682067871,0.8765325546264648,0.9045966267585754,0.8643971085548401,0.9000070095062256,0.859168529510498,0.8939238786697388,0.8570836782455444,0.8907368779182434,0.8434076905250549,0.8862999081611633,0.8470917344093323,0.8835568428039551,0.8378825783729553,0.8759608268737793,0.8253090977668762,0.8708836436271667,0.8212012648582458,0.8665515780448914,0.8176056146621704,0.8610864877700806,0.8159568905830383,0.8570187091827393,0.8013809323310852,0.8514890074729919,0.7909188866615295,0.8470907807350159
cnn glorious-wood-80,cnn,91,49,1.0,1.8605760487844236e-05,1.0029891729354858,0.9999909996986389,1.0049415826797485,0.9999400973320007,1.0093680620193481,0.9998624324798584,1.0105643272399902,0.9998035430908203,1.0112754106521606,0.9996474981307983,1.0127592086791992,0.9994795918464661,1.0134109258651733,0.9991068243980408,1.0156537294387817,0.9989470839500427,1.0289056301116943,0.9984650015830994,1.0238367319107056,0.9984410405158997,1.036531925201416,0.9976760745048523,1.0304630994796753,0.9967755675315857,1.0324372053146362,0.9963361620903015,1.0305956602096558,0.9953582882881165,1.0369970798492432,0.9948900938034058,1.0417113304138184,0.9933589100837708,1.043931007385254,0.992170512676239,1.0436232089996338,0.9907151460647583,1.0409191846847534,0.9894213676452637,1.0404376983642578,0.987867534160614,1.041826844215393,0.9861717224121094,1.0494307279586792,0.9847807288169861,1.0326189994812012,0.9823848009109497,1.0394058227539062,0.9811094999313354,1.0276093482971191,0.9787429571151733,1.034017562866211,0.975667417049408,1.025726318359375,0.9744126200675964,1.0166680812835693,0.9710824489593506,1.0145001411437988,0.9690550565719604,1.0195447206497192,0.9675005674362183,1.0036497116088867,0.9634786248207092,1.002538800239563,0.9610152840614319,1.003179669380188,0.9566149711608887,0.9923543930053711,0.9539784789085388,0.9834441542625427,0.9494767785072327,0.983301043510437,0.9469231367111206,0.9708401560783386,0.9446539878845215,0.9756262302398682,0.9410876631736755,0.9631006121635437,0.9366768002510071,0.9594595432281494,0.9322990775108337,0.9464229345321655,0.9286587834358215,0.9363388419151306,0.9261162281036377,0.9335309267044067,0.9215713739395142,0.9194950461387634,0.9168028235435486,0.9112517833709717,0.9122721552848816,0.9020026922225952,0.9060572385787964,0.8982557654380798,0.9035353660583496,0.8835369348526001,0.8986648321151733,0.8841788172721863,0.8920685648918152,0.8682955503463745,0.8878494501113892,0.8620882630348206,0.8838799595832825,0.8566616773605347,0.8771249055862427,0.8442752957344055,0.8723610043525696,0.8337490558624268,0.8648289442062378,0.8321125507354736,0.8639358878135681,0.8243275284767151,0.8557267189025879,0.816985547542572,0.8526414036750793,0.8010433912277222,0.8428605794906616,0.7929239273071289,0.8394986987113953,0.7976163625717163,0.8321905732154846,0.7852121591567993,0.8270427584648132,0.7825536131858826,0.8188380002975464,0.7718362212181091,0.8156977891921997
cnn glorious-wood-80,cnn,92,0,0.10000000149011612,4.52115784810303e-07,0.9997314810752869,0.9998868703842163,0.999441385269165,0.9995929002761841,0.9982906579971313,0.9991276264190674,0.9972562789916992,0.9986453652381897,0.9965965151786804,0.9982336759567261,0.9944718480110168,0.9974052309989929,0.9922887682914734,0.9962037801742554,0.9901100397109985,0.995039165019989,0.988219141960144,0.9938935041427612,0.9840388298034668,0.9923090934753418,0.9811651706695557,0.9908864498138428,0.9772960543632507,0.9889734983444214,0.9729136824607849,0.9876449108123779,0.969516396522522,0.9852355718612671,0.9635470509529114,0.9829717874526978,0.9576704502105713,0.9803560972213745,0.9509330987930298,0.9778348803520203,0.9435116052627563,0.9754992723464966,0.9357536435127258,0.973041296005249,0.9277870059013367,0.9694572687149048,0.918708860874176,0.9668194055557251,0.9105594754219055,0.9632849097251892,0.9013379216194153,0.959385097026825,0.8889234066009521,0.9560253024101257,0.8789317607879639,0.9513159990310669,0.8648898601531982,0.9466347694396973,0.8537824749946594,0.9424781203269958,0.8412491083145142,0.9377081394195557,0.8250479102134705,0.9332188367843628,0.8126338124275208,0.9281848669052124,0.7979583144187927,0.9235435724258423,0.7810807228088379,0.9174993634223938,0.7666378617286682,0.9124676585197449,0.7492345571517944,0.9025760293006897,0.7311589121818542,0.8968809247016907,0.7144829630851746,0.8894646763801575,0.6950736045837402,0.883670449256897,0.6834444999694824,0.8751038908958435,0.6616740226745605,0.8678362369537354,0.6430933475494385,0.8576156497001648,0.6226827502250671,0.850262463092804,0.6072183847427368,0.8404549360275269,0.5890681743621826,0.8304975628852844,0.5699468851089478,0.8183022141456604,0.5489451885223389,0.8083010315895081,0.5314552783966064,0.7953391075134277,0.5086203813552856,0.784762442111969,0.4903622567653656,0.7711390852928162,0.47787272930145264,0.7561799883842468,0.4572910666465759,0.7401559352874756,0.43613284826278687,0.7231330275535583,0.4204767644405365,0.7139216661453247,0.40303945541381836,0.6916251182556152,0.38812708854675293,0.6738324761390686,0.3660581409931183,0.6567994356155396,0.3511214256286621,0.6391406655311584,0.33717992901802063,0.6189655065536499,0.3178965449333191,0.5956194996833801,0.30373528599739075,0.5744976997375488,0.2883039116859436,0.5507562756538391,0.27757856249809265,0.5440698266029358,0.2677667737007141,0.5146971940994263,0.25309643149375916,0.4963943660259247
cnn glorious-wood-80,cnn,92,12,0.3204081654548645,3.588416348065948e-06,1.0056202411651611,0.9999433159828186,1.0052160024642944,0.9998070001602173,1.005133032798767,0.999581515789032,1.0044318437576294,0.9994232058525085,1.0046932697296143,0.999161958694458,1.0064905881881714,0.9988549947738647,1.002945899963379,0.9982381463050842,1.0032564401626587,0.9975905418395996,1.0042413473129272,0.9972601532936096,1.0031870603561401,0.9966089129447937,0.9982415437698364,0.9957047700881958,1.0027148723602295,0.9949212074279785,0.9962179660797119,0.9944849014282227,0.99554443359375,0.9928284883499146,0.9922487139701843,0.9917255640029907,0.9859485030174255,0.990291178226471,0.9778812527656555,0.9892799854278564,0.9719590544700623,0.9875420928001404,0.9644373655319214,0.9866690635681152,0.9610745310783386,0.9843195080757141,0.9475029110908508,0.9825373291969299,0.9405327439308167,0.9802303314208984,0.9287581443786621,0.9779490232467651,0.9231047630310059,0.9751296639442444,0.9070311188697815,0.9726494550704956,0.8940900564193726,0.969041645526886,0.886786937713623,0.9667109847068787,0.8699278235435486,0.9635065793991089,0.8521782755851746,0.9592982530593872,0.8388311266899109,0.9559004306793213,0.8239346146583557,0.9510161876678467,0.8108692765235901,0.9462336897850037,0.7944444417953491,0.9419894814491272,0.7783508896827698,0.9369441270828247,0.7610308527946472,0.9319923520088196,0.7440223097801208,0.9264152646064758,0.723118782043457,0.9212532639503479,0.7179595828056335,0.9157565832138062,0.6975226402282715,0.9090625643730164,0.6839288473129272,0.9022158980369568,0.6715604066848755,0.8956787586212158,0.6541754007339478,0.8860679268836975,0.6359115839004517,0.8794869184494019,0.6207700371742249,0.8728224635124207,0.6109218597412109,0.8637312650680542,0.5930777788162231,0.8560674786567688,0.5789493918418884,0.8501270413398743,0.5640709400177002,0.8398973345756531,0.5505555868148804,0.8348411321640015,0.5434691905975342,0.8233518600463867,0.5291998982429504,0.8127404451370239,0.5117983818054199,0.8061546087265015,0.5004886388778687,0.7974593639373779,0.48598650097846985,0.7865356206893921,0.47522443532943726,0.7740492224693298,0.46745917201042175,0.7647912502288818,0.45009586215019226,0.7491356134414673,0.4446980953216553,0.7418695688247681,0.4278257489204407,0.7330573201179504,0.41762790083885193,0.7206743359565735,0.41452065110206604,0.7158874273300171,0.4004543721675873,0.7048317790031433,0.39708971977233887,0.6938135027885437
cnn glorious-wood-80,cnn,92,24,0.5408163070678711,8.38121741253417e-06,1.008505940437317,0.9999710321426392,1.0075374841690063,0.9999009966850281,1.0076675415039062,0.9997967481613159,1.0081079006195068,0.999742865562439,1.0090651512145996,0.9995747208595276,1.015561819076538,0.9994775056838989,1.0116100311279297,0.999179482460022,1.0140783786773682,0.9988168478012085,1.0182881355285645,0.9986816048622131,1.0227936506271362,0.9984057545661926,1.0189942121505737,0.9978892207145691,1.0305308103561401,0.9975552558898926,1.0273017883300781,0.9973180294036865,1.0289890766143799,0.9964377880096436,1.0310686826705933,0.9956844449043274,1.028478980064392,0.9951019883155823,1.0313124656677246,0.9944003820419312,1.025858998298645,0.9935083985328674,1.026618242263794,0.9928538203239441,1.025124430656433,0.991656482219696,1.0175532102584839,0.9902710318565369,1.0196022987365723,0.9891942739486694,1.0142515897750854,0.9879003167152405,1.016728401184082,0.9856628179550171,1.0001453161239624,0.9843201041221619,1.0030102729797363,0.9825615882873535,0.9994084239006042,0.9813711643218994,0.9913125038146973,0.9794411659240723,0.9833683371543884,0.9766443371772766,0.9781813025474548,0.9745338559150696,0.9666091799736023,0.9720340371131897,0.9622525572776794,0.969659149646759,0.9582418203353882,0.9656838774681091,0.9502044320106506,0.9628681540489197,0.9403820633888245,0.9606249928474426,0.930264949798584,0.9586314558982849,0.9246527552604675,0.9546935558319092,0.9142968654632568,0.9509496688842773,0.9092034697532654,0.9480978846549988,0.9015672206878662,0.944976806640625,0.9027770161628723,0.941943883895874,0.8888593316078186,0.9367625713348389,0.8788191676139832,0.9314139485359192,0.8674574494361877,0.930046558380127,0.8590022921562195,0.9253531694412231,0.8526921272277832,0.919514000415802,0.8511994481086731,0.9169091582298279,0.8421071767807007,0.9113377928733826,0.8356522917747498,0.9079030752182007,0.827440083026886,0.9032387733459473,0.8200953602790833,0.8981683850288391,0.812188982963562,0.8947991728782654,0.8042128086090088,0.8894808292388916,0.8066286444664001,0.8857897520065308,0.7923362851142883,0.8789408206939697,0.785098671913147,0.8738823533058167,0.7771576046943665,0.8688268065452576,0.7742809057235718,0.8615826964378357,0.7576786875724792,0.8583125472068787,0.7550212740898132,0.8524916172027588,0.7516465783119202,0.8474390506744385,0.7448855638504028,0.843583345413208,0.7423385381698608,0.8385611176490784
cnn glorious-wood-80,cnn,92,37,0.7795918583869934,1.3978151400806382e-05,1.0097627639770508,0.9999860525131226,1.0079060792922974,0.999943196773529,1.007249355316162,0.9998939633369446,1.009002685546875,0.9998502135276794,1.0094130039215088,0.9997525811195374,1.018564224243164,0.9996499419212341,1.0136749744415283,0.9995468258857727,1.016734004020691,0.9992941617965698,1.021976351737976,0.9991310238838196,1.0264877080917358,0.9987987279891968,1.0253326892852783,0.9985328316688538,1.0384105443954468,0.9981794357299805,1.0341359376907349,0.9979957342147827,1.0424718856811523,0.9972419738769531,1.0400115251541138,0.9964750409126282,1.0391974449157715,0.9962875247001648,1.048427700996399,0.9954740405082703,1.0427746772766113,0.9946232438087463,1.043994665145874,0.9937645792961121,1.0419498682022095,0.9927620887756348,1.0392951965332031,0.9917809367179871,1.0425989627838135,0.9906663298606873,1.0401116609573364,0.9893977642059326,1.0447266101837158,0.9873889088630676,1.0319712162017822,0.9864353537559509,1.0343663692474365,0.9844674468040466,1.0320688486099243,0.9834373593330383,1.0271592140197754,0.9820241332054138,1.0226426124572754,0.9800084233283997,1.0168969631195068,0.9774861335754395,1.0117976665496826,0.9757675528526306,1.005644679069519,0.973243236541748,1.0029233694076538,0.9705312252044678,1.0006234645843506,0.9675185680389404,0.9901424646377563,0.9659990668296814,0.9887364506721497,0.964003324508667,0.9770336151123047,0.9595687985420227,0.9727621674537659,0.9581443071365356,0.968450129032135,0.9557453393936157,0.9516109824180603,0.9521349668502808,0.9604164361953735,0.9495986700057983,0.9511653184890747,0.9466331601142883,0.9392052292823792,0.9410275816917419,0.9290075898170471,0.9377650022506714,0.9214212894439697,0.9346544146537781,0.9241461157798767,0.9300781488418579,0.9125024080276489,0.9267849922180176,0.9043266177177429,0.9229178428649902,0.8980935215950012,0.9195440411567688,0.8874393701553345,0.9146606922149658,0.8748770952224731,0.9110118746757507,0.8698892593383789,0.9062932133674622,0.8581297397613525,0.904035747051239,0.8544799089431763,0.896673858165741,0.8502180576324463,0.8927541971206665,0.8407789468765259,0.8899149298667908,0.830873966217041,0.8825525641441345,0.8309499621391296,0.8786329627037048,0.8285895586013794,0.8733468651771545,0.8098137974739075,0.8690282106399536,0.8173713088035583,0.8609181046485901,0.8067880868911743,0.8571857810020447,0.7920783758163452,0.8528231978416443
cnn glorious-wood-80,cnn,92,49,1.0,1.867195896920748e-05,1.0103418827056885,0.9999892115592957,1.0076534748077393,0.9999473690986633,1.0060323476791382,0.9999011158943176,1.0087924003601074,0.9998215436935425,1.0085108280181885,0.9997245669364929,1.0183629989624023,0.9995079636573792,1.0120450258255005,0.9994155764579773,1.0157469511032104,0.999080240726471,1.0205763578414917,0.9988102912902832,1.022608757019043,0.9982149600982666,1.024685025215149,0.9978633522987366,1.0362855195999146,0.9972648024559021,1.0286228656768799,0.996978223323822,1.041975736618042,0.9959303736686707,1.0370593070983887,0.9947876930236816,1.0348550081253052,0.9942717552185059,1.046406865119934,0.9932072162628174,1.0408004522323608,0.9921579957008362,1.0395784378051758,0.9904083013534546,1.0403517484664917,0.9890966415405273,1.0348316431045532,0.9876711964607239,1.0366058349609375,0.9865403175354004,1.0315684080123901,0.9847959876060486,1.0355600118637085,0.9823595881462097,1.0275851488113403,0.97989821434021,1.0268059968948364,0.9772414565086365,1.0244404077529907,0.9762846231460571,1.0198898315429688,0.974274218082428,1.0141993761062622,0.9715015292167664,1.0099397897720337,0.968370795249939,1.0036896467208862,0.9659282565116882,0.9952753782272339,0.9623600840568542,0.9929572939872742,0.9597234129905701,0.9895190596580505,0.9553741812705994,0.9788113236427307,0.9531263709068298,0.9825220108032227,0.9502760171890259,0.9709226489067078,0.9440893530845642,0.9543696641921997,0.9428116083145142,0.9525246620178223,0.9399048686027527,0.9439823627471924,0.9347638487815857,0.9385690689086914,0.9306250214576721,0.9305534958839417,0.9285497069358826,0.9148789048194885,0.9228560924530029,0.9048749804496765,0.9163928031921387,0.8994655013084412,0.9149796366691589,0.8956530094146729,0.9110965728759766,0.8889357447624207,0.903497576713562,0.8760236501693726,0.8976197242736816,0.8658950924873352,0.8927034735679626,0.8654552698135376,0.8888643980026245,0.8508608937263489,0.8819110989570618,0.8487970232963562,0.8753682374954224,0.8309513330459595,0.8727169632911682,0.8253462314605713,0.8632990121841431,0.8149654269218445,0.8596951961517334,0.7975134253501892,0.8541339039802551,0.7936160564422607,0.8467319011688232,0.7941592931747437,0.840858519077301,0.7833109498023987,0.8351567983627319,0.7745659351348877,0.8290554285049438,0.7758800983428955,0.8216878175735474,0.7640412449836731,0.8166137933731079,0.754794180393219,0.8093588352203369
cnn glorious-wood-80,cnn,93,0,0.10000000149011612,4.4951013933314243e-07,1.0000040531158447,0.9998576641082764,0.9992029070854187,0.9997033476829529,0.9985002279281616,0.9993232488632202,0.9975544810295105,0.9987577199935913,0.9963087439537048,0.9979453086853027,0.9941571354866028,0.9972168207168579,0.9927945733070374,0.99619460105896,0.9900428056716919,0.9955617189407349,0.9877777695655823,0.9939610362052917,0.9849523305892944,0.9924150705337524,0.9805981516838074,0.9907626509666443,0.9773514866828918,0.9894620180130005,0.9733325839042664,0.9867684245109558,0.9690379500389099,0.9849608540534973,0.963510274887085,0.9830799698829651,0.9576486945152283,0.979386031627655,0.9507233500480652,0.9784056544303894,0.9436558485031128,0.9755606055259705,0.9361804127693176,0.9727678298950195,0.9283679723739624,0.9689367413520813,0.9183140397071838,0.9672163128852844,0.9096688628196716,0.9619811177253723,0.8998260498046875,0.9591739177703857,0.8899349570274353,0.9554466009140015,0.8780701160430908,0.9503921866416931,0.8651961088180542,0.946323037147522,0.8525638580322266,0.9429744482040405,0.8436597585678101,0.937993049621582,0.8250343203544617,0.9343092441558838,0.8125935196876526,0.9265297055244446,0.8022441267967224,0.9224901795387268,0.7832677960395813,0.9172857403755188,0.7650659680366516,0.9106534719467163,0.75053870677948,0.9041156768798828,0.7278512716293335,0.8965929746627808,0.7184628248214722,0.8900200724601746,0.6966958045959473,0.8831278681755066,0.6791061162948608,0.8765507340431213,0.6607816815376282,0.865993082523346,0.6427570581436157,0.859555721282959,0.6280925273895264,0.8491623401641846,0.6034831404685974,0.8394410610198975,0.5888867974281311,0.8335525393486023,0.5684406161308289,0.8202112317085266,0.5491538047790527,0.8102385401725769,0.5316252112388611,0.7959632277488708,0.5144055485725403,0.7864066362380981,0.4954281151294708,0.7687264084815979,0.478533536195755,0.7577807307243347,0.45398637652397156,0.7396700382232666,0.44083231687545776,0.7256690263748169,0.42250531911849976,0.7123068571090698,0.40371981263160706,0.6991480588912964,0.38916799426078796,0.672863245010376,0.3702227771282196,0.6560204029083252,0.355472207069397,0.6362383365631104,0.3400053381919861,0.6194214820861816,0.32421964406967163,0.5991812944412231,0.30601298809051514,0.5872319936752319,0.2932835519313812,0.5554172396659851,0.28221994638442993,0.538322925567627,0.2668165862560272,0.5142649412155151,0.2549362778663635,0.5007022619247437
cnn glorious-wood-80,cnn,93,12,0.3204081654548645,3.573622734620585e-06,1.0044503211975098,0.9999325275421143,1.0025522708892822,0.9998568892478943,1.0051151514053345,0.99968421459198,1.004892110824585,0.9994609355926514,1.006655216217041,0.9990968108177185,1.0033607482910156,0.9987110495567322,1.0060070753097534,0.9982046484947205,1.0026593208312988,0.9980831742286682,1.002750039100647,0.9973102807998657,1.0038292407989502,0.996703028678894,0.9979221820831299,0.9959128499031067,1.0005165338516235,0.9951351881027222,0.9950066208839417,0.9940276741981506,0.9964250326156616,0.9929352402687073,0.9896644353866577,0.9920360445976257,0.9866242408752441,0.9901533126831055,0.9802478551864624,0.9894675612449646,0.9698521494865417,0.9875270128250122,0.962239682674408,0.9864846467971802,0.9569840431213379,0.9839569926261902,0.9465383291244507,0.9825992584228516,0.9345208406448364,0.9801949858665466,0.9279187917709351,0.9779273867607117,0.9153741002082825,0.975551426410675,0.90479975938797,0.97184818983078,0.8946082592010498,0.9688723683357239,0.8785436153411865,0.9667472839355469,0.8636716604232788,0.9619776606559753,0.8493713140487671,0.9591232538223267,0.8286578059196472,0.9545884132385254,0.8193678855895996,0.9507728219032288,0.8029767274856567,0.947661817073822,0.7866582870483398,0.942314863204956,0.7749642133712769,0.937276303768158,0.7556456923484802,0.9318243861198425,0.7370362877845764,0.9264561533927917,0.7225793600082397,0.9218058586120605,0.7093451023101807,0.9163779020309448,0.693952739238739,0.9081705808639526,0.67716383934021,0.901856541633606,0.6677117347717285,0.8954129815101624,0.6474352478981018,0.891086995601654,0.630434513092041,0.8838377594947815,0.6125102639198303,0.8746265769004822,0.6012760400772095,0.8668155670166016,0.5872754454612732,0.8577653169631958,0.5762648582458496,0.8520995378494263,0.5631954073905945,0.8443565368652344,0.5462089776992798,0.8358259797096252,0.5342514514923096,0.8240681290626526,0.5239400267601013,0.8169659972190857,0.5032519698143005,0.8082290291786194,0.495964378118515,0.7941277027130127,0.4855596125125885,0.7878537178039551,0.471865177154541,0.7760369181632996,0.46369674801826477,0.7665326595306396,0.4484167695045471,0.7594793438911438,0.43613383173942566,0.7427552938461304,0.4285956919193268,0.7378599047660828,0.4149197041988373,0.7230809330940247,0.40407678484916687,0.7125300765037537,0.3938068151473999,0.7006756067276001,0.39060646295547485,0.6937450766563416
cnn glorious-wood-80,cnn,93,24,0.5408163070678711,8.39701715449337e-06,1.0055509805679321,0.9999669194221497,1.003374695777893,0.9999233484268188,1.0078837871551514,0.9998456239700317,1.0082207918167114,0.999762237071991,1.0132555961608887,0.9995836019515991,1.0111255645751953,0.9994328618049622,1.0178736448287964,0.999104917049408,1.0128085613250732,0.9991050958633423,1.017899513244629,0.9987429976463318,1.0222465991973877,0.9984838962554932,1.0183120965957642,0.9981741905212402,1.024994134902954,0.9976537823677063,1.0239320993423462,0.9970418214797974,1.0312999486923218,0.9966265559196472,1.0259357690811157,0.9962016344070435,1.029558777809143,0.9952292442321777,1.0286405086517334,0.9945514798164368,1.0243985652923584,0.9934187531471252,1.0216461420059204,0.9927689433097839,1.0249052047729492,0.991313636302948,1.0204548835754395,0.9902184009552002,1.0226565599441528,0.988592267036438,1.0090482234954834,0.9874460697174072,1.0099867582321167,0.9863393902778625,1.0017961263656616,0.9845419526100159,0.9967313408851624,0.9831410646438599,0.990696907043457,0.9809395670890808,0.9859220385551453,0.9782716035842896,0.9791523814201355,0.97618168592453,0.9684903025627136,0.9738880395889282,0.9639599919319153,0.971130907535553,0.9465738534927368,0.9693058133125305,0.9411812424659729,0.9651599526405334,0.9414595365524292,0.963947057723999,0.9351800680160522,0.9603045582771301,0.9192444086074829,0.956375777721405,0.9166836738586426,0.9531192779541016,0.9072086811065674,0.9501656293869019,0.8986722826957703,0.9477289915084839,0.8896899819374084,0.942764401435852,0.8949592709541321,0.9388958811759949,0.8847391605377197,0.935081422328949,0.8693085312843323,0.932742714881897,0.8598557114601135,0.92791348695755,0.8563404083251953,0.9241646528244019,0.8518921732902527,0.919929027557373,0.8385132551193237,0.913501501083374,0.8286861181259155,0.9106858968734741,0.8233087062835693,0.9057214260101318,0.8072285056114197,0.9006478190422058,0.8058434128761292,0.8976581692695618,0.8004907369613647,0.8930505514144897,0.7890436053276062,0.8865991830825806,0.7779679894447327,0.8819600939750671,0.7723476886749268,0.8717931509017944,0.7674165964126587,0.8716610074043274,0.7584076523780823,0.8642919659614563,0.7463346719741821,0.8598445057868958,0.7423016428947449,0.8539875149726868,0.7293539643287659,0.8463760018348694,0.7275074124336243,0.8452553749084473,0.7107028365135193,0.8386053442955017,0.7124605178833008,0.8334370255470276
cnn glorious-wood-80,cnn,93,37,0.7795918583869934,1.409912874805741e-05,1.0052310228347778,0.9999832510948181,1.002901315689087,0.9999446868896484,1.008060097694397,0.9999082684516907,1.0073256492614746,0.9998279809951782,1.0157078504562378,0.9996913075447083,1.0149379968643188,0.9996326565742493,1.0223714113235474,0.999321699142456,1.0149710178375244,0.9992423057556152,1.0223586559295654,0.9988373517990112,1.0298256874084473,0.9984831213951111,1.0236324071884155,0.9982061386108398,1.027853012084961,0.9975088834762573,1.0292032957077026,0.9966728687286377,1.0396499633789062,0.996555507183075,1.0341261625289917,0.9956483840942383,1.0416258573532104,0.9947811365127563,1.0378193855285645,0.9936026930809021,1.036199927330017,0.9924088716506958,1.032230257987976,0.9912195801734924,1.0462566614151,0.9901352524757385,1.0426690578460693,0.9884546995162964,1.048202395439148,0.986992597579956,1.0341973304748535,0.9850056767463684,1.0376083850860596,0.9832020998001099,1.0344544649124146,0.9816306829452515,1.0246785879135132,0.9794473052024841,1.031302571296692,0.9766128659248352,1.0131319761276245,0.9757828712463379,1.0152472257614136,0.971403181552887,1.0104551315307617,0.969171941280365,0.9943216443061829,0.9671956300735474,0.9849837422370911,0.9638998508453369,0.9870200157165527,0.9608742594718933,0.9771671891212463,0.9587841033935547,0.9761654734611511,0.9558072686195374,0.9592431783676147,0.9523372650146484,0.9483186602592468,0.9487221240997314,0.9429503083229065,0.9449379444122314,0.938262939453125,0.9413649439811707,0.9323177933692932,0.9373542666435242,0.931341290473938,0.9324173927307129,0.9229984879493713,0.9292310476303101,0.9140634536743164,0.9265559911727905,0.9032117128372192,0.9222878217697144,0.8984017372131348,0.9172547459602356,0.8834143280982971,0.9130670428276062,0.8776885867118835,0.9087153077125549,0.8771752715110779,0.9040988087654114,0.8626031875610352,0.897813618183136,0.8638828992843628,0.894929051399231,0.8490922451019287,0.8890699148178101,0.8458624482154846,0.8822728395462036,0.8298476934432983,0.87798011302948,0.8224837183952332,0.8748697638511658,0.8159940838813782,0.8672940135002136,0.8108564615249634,0.8653470277786255,0.8004044890403748,0.8580504059791565,0.791305422782898,0.8525117635726929,0.7870709896087646,0.8462799787521362,0.7758887410163879,0.8419795632362366,0.7759824395179749,0.8369963765144348,0.7651939392089844,0.8298348188400269,0.7550730109214783,0.8249176144599915
cnn glorious-wood-80,cnn,93,49,1.0,1.9013012206414714e-05,1.0046602487564087,0.99998539686203,1.0021390914916992,0.9999297261238098,1.007339358329773,0.999885618686676,1.0051337480545044,0.999717116355896,1.015493631362915,0.9995269179344177,1.0161162614822388,0.999364972114563,1.0224430561065674,0.9988927841186523,1.0142567157745361,0.9986339807510376,1.0216587781906128,0.9978321194648743,1.0311763286590576,0.9971006512641907,1.0241272449493408,0.9963904023170471,1.0248234272003174,0.9952254295349121,1.0250213146209717,0.993740975856781,1.037859320640564,0.9932423830032349,1.032486915588379,0.9913253784179688,1.0385518074035645,0.9900323152542114,1.0353224277496338,0.9878202080726624,1.0295047760009766,0.9858293533325195,1.0253397226333618,0.9833289384841919,1.0408023595809937,0.9818416833877563,1.0411229133605957,0.9790221452713013,1.0406479835510254,0.9767745137214661,1.0298709869384766,0.9737747311592102,1.0270066261291504,0.9712710976600647,1.0320336818695068,0.9686629176139832,1.0214719772338867,0.9648709893226624,1.0312755107879639,0.961491048336029,1.014639139175415,0.9590779542922974,1.013800024986267,0.9537294507026672,1.0086930990219116,0.9497712254524231,1.0026452541351318,0.9467673301696777,0.9918108582496643,0.9409156441688538,0.9918469786643982,0.9393115043640137,0.9833983182907104,0.932757556438446,0.9850518107414246,0.9290730953216553,0.9657949805259705,0.9249216914176941,0.9577727913856506,0.9210261702537537,0.9450381398200989,0.9160767197608948,0.9452850818634033,0.9109846949577332,0.9378878474235535,0.9058812260627747,0.9275524616241455,0.8966938257217407,0.9184265732765198,0.8932057023048401,0.9055372476577759,0.8886216878890991,0.9122064709663391,0.8829637169837952,0.8937768936157227,0.8791212439537048,0.8786768913269043,0.8717827200889587,0.8758937120437622,0.8688422441482544,0.875747561454773,0.8628260493278503,0.8494879007339478,0.8592279553413391,0.8553042411804199,0.8521527051925659,0.8375914096832275,0.8480634093284607,0.8327465057373047,0.8368526101112366,0.8221179246902466,0.8307721614837646,0.815120279788971,0.825654149055481,0.8132849931716919,0.8191314339637756,0.7948248386383057,0.8157781958580017,0.8097947239875793,0.8074916005134583,0.7982419729232788,0.8020076155662537,0.7897873520851135,0.7928290367126465,0.7715944051742554,0.786130964756012,0.7761963605880737,0.7818098068237305,0.7715305089950562,0.7768905162811279,0.7604297995567322,0.7713263034820557
cnn glorious-wood-80,cnn,94,0,0.10000000149011612,4.482032522901136e-07,0.9999514222145081,0.9998353719711304,0.9992414116859436,0.9995859265327454,0.9984834790229797,0.9993691444396973,0.9979345798492432,0.9986332058906555,0.9962798953056335,0.9982317686080933,0.9947164058685303,0.997071385383606,0.9927276968955994,0.9963644742965698,0.9901242852210999,0.9952677488327026,0.9873432517051697,0.9942417144775391,0.9851269721984863,0.9927190542221069,0.980959951877594,0.9907020330429077,0.9773746728897095,0.9895217418670654,0.971621572971344,0.9869673848152161,0.9675470590591431,0.9851757884025574,0.9634649753570557,0.9835314750671387,0.958518385887146,0.9799726605415344,0.951332688331604,0.9783841371536255,0.9427655935287476,0.9750657677650452,0.9374642372131348,0.9718286991119385,0.9278993010520935,0.9689119458198547,0.9217805862426758,0.9658105969429016,0.9113247990608215,0.9622206687927246,0.8989582061767578,0.959244966506958,0.8899689316749573,0.9563844799995422,0.8792315721511841,0.9515741467475891,0.8684971928596497,0.947734534740448,0.8547490239143372,0.944641649723053,0.840746283531189,0.9375502467155457,0.8304155468940735,0.9332581162452698,0.8156941533088684,0.9273579716682434,0.8006281852722168,0.9239701628684998,0.782867968082428,0.9177455902099609,0.7704312205314636,0.9118610620498657,0.7506904006004333,0.9041196703910828,0.7357244491577148,0.8972090482711792,0.7226236462593079,0.8907163739204407,0.7027265429496765,0.8850389719009399,0.6813524961471558,0.8732760548591614,0.667838990688324,0.8680815100669861,0.6445860862731934,0.860040009021759,0.6319535970687866,0.8495140075683594,0.611945629119873,0.8428024053573608,0.5920329093933105,0.8319182395935059,0.5701899528503418,0.8200535178184509,0.5531236529350281,0.8089136481285095,0.5339752435684204,0.7939884066581726,0.5221964716911316,0.785817563533783,0.504269540309906,0.7700893878936768,0.48134592175483704,0.7621986269950867,0.46361738443374634,0.7418286800384521,0.43792980909347534,0.7243130803108215,0.4273916482925415,0.7099916338920593,0.4081501364707947,0.695700466632843,0.3966517448425293,0.6698704361915588,0.37647026777267456,0.6573891043663025,0.35861068964004517,0.6375218629837036,0.3431265950202942,0.6197401881217957,0.3290718197822571,0.6004570126533508,0.31142300367355347,0.5770319104194641,0.2947152256965637,0.5553017258644104,0.28909581899642944,0.5395486354827881,0.2739720642566681,0.5219063758850098,0.2632293999195099,0.49858036637306213
cnn glorious-wood-80,cnn,94,12,0.3204081654548645,3.543213551893132e-06,1.005387783050537,0.9999186396598816,1.0055781602859497,0.999826192855835,1.0031737089157104,0.9997256398200989,1.0053379535675049,0.9993981122970581,1.0061227083206177,0.9992609620094299,1.0042576789855957,0.998680830001831,1.0054224729537964,0.9983920454978943,1.0034865140914917,0.9979448914527893,1.0050345659255981,0.997448205947876,1.00154709815979,0.9966497421264648,1.0031737089157104,0.9959815144538879,1.0009642839431763,0.9950612187385559,0.9968292117118835,0.9941513538360596,0.9917783737182617,0.9931598901748657,0.9922252297401428,0.9923231601715088,0.9858430624008179,0.9907553195953369,0.9836766123771667,0.9897270798683167,0.9716219305992126,0.9879986047744751,0.9665250778198242,0.986096203327179,0.9609745144844055,0.9846078157424927,0.9511477947235107,0.9827272891998291,0.9391393661499023,0.9801933765411377,0.9346247911453247,0.9780165553092957,0.9214961528778076,0.9758365750312805,0.9084951281547546,0.9730249047279358,0.8992829918861389,0.9696819186210632,0.8850248456001282,0.9663363099098206,0.8695172667503357,0.9628700017929077,0.8545615077018738,0.9591497182846069,0.8397551774978638,0.9563319683074951,0.8278998136520386,0.9520981311798096,0.8090708255767822,0.9480345249176025,0.7954702377319336,0.9423807859420776,0.7802245020866394,0.9379388093948364,0.7619672417640686,0.933525800704956,0.7522510886192322,0.9290095567703247,0.7308897376060486,0.9217092990875244,0.7177761197090149,0.9163437485694885,0.6974103450775146,0.9102345705032349,0.6844302415847778,0.9035042524337769,0.6719188690185547,0.8986431360244751,0.6549428105354309,0.8896578550338745,0.6431101560592651,0.8834697604179382,0.6273331642150879,0.8751764893531799,0.6118564009666443,0.8697272539138794,0.5968531370162964,0.8601815700531006,0.5845465660095215,0.8517128825187683,0.5782980918884277,0.8462117910385132,0.5566059947013855,0.8360243439674377,0.5402976274490356,0.8252092599868774,0.5273991823196411,0.8170570731163025,0.5135640501976013,0.807277500629425,0.5013853907585144,0.799525797367096,0.49139830470085144,0.7904282212257385,0.4764922559261322,0.7785946726799011,0.4637966454029083,0.7712296843528748,0.4515300691127777,0.7573350667953491,0.445464551448822,0.7496841549873352,0.4311871826648712,0.7361481189727783,0.4245554506778717,0.7269394993782043,0.4125513434410095,0.7145156264305115,0.40456634759902954,0.7035634517669678,0.39520713686943054,0.6959168314933777
cnn glorious-wood-80,cnn,94,24,0.5408163070678711,8.301443813252263e-06,1.0077615976333618,0.9999613165855408,1.008416771888733,0.9999291300773621,1.0057965517044067,0.999869167804718,1.008947730064392,0.9997429847717285,1.0134477615356445,0.9996859431266785,1.0125532150268555,0.9994190335273743,1.0152950286865234,0.9992688298225403,1.0148221254348755,0.9990542531013489,1.0219744443893433,0.9988192915916443,1.0190304517745972,0.9983426332473755,1.0256752967834473,0.9980654716491699,1.028732419013977,0.997527003288269,1.0293244123458862,0.997205913066864,1.0270355939865112,0.9966238737106323,1.0276063680648804,0.9960674047470093,1.0270668268203735,0.9955506920814514,1.028530240058899,0.9949160218238831,1.0251367092132568,0.9937203526496887,1.0275853872299194,0.9928690195083618,1.0241938829421997,0.9920851588249207,1.0181734561920166,0.9907124638557434,1.0202488899230957,0.9895241856575012,1.0183016061782837,0.987919270992279,1.0133200883865356,0.9866205453872681,1.0066947937011719,0.9850767850875854,1.0001461505889893,0.9829979538917542,0.99744713306427,0.9809707999229431,0.995109498500824,0.9786106944084167,0.9805371165275574,0.9769251942634583,0.9778662323951721,0.9742046594619751,0.9711306691169739,0.972108781337738,0.9697068333625793,0.9697921276092529,0.9578148722648621,0.9664115905761719,0.9464467763900757,0.964025616645813,0.9395551681518555,0.9608371257781982,0.9295498132705688,0.958432137966156,0.9281908273696899,0.9540504813194275,0.9165467619895935,0.9514116644859314,0.9116261601448059,0.9481200575828552,0.9048163890838623,0.9444936513900757,0.8941381573677063,0.9409631490707397,0.8921461701393127,0.9361007213592529,0.8741721510887146,0.9321664571762085,0.8831427097320557,0.9281341433525085,0.860447347164154,0.9242337942123413,0.8645320534706116,0.9188786149024963,0.8499611616134644,0.9141308665275574,0.8443315029144287,0.9104507565498352,0.834212064743042,0.9043710827827454,0.8301735520362854,0.9002008438110352,0.8239685297012329,0.8965069651603699,0.8145778179168701,0.8904743194580078,0.8065541386604309,0.8868961334228516,0.7980592846870422,0.8797180652618408,0.7909058928489685,0.8762232065200806,0.7870897054672241,0.8711696863174438,0.7813672423362732,0.8657556772232056,0.7665693759918213,0.8602892160415649,0.7583422660827637,0.8572566509246826,0.7502187490463257,0.8525933623313904,0.7474252581596375,0.8464348316192627,0.7382779121398926,0.8425014019012451,0.7327364683151245,0.8392073512077332
cnn glorious-wood-80,cnn,94,37,0.7795918583869934,1.3890095942770131e-05,1.0086936950683594,0.9999843239784241,1.0092175006866455,0.9999610781669617,1.006700873374939,0.9999143481254578,1.0091134309768677,0.9998493790626526,1.0167713165283203,0.9997978806495667,1.0158904790878296,0.9996519684791565,1.0181427001953125,0.9994960427284241,1.0185431241989136,0.9992575645446777,1.0278635025024414,0.9990828037261963,1.0221915245056152,0.9984915256500244,1.0340542793273926,0.9981791377067566,1.0382744073867798,0.9976970553398132,1.0375043153762817,0.9973299503326416,1.0363749265670776,0.9968314170837402,1.0431612730026245,0.9959533214569092,1.035947322845459,0.9955480098724365,1.0343340635299683,0.9946921467781067,1.041841983795166,0.993431031703949,1.0387674570083618,0.9926342964172363,1.0370638370513916,0.9917107224464417,1.0380679368972778,0.990233838558197,1.0406821966171265,0.9885281920433044,1.0345078706741333,0.9870377779006958,1.0325878858566284,0.9855486750602722,1.0364784002304077,0.9841276407241821,1.0251814126968384,0.9825459122657776,1.020180344581604,0.9799380302429199,1.0236854553222656,0.9786194562911987,1.0101213455200195,0.9765715599060059,1.004305124282837,0.9732284545898438,1.0068395137786865,0.9709691405296326,1.0015895366668701,0.9685559272766113,0.9872761368751526,0.9665080308914185,0.9868097305297852,0.9637330770492554,0.978492796421051,0.9604882001876831,0.9756950736045837,0.9575032591819763,0.96761554479599,0.9538205862045288,0.9551854133605957,0.950772225856781,0.9441413283348083,0.9463633298873901,0.9509390592575073,0.9436439275741577,0.9289162755012512,0.9404813647270203,0.9275875687599182,0.9363409876823425,0.9143643379211426,0.9336771368980408,0.9137346148490906,0.9285417199134827,0.9045301675796509,0.9247166514396667,0.8901828527450562,0.9219779372215271,0.8856666088104248,0.9183722734451294,0.8709996342658997,0.9126049280166626,0.8699184656143188,0.9077340960502625,0.8567787408828735,0.901794970035553,0.8467205166816711,0.8975003957748413,0.8380364179611206,0.8932856917381287,0.8232579827308655,0.8893578052520752,0.8192077875137329,0.8821998238563538,0.8154675960540771,0.8765448331832886,0.813487708568573,0.8732088804244995,0.8029739260673523,0.8671435117721558,0.8038221597671509,0.8647878170013428,0.7924724221229553,0.8589175343513489,0.7858653664588928,0.8534849882125854,0.7799306511878967,0.8500012159347534,0.7647017240524292,0.8437666893005371,0.7656086087226868,0.8384871482849121
cnn glorious-wood-80,cnn,94,49,1.0,1.8616903616930358e-05,1.0089678764343262,0.9999893307685852,1.0089659690856934,0.9999437928199768,1.006856083869934,0.9998916983604431,1.0080857276916504,0.9997801184654236,1.0180659294128418,0.9996868968009949,1.0166102647781372,0.9994490146636963,1.0180556774139404,0.9991703033447266,1.0184354782104492,0.9987442493438721,1.0287011861801147,0.998473048210144,1.0205508470535278,0.9974789023399353,1.0345124006271362,0.9968932867050171,1.0395101308822632,0.996098518371582,1.0366880893707275,0.9952559471130371,1.033928394317627,0.9944818615913391,1.0483752489089966,0.9930530786514282,1.0328141450881958,0.9920114874839783,1.0301753282546997,0.9904830455780029,1.0407921075820923,0.988694429397583,1.0360443592071533,0.987250030040741,1.0346094369888306,0.9851569533348083,1.034980297088623,0.9837211966514587,1.038147211074829,0.9806606769561768,1.033743143081665,0.9786546230316162,1.0274271965026855,0.9759515523910522,1.033469319343567,0.9738363027572632,1.0199878215789795,0.9710136651992798,1.013930320739746,0.9682049751281738,1.0217576026916504,0.9669739007949829,1.0024843215942383,0.9636639356613159,0.9963909387588501,0.9590510129928589,0.9985764622688293,0.9571623802185059,0.993785560131073,0.952340841293335,0.9820742011070251,0.9495773315429688,0.9731393456459045,0.9472572207450867,0.9668608903884888,0.942520260810852,0.9679883718490601,0.9402871131896973,0.9559490084648132,0.933872401714325,0.9492753744125366,0.9303629398345947,0.9401702880859375,0.9254818558692932,0.942390501499176,0.9208102226257324,0.9344640970230103,0.9183018803596497,0.9160703420639038,0.9128822088241577,0.9180626273155212,0.9094694256782532,0.91682368516922,0.9038711190223694,0.9106383323669434,0.8992467522621155,0.8941653370857239,0.8946404457092285,0.8867148160934448,0.89263516664505,0.8811634182929993,0.8845567107200623,0.8762301802635193,0.879082441329956,0.8613234758377075,0.8744044303894043,0.845431923866272,0.8690197467803955,0.8360293507575989,0.8637226819992065,0.8337361216545105,0.8578253984451294,0.8145354986190796,0.8489860892295837,0.8149240612983704,0.8438905477523804,0.8004609942436218,0.8376204967498779,0.7966316342353821,0.8313952088356018,0.7886790633201599,0.8267457485198975,0.7841976284980774,0.8223528265953064,0.780255913734436,0.8152514100074768,0.7738999724388123,0.8104496598243713,0.7691776156425476,0.7999358177185059,0.7648158073425293,0.7976272106170654
